year,weight,name,team,bouts,wins,expected_wins,seed,wpa_total,wpa_choice,wpa_clock,wpa_end_of_regulation,wpa_other,wpa_overtime,wpa_position,wpa_riding_time,wpa_scoring,wpa_terminal,wpa_pos_bottom,wpa_pos_break,wpa_pos_neutral,wpa_pos_ot,wpa_pos_top,wpa_scoring_own,wpa_scoring_opponent,wins_minus_expected
2015,125,Alan Waters,Missouri,6,5,5.5231,1.0000,-0.5231,0.1059,-0.7046,0.0000,0.0000,0.0000,0.0000,0.0120,0.0636,0.0000,0.1097,0.1059,-1.2678,0.0000,0.5290,1.3822,-1.3186,-0.5231
2015,125,Ares Carpio,Arizona St.,2,0,0.7894,21.0000,-0.7894,-0.0263,-0.2233,0.0000,0.0000,0.0000,0.0000,-0.0049,-0.5350,0.0000,-0.2988,-0.0263,-0.4518,0.0000,-0.0125,0.4750,-1.0100,-0.7894
2015,125,Ben Willeford,Cleveland St.,3,1,1.4312,13.0000,-0.4312,-0.0195,-0.4081,0.0000,0.0000,0.0000,0.0000,-0.0000,-0.0036,0.0000,0.0906,-0.0195,-0.4111,0.0000,-0.0913,1.3218,-1.3254,-0.4312
2015,125,Brandon Jeske,Old Dominion,3,1,0.5930,32.0000,0.4070,0.0308,0.9439,0.0000,0.0000,0.0000,0.0000,-0.0025,-0.5651,0.0000,0.2799,0.0308,0.2370,0.0000,-0.1408,0.9548,-1.5200,0.4070
2015,125,Chasen Tolbert,Utah Valley,2,0,1.2922,15.0000,-1.2922,0.0006,-0.4130,0.0000,0.0000,0.0000,0.0000,-0.0185,-0.8613,0.0000,-0.6556,0.0006,-0.7683,0.0000,0.1310,0.2462,-1.1075,-1.2922
2015,125,Conor Youtsey,Michigan,8,5,1.7668,17.0000,3.2332,0.0171,1.6113,0.0000,0.0000,1.1774,0.0000,0.0016,0.4259,0.0000,-0.2594,0.0171,2.0466,1.1774,0.2515,3.5236,-3.0978,3.2332
2015,125,David Terao,American,4,2,1.0231,24.0000,0.9769,-0.0957,0.3720,0.0000,0.0000,0.0000,0.0000,-0.0056,0.7062,0.0000,0.2049,-0.0957,0.4899,0.0000,0.3778,1.8225,-1.1163,0.9769
2015,125,Dom Forys,Pittsburgh,2,0,0.4200,30.0000,-0.4200,0.0310,-0.0499,0.0000,0.0000,0.0000,0.0000,-0.0004,-0.4006,-0.0000,-0.0723,0.0310,-0.6257,0.0000,0.2471,0.2521,-0.6527,-0.4200
2015,125,Dominic Parisi,Appalachian St.,1,0,0.5000,,-0.5000,0.0172,-0.2628,0.0000,0.0000,0.0000,0.0000,-0.0017,-0.2528,0.0000,-0.0031,0.0172,-0.3427,0.0000,-0.1715,0.2000,-0.4528,-0.5000
2015,125,Dylan Peters,Northern Iowa,2,0,1.2431,9.0000,-1.2431,0.0489,-0.5882,0.0000,0.0000,0.0000,0.0000,-0.0005,-0.7033,0.0000,-0.7534,0.0489,-0.4714,0.0000,-0.0672,0.6604,-1.3637,-1.2431
2015,125,Eddie Klimara,Oklahoma St.,6,4,4.0985,7.0000,-0.0985,-0.0158,-1.2867,0.0000,0.0000,0.0000,0.0000,0.0024,0.9109,0.2908,-0.3025,-0.0158,-0.2691,0.0000,0.4889,2.2295,-1.3186,-0.0985
2015,125,Ethan Lizak,Minnesota,4,2,1.5788,20.0000,0.4212,-0.0130,0.7316,0.0000,0.0000,0.0000,0.0000,0.0149,-0.3123,0.0000,0.6454,-0.0130,-0.5633,0.0000,0.3522,1.4490,-1.7613,0.4212
2015,125,Evan Silver,Stanford,2,0,0.6575,27.0000,-0.6575,0.0379,0.0331,0.0000,0.0000,0.0000,0.0000,-0.0010,-0.7275,0.0000,-0.3092,0.0379,-0.2907,0.0000,-0.0955,0.3627,-1.0901,-0.6575
2015,125,Jesse Delgado,Illinois,3,1,1.2021,25.0000,-0.2021,0.0527,0.5272,0.0000,0.0000,0.0000,0.0000,0.0001,-0.2821,-0.5000,-0.0334,0.0527,-0.0208,0.0000,-0.2006,0.3316,-0.6137,-0.2021
2015,125,Joaquin Marquez,Citadel,3,1,0.9025,22.0000,0.0975,-0.0621,0.0056,0.0000,0.0000,0.0000,0.0000,0.0001,0.1539,0.0000,0.0084,-0.0621,-0.1262,0.0000,0.2774,1.8247,-1.6708,0.0975
2015,125,Joe DeAngelo,North Carolina St.,2,0,0.6116,29.0000,-0.6116,-0.0158,-0.1940,0.0000,0.0000,0.0000,0.0000,-0.0075,-0.3618,-0.0326,-0.2266,-0.0158,-0.3551,0.0000,-0.0141,0.1442,-0.5060,-0.6116
2015,125,Joey Dance,Virginia Tech,4,2,3.3986,3.0000,-1.3986,0.0260,-0.1539,0.0000,0.0000,-1.2300,0.0000,-0.0075,-0.0332,0.0000,0.3668,0.0260,-0.2434,-1.2300,-0.3179,0.7993,-0.8325,-1.3986
2015,125,Jordan Conaway,Penn St.,7,4,3.7947,11.0000,0.2053,0.0879,0.4175,0.0000,0.0000,-0.4471,0.0000,0.0098,0.1372,0.0000,0.4156,0.0879,-0.3551,-0.4471,0.5041,3.2543,-3.1171,0.2053
2015,125,Josh Martinez,Air Force,3,1,0.9200,19.0000,0.0800,0.0447,-0.0914,0.0000,0.0000,0.0000,0.0000,-0.0133,0.1401,0.0000,-0.1056,0.0447,0.6012,0.0000,-0.4603,1.3234,-1.1834,0.0800
2015,125,Joshua Rodriguez,North Dakota St.,4,2,2.0486,14.0000,-0.0486,-0.0595,0.1280,0.0000,0.0000,0.0000,0.0000,-0.0018,-0.1154,0.0000,-0.4814,-0.0595,1.1007,0.0000,-0.6085,1.9889,-2.1043,-0.0486
2015,125,Kory Mines,Edinboro,4,2,1.3619,12.0000,0.6381,-0.0091,0.3724,0.0000,0.0000,0.0000,-0.0472,-0.0018,0.3239,-0.0000,-0.3389,-0.0091,0.4787,0.0000,0.5074,1.1707,-0.8468,0.6381
2015,125,Nahshon Garrett,Cornell,8,6,7.0337,2.0000,-1.0337,-0.1120,-1.9047,0.0000,0.0000,0.0000,0.0000,0.0045,0.9834,-0.0048,-0.7893,-0.1120,-0.4795,0.0000,0.3471,2.5096,-1.5263,-1.0337
2015,125,Nathan Tomasello,Ohio St.,5,5,3.5282,4.0000,1.4718,-0.0204,0.2463,0.0000,0.0000,0.0000,-0.0040,-0.0054,1.2227,0.0326,-0.5059,-0.0204,1.6625,0.0000,0.3357,1.8812,-0.6584,1.4718
2015,125,Nick Herrmann,Virginia,4,2,1.7460,23.0000,0.2540,-0.0042,-0.0027,0.0000,0.0000,-0.5000,0.0000,0.0099,0.2509,0.5000,0.4975,-0.0042,0.2624,-0.5000,-0.0018,2.5542,-2.3033,0.2540
2015,125,Paul Petrov,Bucknell,1,0,0.6248,16.0000,-0.6248,-0.0223,-0.5451,0.0000,0.0000,0.0000,0.0000,0.0007,-0.0582,0.0000,-0.2455,-0.0223,-0.9377,0.0000,0.5806,0.7352,-0.7934,-0.6248
2015,125,Ronnie Rios,Oregon St.,4,2,1.7609,10.0000,0.2391,-0.0241,0.0042,0.0000,0.0000,0.5200,0.0000,-0.0045,-0.2565,0.0000,-0.1915,-0.0241,-0.0597,0.5200,-0.0056,0.5051,-0.7615,0.2391
2015,125,Scott Parker,Lehigh,3,1,0.9025,28.0000,0.0975,0.0390,0.2037,0.0000,0.0000,0.0000,0.0000,0.0034,-0.1487,0.0000,-0.0449,0.0390,0.0785,0.0000,0.0249,1.6312,-1.7798,0.0975
2015,125,Sean Boyle,Chattanooga,5,3,3.8003,5.0000,-0.8003,0.0294,-0.4618,0.0000,0.0000,0.0000,0.0472,0.0026,-0.1269,-0.2908,-0.3885,0.0294,-0.7213,0.0000,0.2801,2.1161,-2.2430,-0.8003
2015,125,Thomas Gilman,Iowa,6,4,3.0931,6.0000,0.9069,-0.1005,0.5792,0.0000,0.0000,0.9998,0.0000,0.0059,-0.0715,-0.5061,-0.6988,-0.1005,0.6431,0.9998,0.0632,1.9265,-1.9980,0.9069
2015,125,Tim Lambert,Nebraska,3,1,0.9156,31.0000,0.0844,0.0329,0.0313,0.0000,0.0000,0.0000,0.0000,0.0158,0.0044,0.0000,0.1690,0.0329,-0.0690,0.0000,-0.0485,1.2892,-1.2848,0.0844
2015,125,Trey Andrews,Northern Colorado,2,0,0.6799,26.0000,-0.6799,-0.0125,-0.1792,0.0000,0.0000,0.0000,0.0000,-0.0092,-0.4790,0.0000,-0.1794,-0.0125,0.2020,0.0000,-0.6900,1.0492,-1.5282,-0.6799
2015,125,Tyler Cox,Wyoming,3,1,1.8937,8.0000,-0.8937,-0.0626,-0.4026,0.0000,0.0000,-0.5200,0.0000,0.0029,0.0885,0.0000,-0.0773,-0.0626,-0.5136,-0.5200,0.2798,0.6223,-0.5338,-0.8937
2015,125,Zeke Moisey,West Virginia,5,4,0.8646,18.0000,3.1354,0.0734,1.6646,0.0000,0.0000,0.0000,0.0040,-0.0005,0.8829,0.5109,-0.3473,0.0734,1.5406,0.0000,1.8687,1.9119,-1.0290,3.1354
2015,133,A.J. Schopp,Edinboro,8,7,4.8540,9.0000,2.1460,0.2920,-0.3696,0.0000,0.0000,0.0000,-0.0066,-0.0215,0.9684,1.2834,0.5287,0.2920,-0.0314,0.0000,1.3567,2.5806,-1.6122,2.1460
2015,133,Bradley Taylor,Wisconsin,6,4,5.2998,2.0000,-1.2998,0.1132,-1.9937,0.0000,0.0000,0.2971,0.0000,-0.0530,0.3366,0.0000,-1.0832,0.1132,-0.2439,0.2971,-0.3830,1.5871,-1.2505,-1.2998
2015,133,Caleb Richardson,Penn,3,1,0.6721,24.0000,0.3279,-0.0346,0.9951,0.0000,0.0000,-0.8054,0.0000,0.0422,0.1306,0.0000,0.2014,-0.0346,1.0449,-0.8054,-0.0785,0.5343,-0.4037,0.3279
2015,133,Christopher Dardanes,Minnesota,6,4,5.5473,1.0000,-1.5473,-0.1966,-0.8193,0.0000,0.0000,0.0000,0.0000,-0.0161,-0.5152,0.0000,-0.8848,-0.1966,-0.6971,0.0000,0.2313,1.5554,-2.0706,-1.5473
2015,133,Cody Brewer,Oklahoma,5,5,1.6229,13.0000,3.3771,-0.0178,1.1247,0.0000,0.0000,0.0000,0.0000,0.0034,2.2625,0.0044,-0.4881,-0.0178,2.4230,0.0000,1.4600,3.5179,-1.2555,3.3771
2015,133,Connor Schram,Stanford,2,0,0.5313,32.0000,-0.5313,0.0491,-0.0893,0.0000,0.0000,0.0000,0.0394,0.0006,-0.5311,0.0000,0.0242,0.0491,-0.5590,0.0000,-0.0456,0.0528,-0.5840,-0.5313
2015,133,Cory Clark,Iowa,5,4,3.9329,3.0000,0.0671,-0.0107,-0.2070,0.0000,0.0000,0.0000,0.0000,0.0065,0.2782,0.0000,-0.4570,-0.0107,-0.4024,0.0000,0.9372,1.7426,-1.4644,0.0671
2015,133,Danny Sabatello,Purdue,4,2,2.3795,11.0000,-0.3795,-0.0085,-0.0446,0.0000,0.0000,0.4211,0.0000,0.0443,-0.7918,0.0000,-0.7724,-0.0085,-0.1898,0.4211,0.1701,0.3396,-1.1313,-0.3795
2015,133,Dominick Malone,Northwestern,3,1,1.1435,20.0000,-0.1435,-0.0031,0.1161,0.0000,0.0000,0.0000,0.0000,0.0022,-0.0817,-0.1770,-0.3392,-0.0031,0.2363,0.0000,-0.0375,0.8815,-0.9631,-0.1435
2015,133,Earl Hall,Iowa St.,4,2,2.4788,6.0000,-0.4788,-0.0902,-0.0987,0.0000,0.0000,0.0000,0.0000,0.0067,-0.2967,0.0000,-0.6228,-0.0902,-0.0650,0.0000,0.2992,0.8717,-1.1684,-0.4788
2015,133,Eric Montoya,Nebraska,5,3,0.9656,27.0000,2.0344,0.0524,0.9891,0.0000,0.0000,-0.2971,0.0000,0.0064,1.2836,0.0000,0.1632,0.0524,0.8936,-0.2971,1.2224,1.8191,-0.5354,2.0344
2015,133,Gary Wayne Harding,Oklahoma St.,4,2,1.5993,17.0000,0.4007,-0.0917,0.3116,0.0000,0.0000,0.0000,-0.0394,0.0030,0.2484,-0.0312,-0.1347,-0.0917,0.4513,0.0000,0.1758,0.7540,-0.5056,0.4007
2015,133,Geoffrey Alexander,Maryland,2,0,0.4262,25.0000,-0.4262,-0.0799,0.3831,0.0000,0.0000,0.0000,0.0000,0.0073,-0.7367,0.0000,0.1863,-0.0799,-0.4247,0.0000,-0.1079,0.4756,-1.2122,-0.4262
2015,133,George DiCamillo,Virginia,4,2,1.9278,12.0000,0.0722,-0.0893,0.0446,0.0000,0.0000,0.5754,0.0000,0.0052,0.1200,-0.5837,-0.8070,-0.0893,0.3828,0.5754,0.0103,1.1958,-1.0758,0.0722
2015,133,Ian Nickell,CSU Bakersfield,2,0,0.6116,,-0.6116,0.0183,-0.1389,0.0000,0.0000,0.0000,0.0000,-0.0064,-0.4846,0.0000,-0.2694,0.0183,-0.3309,0.0000,-0.0296,0.0045,-0.4891,-0.6116
2015,133,Jack Hathaway,Oregon St.,2,0,0.6348,28.0000,-0.6348,0.0023,0.0187,0.0000,0.0000,0.0000,0.0000,-0.0019,-0.6539,0.0000,0.2262,0.0023,-0.5506,0.0000,-0.3126,0.1794,-0.8333,-0.6348
2015,133,Jade Rauser,Utah Valley,3,1,0.6500,23.0000,0.3500,0.0617,0.6776,0.0000,0.0000,0.0000,0.0000,0.0001,-0.2598,-0.1295,-0.2947,0.0617,0.8172,0.0000,-0.2342,1.2350,-1.4948,0.3500
2015,133,James Gulibon,Penn St.,6,4,3.3412,7.0000,0.6588,-0.0831,0.3331,0.0000,0.0000,0.0000,0.0000,0.0035,0.9444,-0.5390,-0.3754,-0.0831,0.7283,0.0000,0.3889,3.0217,-2.0773,0.6588
2015,133,Johnni DiJulius,Ohio St.,4,2,3.4477,4.0000,-1.4477,-0.0309,-0.3761,0.0000,0.0000,0.0000,0.0000,-0.0016,-1.0391,0.0000,-0.8123,-0.0309,-0.4702,0.0000,-0.1343,0.4316,-1.4707,-1.4477
2015,133,Kevin Devoy,Drexel,4,2,2.3719,8.0000,-0.3719,0.0003,-1.1883,0.5533,0.0000,-0.1603,-0.0148,-0.0142,0.4521,0.0000,0.7618,0.0003,-0.1103,-0.1603,-0.8634,1.6479,-1.1958,-0.3719
2015,133,Kevin Norstrem,Virginia Tech,3,1,1.0572,21.0000,-0.0572,0.0455,-0.3827,0.0000,0.0000,0.0000,0.0000,-0.0352,0.3152,0.0000,-0.0316,0.0455,0.1905,0.0000,-0.2616,0.7112,-0.3960,-0.0572
2015,133,Mackenzie McGuire,Kent St.,4,2,1.5050,16.0000,0.4950,0.0139,0.1574,0.0000,0.0000,0.0000,0.0000,0.0073,0.3165,0.0000,-0.2680,0.0139,0.1852,0.0000,0.5640,1.4515,-1.1350,0.4950
2015,133,Mark Grey,Cornell,3,1,0.9156,18.0000,0.0844,-0.0467,0.5530,0.0000,0.0000,0.0000,0.0000,0.0486,-0.6540,0.1835,-0.3689,-0.0467,0.0148,0.0000,0.4852,0.5245,-1.1785,0.0844
2015,133,Mason Beckman,Lehigh,8,5,3.9343,10.0000,1.0657,0.1502,0.1319,0.0000,0.0000,0.4123,0.0000,-0.0037,0.3750,0.0000,-0.2723,0.1502,-0.4876,0.4123,1.2631,3.1232,-2.7482,1.0657
2015,133,Mitch Finesilver,Duke,1,0,0.0617,31.0000,-0.0617,-0.0031,0.0101,0.0000,0.0000,0.0000,0.0000,0.0000,-0.0687,-0.0000,-0.0059,-0.0031,-0.1050,0.0000,0.0523,0.0525,-0.1211,-0.0617
2015,133,Nick Soto,Chattanooga,3,1,1.8152,15.0000,-0.8152,0.0037,0.0128,0.0000,0.0000,0.0000,0.0000,0.0055,-0.6536,-0.1835,-0.5516,0.0037,-0.5772,0.0000,0.3099,0.9137,-1.5673,-0.8152
2015,133,Robert Deutsch,Rider,3,1,0.9441,19.0000,0.0559,-0.0265,0.4437,0.0000,0.0000,-0.4451,0.0000,-0.0027,0.0866,0.0000,-0.2661,-0.0265,0.5816,-0.4451,0.2121,0.5783,-0.4917,0.0559
2015,133,Ronald Perry,Lock Haven,2,0,0.5875,30.0000,-0.5875,0.0452,-0.3188,0.0000,0.0000,0.0000,0.0000,-0.0049,-0.3090,0.0000,-0.2911,0.0452,-0.5894,0.0000,0.2479,0.2935,-0.6025,-0.5875
2015,133,Rossi Bruno,Michigan,7,4,2.7404,14.0000,1.2596,-0.0116,0.5472,-0.5533,0.0000,0.9984,0.0214,0.0047,0.0802,0.1726,0.8375,-0.0116,-0.7678,0.9984,0.2031,1.9108,-1.8306,1.2596
2015,133,Scott Delvecchio,Rutgers,2,0,0.4259,26.0000,-0.4259,0.0257,-0.0227,0.0000,0.0000,0.0000,0.0000,-0.0032,-0.4257,0.0000,-0.1222,0.0257,-0.3793,0.0000,0.0499,0.5035,-0.9292,-0.4259
2015,133,Troy Heilmann,North Carolina,1,0,0.3539,29.0000,-0.3539,-0.0184,-0.0993,0.0000,0.0000,0.0000,0.0000,-0.0076,-0.2287,0.0000,-0.0739,-0.0184,-0.2876,0.0000,0.0260,0.0579,-0.2866,-0.3539
2015,133,Zach Synon,Missouri,2,0,0.7678,22.0000,-0.7678,-0.0166,-0.1791,0.0000,0.0000,-0.4211,0.0000,-0.0167,-0.1343,0.0000,-0.2722,-0.0166,-0.2298,-0.4211,0.1719,0.0360,-0.1703,-0.7678
2015,133,Zane Richards,Illinois,3,1,2.4538,5.0000,-1.4538,-0.0144,-0.5215,0.0000,0.0000,-0.5754,0.0000,-0.0088,-0.3336,0.0000,-0.4291,-0.0144,-0.4505,-0.5754,0.0157,0.5030,-0.8366,-1.4538
2015,141,Anthony Abidin,Nebraska,4,2,1.5929,9.0000,0.4071,0.1538,0.0295,0.0000,0.0000,0.0000,0.0270,0.0395,0.1573,-0.0000,0.2954,0.1538,-0.1826,0.0000,0.1406,1.2752,-1.1179,0.4071
2015,141,Anthony Ashnault,Rutgers,5,3,3.0159,7.0000,-0.0159,-0.1987,0.3263,0.0000,0.0000,0.0000,0.1573,0.0154,-0.3161,0.0000,-0.2112,-0.1987,1.0947,0.0000,-0.7007,2.1194,-2.4356,-0.0159
2015,141,Chris Mecate,Old Dominion,6,3,2.7876,11.0000,0.2124,-0.0137,0.1736,0.0000,0.0000,0.0000,0.0000,0.0114,-0.0388,0.0799,-0.4433,-0.0137,0.0331,0.0000,0.6364,0.8949,-0.9337,0.2124
2015,141,Dante Rodriguez,Iowa St.,3,1,0.8985,20.0000,0.1015,0.0014,0.1972,0.0000,0.0000,0.0000,0.0000,-0.0043,-0.0933,0.0005,-0.6552,0.0014,0.4787,0.0000,0.2766,0.6097,-0.7030,0.1015
2015,141,David Pearce,Drexel,2,0,0.7021,25.0000,-0.7021,0.0156,-0.1434,0.0000,0.0000,0.0000,0.0000,0.0028,-0.5771,0.0000,-0.1195,0.0156,-0.0074,0.0000,-0.5909,1.1254,-1.7025,-0.7021
2015,141,Dean Heil,Oklahoma St.,7,5,2.7638,14.0000,2.2362,0.0844,0.5457,0.0000,0.0000,0.6275,-0.1573,-0.0118,1.1477,0.0000,0.1692,0.0844,1.2563,0.6275,0.0988,4.0129,-2.8652,2.2362
2015,141,Devin Carter,Virginia Tech,7,6,5.4237,4.0000,0.5763,-0.0863,-0.3184,0.0000,0.0000,0.0000,0.0000,0.0471,0.9152,0.0187,-0.5573,-0.0863,1.3591,0.0000,-0.1392,3.9753,-3.0601,0.5763
2015,141,Geo Martinez,Boise State,5,3,3.4949,8.0000,-0.4949,-0.1654,-0.7049,0.0000,0.0000,0.4321,0.0000,-0.0641,-0.0626,0.0700,-0.2978,-0.1654,-0.5905,0.4321,0.1266,2.3302,-2.3929,-0.4949
2015,141,George Fisher,Michigan,2,0,0.8752,17.0000,-0.8752,-0.0205,0.1463,0.0000,0.0000,0.0000,0.0000,-0.0014,-0.9995,0.0000,-0.0181,-0.0205,-0.6938,0.0000,-0.1428,0.8828,-1.8823,-0.8752
2015,141,Jamel Hudson,Hofstra,2,1,0.7533,15.0000,0.2467,-0.0156,0.0829,0.0000,0.0000,0.0000,0.0000,0.0000,0.2214,-0.0420,-0.2280,-0.0156,0.4327,0.0000,0.0577,0.4782,-0.2567,0.2467
2015,141,Jameston Oster,Northwestern,3,1,1.2290,18.0000,-0.2290,0.0204,0.1067,0.0000,0.0000,0.0000,0.0000,0.0063,-0.1959,-0.1666,-0.2126,0.0204,-0.4096,0.0000,0.3728,0.4880,-0.6839,-0.2290
2015,141,Jesse Thielke,Wisconsin,3,1,1.1435,19.0000,-0.1435,-0.1067,0.1029,0.0000,0.0000,0.0000,0.0000,-0.0129,-0.1269,0.0000,-0.0974,-0.1067,0.1456,0.0000,-0.0850,1.1060,-1.2329,-0.1435
2015,141,Jordan Laster,Princeton,4,2,1.1428,,0.8572,0.0237,0.2411,0.0000,0.0000,0.0000,0.0000,0.0014,0.5909,-0.0000,-0.0768,0.0237,0.6960,0.0000,0.2142,1.6067,-1.0158,0.8572
2015,141,Joseph Spisak,Virginia,2,0,0.5875,30.0000,-0.5875,0.0689,-0.0881,0.0000,0.0000,0.0000,0.0000,0.0120,-0.5803,0.0000,-0.0410,0.0689,-0.7226,0.0000,0.1072,0.3972,-0.9774,-0.5875
2015,141,Joseph Ward,North Carolina,4,2,2.6574,12.0000,-0.6574,-0.0128,-0.0620,0.0000,0.0000,0.0000,0.0000,-0.0045,-0.5781,0.0000,-0.1215,-0.0128,-0.3530,0.0000,-0.1701,0.7853,-1.3634,-0.6574
2015,141,Josh Dziewa,Iowa,4,2,2.6568,5.0000,-0.6568,0.0237,-0.6093,0.0000,0.0000,0.0000,0.0000,-0.0006,-0.0706,0.0000,-0.0962,0.0237,-0.5516,0.0000,-0.0328,1.4394,-1.5100,-0.6568
2015,141,Kevin Jack,North Carolina St.,6,4,1.1673,28.0000,2.8327,0.0343,1.6574,0.0000,0.0000,0.0000,0.0000,0.0068,1.1343,0.0000,1.1492,0.0343,0.3049,0.0000,1.3443,3.1856,-2.0514,2.8327
2015,141,Lavion Mayes,Missouri,6,4,4.6006,3.0000,-0.6006,-0.0508,-0.7529,0.0000,0.0000,-0.6275,-0.0270,-0.0162,0.8738,0.0000,-0.6920,-0.0508,0.7628,-0.6275,0.0069,2.4095,-1.5357,-0.6006
2015,141,Logan Stieber,Ohio St.,5,5,4.4566,1.0000,0.5434,-0.0067,0.1063,0.0000,0.0000,0.0000,-0.0701,0.0017,0.5102,0.0021,-0.0356,-0.0067,0.4643,0.0000,0.1215,0.6272,-0.1170,0.5434
2015,141,Matthew Kraus,Arizona St.,2,0,0.7460,23.0000,-0.7460,-0.0606,0.1815,0.0000,0.0000,0.0000,0.0000,0.0011,-0.8432,-0.0249,-0.1207,-0.0606,-0.0520,0.0000,-0.5127,0.5482,-1.3914,-0.7460
2015,141,Mike Longo,Appalachian St.,3,1,0.8820,26.0000,0.1180,0.0310,-0.0960,0.0000,0.0000,0.0000,0.0000,-0.0002,0.2284,-0.0451,0.3728,0.0310,-0.4265,0.0000,0.1408,1.1024,-0.8740,0.1180
2015,141,Mike Morales,West Virginia,4,2,1.5974,16.0000,0.4026,0.0397,0.1801,0.0000,0.0000,-0.4321,0.0000,0.0252,0.4278,0.1620,-0.0856,0.0397,0.2036,-0.4321,0.6770,1.2064,-0.7786,0.4026
2015,141,Mike Pongracz,Chattanooga,2,0,0.4242,21.0000,-0.4242,-0.0110,0.1103,0.0000,0.0000,0.0000,0.0000,-0.0032,-0.5204,0.0000,-0.0577,-0.0110,-0.1106,0.0000,-0.2450,0.3903,-0.9107,-0.4242
2015,141,Mitchell Bengtson,North Dakota St.,2,0,0.5617,31.0000,-0.5617,-0.0065,-0.1900,0.0000,0.0000,0.0000,0.0000,-0.0094,-0.3558,0.0000,-0.2072,-0.0065,-0.3249,0.0000,-0.0232,0.0066,-0.3624,-0.5617
2015,141,Mitchell Port,Edinboro,5,4,3.7773,2.0000,0.2227,0.0302,-0.3036,0.0000,0.0000,0.0000,0.0701,0.0050,0.3764,0.0446,0.2514,0.0302,-0.2211,0.0000,0.1623,1.2507,-0.8743,0.2227
2015,141,Nick Dardanes,Minnesota,3,1,1.9587,6.0000,-0.9587,0.0325,-0.4409,0.0000,0.0000,0.0000,0.0000,-0.0024,-0.5480,0.0000,-0.6825,0.0325,-0.1072,0.0000,-0.2015,0.1881,-0.7361,-0.9587
2015,141,Nick Lawrence,Purdue,4,2,1.4701,24.0000,0.5299,0.0060,-0.0127,0.0000,0.0000,0.5877,0.0000,-0.0024,-0.0486,0.0000,0.7217,0.0060,-0.9848,0.5877,0.1994,2.3926,-2.4413,0.5299
2015,141,Randy Cruz,Lehigh,5,3,2.3970,13.0000,0.6030,0.1725,0.0208,0.0000,0.0000,0.0000,0.0000,-0.0405,0.4502,0.0000,-0.3120,0.1725,-0.3729,0.0000,1.1154,1.6441,-1.1939,0.6030
2015,141,Steven Rodrigues,Illinois,3,1,0.9469,27.0000,0.0531,0.0295,0.0965,0.0000,0.0000,0.0000,0.0000,0.0010,-0.0740,0.0000,-0.2366,0.0295,-0.0305,0.0000,0.2906,0.4855,-0.5595,0.0531
2015,141,Tyler Small,Kent St.,2,0,0.6116,29.0000,-0.6116,0.0205,-0.0723,0.0000,0.0000,0.0000,0.0000,-0.0000,-0.5593,-0.0005,-0.1932,0.0205,-0.6566,0.0000,0.2176,0.2108,-0.7701,-0.6116
2015,141,Tyler Smith,Bucknell,2,0,0.7678,22.0000,-0.7678,-0.0363,-0.1685,0.0000,0.0000,0.0000,0.0000,-0.0011,-0.4632,-0.0986,-0.3708,-0.0363,-0.4714,0.0000,0.1108,0.1288,-0.5920,-0.7678
2015,141,Zachary Horan,Central Mich.,3,1,1.9101,10.0000,-0.9101,0.0035,-0.3424,0.0000,0.0000,-0.5877,0.0000,-0.0015,0.0179,0.0000,0.0252,0.0035,0.0377,-0.5877,-0.3888,1.5273,-1.5094,-0.9101
2015,149,Alec Pantaleo,Michigan,4,2,2.7722,6.0000,-0.7722,-0.0301,-0.2530,0.0000,0.0000,-0.4686,0.0000,-0.0069,-0.0136,0.0000,-0.8473,-0.0301,0.5990,-0.4686,-0.0252,1.6567,-1.6703,-0.7722
2015,149,Alexander Richardson,Old Dominion,6,4,3.8536,8.0000,0.1464,-0.0302,0.1549,0.0000,0.0000,-0.5607,0.0000,0.0247,0.4842,0.0735,0.6027,-0.0302,0.4375,-0.5607,-0.3029,1.8066,-1.3224,0.1464
2015,149,Brandon Nelson,Purdue,3,1,0.9064,17.0000,0.0936,-0.0474,-0.0631,0.0000,0.0000,0.0000,0.0000,-0.0017,0.2057,0.0000,0.1578,-0.0474,-0.0609,0.0000,0.0441,1.0961,-0.8903,0.0936
2015,149,Brandon Sorensen,Iowa,8,6,5.5793,4.0000,0.4207,0.0111,-0.4272,0.0000,0.0000,0.0195,0.0000,0.0078,0.8095,0.0000,-0.1369,0.0111,-0.0985,0.0195,0.6255,2.3596,-1.5501,0.4207
2015,149,Bryant Clagon,Rider,8,6,3.0190,15.0000,2.9810,0.0660,1.1118,0.0000,0.0000,0.5607,0.0000,-0.0129,1.2553,0.0000,-0.1236,0.0660,2.0992,0.5607,0.3786,3.5188,-2.2635,2.9810
2015,149,Charles Cobb,Penn,4,2,1.7114,13.0000,0.2886,-0.1939,0.3441,0.0000,0.0000,0.0000,0.0000,0.0004,0.1380,0.0000,0.3981,-0.1939,0.1370,0.0000,-0.0526,1.4738,-1.3358,0.2886
2015,149,Chris Perez,Princeton,3,1,1.0560,25.0000,-0.0560,-0.0717,-0.0844,0.0000,0.0000,0.0000,0.0000,-0.0030,0.1031,0.0000,-0.3891,-0.0717,0.1752,0.0000,0.2296,1.4040,-1.3009,-0.0560
2015,149,Christian Barber,North Carolina,2,0,0.4064,32.0000,-0.4064,-0.0176,-0.1983,0.0000,0.0000,0.0000,0.0000,-0.0021,-0.1885,0.0000,-0.0644,-0.0176,-0.5157,0.0000,0.1913,0.1754,-0.3639,-0.4064
2015,149,Christian Pagdilao,Arizona St.,2,0,1.5081,10.0000,-1.5081,0.0422,-0.8859,0.0000,0.0000,0.0000,0.0000,-0.0086,-0.6557,0.0000,-0.7284,0.0422,-0.7990,0.0000,-0.0229,0.8027,-1.4584,-1.5081
2015,149,Christopher Villalonga,Cornell,6,3,3.7285,5.0000,-0.7285,0.0659,-1.1535,0.0000,0.0000,0.4246,0.0000,0.0031,-0.0686,0.0000,-0.6706,0.0659,-0.8944,0.4246,0.3460,1.8577,-1.9262,-0.7285
2015,149,Clayton Ream,North Dakota St.,2,1,0.6116,,0.3884,0.0149,0.0273,0.0000,0.0000,0.0000,0.0000,-0.0021,0.3253,0.0230,-0.3460,0.0149,0.5903,0.0000,0.1292,0.7255,-0.4002,0.3884
2015,149,Cody Ruggirello,Hofstra,5,3,2.5009,14.0000,0.4991,0.0389,0.0818,0.0000,0.0000,0.0000,0.0000,0.0514,0.2975,0.0294,0.1804,0.0389,-0.3021,0.0000,0.5818,1.2030,-0.9056,0.4991
2015,149,Colin Heffernan,Central Mich.,4,2,1.4262,24.0000,0.5738,0.1156,0.1993,0.0000,0.0000,0.0000,-0.0602,-0.0132,0.3323,0.0000,-0.5889,0.1156,0.6262,0.0000,0.4209,1.4088,-1.0765,0.5738
2015,149,Daniel Neff,Lock Haven,7,4,2.1431,31.0000,1.8569,-0.0771,1.1267,0.0000,0.0000,0.5789,0.0000,0.0407,0.2612,-0.0735,0.3354,-0.0771,0.8320,0.5789,0.1878,2.0791,-1.8179,1.8569
2015,149,David Habat,Edinboro,5,4,3.2023,3.0000,0.7977,-0.0173,0.7663,0.0000,0.0000,-0.4148,0.0000,0.0118,0.4516,0.0000,-0.2248,-0.0173,0.9370,-0.4148,0.5175,0.8905,-0.4389,0.7977
2015,149,Drake Houdashelt,Missouri,5,5,4.4007,1.0000,0.5993,0.0390,-0.1823,0.0000,0.0000,0.4148,0.0000,0.0008,0.3270,0.0000,-0.1993,0.0390,0.1127,0.4148,0.2321,0.5110,-0.1841,0.5993
2015,149,Gabe Moreno,Iowa St.,1,0,0.7759,9.0000,-0.7759,-0.0040,-0.4655,0.0000,0.0000,0.0000,0.0602,-0.0027,-0.3639,0.0000,-0.2238,-0.0040,-0.7126,0.0000,0.1646,0.3386,-0.7025,-0.7759
2015,149,Garrett Schaner,Stanford,4,2,1.2578,27.0000,0.7422,0.0503,0.4935,0.0000,0.0000,0.0000,0.0000,-0.0470,0.2455,0.0000,0.1858,0.0503,-0.2155,0.0000,0.7217,2.4094,-2.1639,0.7422
2015,149,Hunter Stieber,Ohio St.,2,0,0.8325,19.0000,-0.8325,-0.0252,-0.2229,0.0000,0.0000,0.0000,0.0000,-0.0028,-0.5587,-0.0230,-0.4314,-0.0252,-0.2832,0.0000,-0.0927,0.8932,-1.4519,-0.8325
2015,149,Jason Tsirtsis,Northwestern,6,5,4.7426,2.0000,0.2574,0.0066,-0.1171,0.0000,0.0000,0.4490,0.0000,0.0216,-0.1028,0.0000,0.0186,0.0066,-0.8178,0.4490,0.6009,0.4693,-0.5721,0.2574
2015,149,Joshua Kindig,Oklahoma St.,1,0,0.0875,30.0000,-0.0875,-0.0014,0.0117,0.0000,0.0000,0.0000,0.0000,-0.0032,-0.0946,0.0000,-0.0292,-0.0014,-0.0487,0.0000,-0.0082,0.0000,-0.0946,-0.0875
2015,149,Kenneth Theobold,Rutgers,3,1,0.9259,23.0000,0.0741,-0.0070,0.3720,0.0000,0.0000,0.0000,0.0000,0.0012,-0.2921,0.0000,-0.4518,-0.0070,-0.0498,0.0000,0.5827,1.2695,-1.5615,0.0741
2015,149,Kyle Langenderfer,Illinois,3,1,0.9441,29.0000,0.0559,0.0067,-0.2099,0.0000,0.0000,0.0000,0.0000,-0.0009,-0.6104,0.8704,-0.1144,0.0067,-0.5457,0.0000,0.7095,0.3119,-0.9223,0.0559
2015,149,Marcus Cain,Duke,3,1,1.1348,28.0000,-0.1348,-0.0507,-0.1625,0.0000,0.0000,0.0000,0.0000,-0.0003,-0.1730,0.2517,-0.2230,-0.0507,0.0907,0.0000,0.0482,1.0902,-1.2631,-0.1348
2015,149,Matthew Cimato,Drexel,3,1,0.9259,26.0000,0.0741,-0.0904,0.4874,0.0000,0.0000,-0.3823,0.0000,0.0005,0.0589,0.0000,0.2612,-0.0904,-0.4582,-0.3823,0.7438,1.8146,-1.7557,0.0741
2015,149,Matthew Frisch,Citadel,2,0,0.4253,22.0000,-0.4253,0.0653,0.1505,0.0000,0.0000,0.0000,0.0045,-0.0040,-0.6416,0.0000,-0.0163,0.0653,0.0457,0.0000,-0.5200,0.5141,-1.1556,-0.4253
2015,149,Michael Depalma,Kent St.,2,0,0.8110,20.0000,-0.8110,0.0967,0.1273,0.0000,0.0000,0.0000,0.0000,-0.0001,-0.1350,-0.8999,-0.5450,0.0967,0.0328,0.0000,-0.3955,0.6840,-0.8191,-0.8110
2015,149,Mike Racciato,Pittsburgh,3,1,1.7267,16.0000,-0.7267,0.0489,0.0182,0.0000,0.0000,0.0000,0.0000,-0.0103,-0.7836,0.0000,-0.1871,0.0489,-0.3720,0.0000,-0.2166,0.9756,-1.7592,-0.7267
2015,149,Ryan Mosley,Gardner-Webb,2,0,0.8539,18.0000,-0.8539,0.0229,-0.2709,0.0000,0.0000,0.0000,0.0000,-0.0008,-0.6052,0.0000,-0.2248,0.0229,-0.8275,0.0000,0.1754,0.2065,-0.8117,-0.8539
2015,149,Sal Mastriani,Virginia Tech,4,2,2.2349,7.0000,-0.2349,-0.0350,-0.5901,0.0000,0.0000,0.3823,0.0000,-0.0006,0.0086,0.0000,-0.9927,-0.0350,0.6396,0.3823,-0.2291,1.7435,-1.7349,-0.2349
2015,149,Shawn Greevy,Chattanooga,2,0,0.7894,21.0000,-0.7894,-0.0103,-0.0541,0.0000,0.0000,0.0000,0.0000,-0.0009,-0.4725,-0.2517,-0.3498,-0.0103,-0.4097,0.0000,-0.0196,0.0000,-0.4725,-0.7894
2015,149,Tywan Claxton,Ohio,4,2,2.4045,11.0000,-0.4045,-0.0027,-0.3944,0.0000,0.0000,-0.5789,-0.0045,-0.0373,0.6134,0.0000,0.3532,-0.0027,0.3356,-0.5789,-0.5117,1.4475,-0.8341,-0.4045
2015,149,Zack Beitz,Penn St.,3,1,1.3018,12.0000,-0.3018,0.0207,0.2620,0.0000,0.0000,-0.4246,0.0000,-0.0028,-0.1572,0.0000,0.0285,0.0207,-0.2791,-0.4246,0.3527,1.0562,-1.2134,-0.3018
2015,157,Aaron Walker,Citadel,3,1,1.8745,16.0000,-0.8745,-0.0649,-0.1787,0.0000,0.0000,0.4597,-0.0009,0.0009,-1.0907,0.0000,-0.0146,-0.0649,-0.8878,0.4597,-0.3669,0.8352,-1.9259,-0.8745
2015,157,Alex Elder,Oregon St.,5,3,1.9477,22.0000,1.0523,0.0130,0.0991,0.0000,0.0000,0.0000,0.0000,0.0011,0.1966,0.7425,0.1742,0.0130,-0.7514,0.0000,1.6165,2.5198,-2.3232,1.0523
2015,157,Andrew Atkinson,Virginia,2,0,0.4242,21.0000,-0.4242,0.0266,-0.0406,0.0000,0.0000,0.0000,0.0000,-0.0275,-0.3827,0.0000,-0.2163,0.0266,-0.2762,0.0000,0.0417,0.3220,-0.7047,-0.4242
2015,157,Anthony Collica,Oklahoma St.,5,3,1.3043,18.0000,1.6957,0.0323,0.6339,0.0000,0.0000,-0.4294,0.0000,-0.0024,1.4614,-0.0000,-0.0464,0.0323,1.7125,-0.4294,0.4267,2.1315,-0.6701,1.6957
2015,157,Anthony Perrotti,Rutgers,2,0,1.3780,13.0000,-1.3780,0.0157,-0.3135,0.0000,0.0000,-1.1252,0.0000,-0.0001,0.0452,0.0000,-0.0820,0.0157,-0.4956,-1.1252,0.3091,0.5153,-0.4702,-1.3780
2015,157,Brandon Zeerip,Eastern Mich.,2,0,0.5875,30.0000,-0.5875,0.0044,-0.0259,0.0000,0.0000,-0.5000,0.0000,0.0008,-0.0668,0.0000,0.0838,0.0044,0.1755,-0.5000,-0.3513,0.9104,-0.9772,-0.5875
2015,157,Brian Murphy,Michigan,5,3,2.3855,11.0000,0.6145,0.0035,0.4323,0.0000,0.0000,0.0000,0.0000,-0.0011,0.1798,0.0000,-0.0736,0.0035,0.5901,0.0000,0.0944,1.6712,-1.4914,0.6145
2015,157,Brian Realbuto,Cornell,5,4,3.5683,2.0000,0.4317,0.0324,-0.7105,0.0000,0.6224,0.4059,-0.0492,0.0002,0.0635,0.0670,0.3894,0.0324,-0.8074,0.4059,0.4116,1.4478,-1.3843,0.4317
2015,157,Brooks Martino,Penn,2,0,0.7460,23.0000,-0.7460,-0.0401,0.1053,0.0000,0.0000,0.0000,0.0000,0.0226,-0.8337,0.0000,-0.1777,-0.0401,-0.5355,0.0000,0.0074,0.4457,-1.2794,-0.7460
2015,157,Chad Walsh,Rider,3,1,1.4964,14.0000,-0.4964,0.1352,-0.4854,0.0000,0.0000,-0.1098,0.0000,0.0048,-0.0413,0.0000,-0.4149,0.1352,-0.5321,-0.1098,0.4252,0.5214,-0.5627,-0.4964
2015,157,Cody Pack,South Dakota St.,5,3,4.0063,5.0000,-1.0063,-0.0729,-0.4578,0.0000,0.0000,0.0000,0.0000,0.0257,-0.5014,0.0000,-0.3976,-0.0729,-0.9823,0.0000,0.4465,1.1162,-1.6177,-1.0063
2015,157,Doug Welch,Purdue,1,0,0.1799,26.0000,-0.1799,0.0132,-0.0078,0.0000,0.0000,0.0000,0.0000,-0.0005,-0.1848,0.0000,-0.0526,0.0132,-0.2422,0.0000,0.1018,0.1018,-0.2865,-0.1799
2015,157,Dylan Ness,Minnesota,5,3,3.8629,3.0000,-0.8629,0.0169,0.1726,0.0000,0.0000,0.0000,0.0492,0.0078,-0.1299,-0.9795,0.0491,0.0169,-0.9903,0.0000,0.0614,0.6640,-0.7939,-0.8629
2015,157,Gregory Flournoy,George Mason,3,1,1.3325,19.0000,-0.3325,-0.0063,0.1148,0.0000,0.0000,0.0549,0.0000,0.0003,-0.4962,0.0000,0.2535,-0.0063,-0.6278,0.0549,-0.0068,1.1646,-1.6608,-0.3325
2015,157,Ian Miller,Kent St.,6,4,3.4578,7.0000,0.5422,-0.1067,0.8268,0.0000,-0.6224,-0.4059,0.0000,0.0005,0.7673,0.0824,-0.9028,-0.1067,2.0334,-0.4059,-0.0759,2.6261,-1.8588,0.5422
2015,157,Immanuel Kerr-Brown,Duke,3,2,1.2021,28.0000,0.7979,0.0159,-0.2399,0.0000,0.0000,0.6069,0.0000,-0.0196,0.4346,0.0000,0.2010,0.0159,-0.3732,0.6069,0.3472,1.4053,-0.9707,0.7979
2015,157,Isaiah Martinez,Illinois,5,5,4.3724,1.0000,0.6276,-0.0008,0.1056,0.0000,0.0000,0.0000,0.0000,0.0207,0.4903,0.0117,-0.0605,-0.0008,0.4967,0.0000,0.1922,0.9061,-0.4157,0.6276
2015,157,James Green,Nebraska,6,5,4.2702,4.0000,0.7298,0.0357,-0.0065,0.0000,0.0000,0.0000,0.0000,-0.0165,0.7171,0.0000,-0.3730,0.0357,0.9078,0.0000,0.1593,1.3807,-0.6636,0.7298
2015,157,John Boyle,American,3,1,2.3938,8.0000,-1.3938,0.0022,-0.6839,0.0000,0.0000,-0.6069,0.0000,-0.0022,-0.1029,0.0000,-0.1729,0.0022,-0.6611,-0.6069,0.0450,0.7802,-0.8831,-1.3938
2015,157,Joseph LaVallee,Missouri,4,2,2.8581,9.0000,-0.8581,-0.0226,-0.1962,0.0000,0.0000,0.0000,0.0000,0.0011,-0.6403,0.0000,0.1379,-0.0226,-1.1791,0.0000,0.2057,1.1321,-1.7725,-0.8581
2015,157,Josh Demas,Ohio St.,3,1,1.9587,6.0000,-0.9587,0.0076,-0.8028,0.0000,0.0000,0.0000,0.0000,-0.0078,-0.1557,0.0000,-0.0241,0.0076,-0.2748,0.0000,-0.6675,0.7372,-0.8929,-0.9587
2015,157,Justin DeAngelis,Oklahoma,3,1,1.6257,10.0000,-0.6257,0.0078,-0.4213,0.0000,0.0000,0.0000,0.0000,-0.0016,-0.1281,-0.0824,-0.3582,0.0078,-0.4512,0.0000,0.1760,1.1667,-1.2948,-0.6257
2015,157,Justin Staudenmayer,Brown,2,0,1.2922,15.0000,-1.2922,0.0444,-0.5180,0.0000,0.0000,0.0000,0.0000,-0.0002,-0.8184,0.0000,-0.2602,0.0444,-1.1305,0.0000,0.0540,0.1092,-0.9276,-1.2922
2015,157,Louis Mascola,Maryland,3,1,0.9242,,0.0758,-0.0053,0.4369,0.0000,0.0000,0.0000,0.0000,-0.0051,-0.3507,0.0000,-0.5841,-0.0053,0.1559,0.0000,0.5093,1.5503,-1.9010,0.0758
2015,157,Markus Scheidel,Columbia,4,2,0.8899,29.0000,1.1101,-0.1148,0.4268,0.0000,0.0000,1.1175,0.0000,-0.0016,-0.3177,0.0000,-0.4283,-0.1148,0.1607,1.1175,0.3751,0.4804,-0.7981,1.1101
2015,157,Mike Kelly,Iowa,2,0,0.6575,27.0000,-0.6575,0.0255,-0.2277,0.0000,0.0000,0.0000,0.0000,0.0001,-0.4554,0.0000,-0.3431,0.0255,-0.3397,0.0000,-0.0003,0.5697,-1.0251,-0.6575
2015,157,Mitchell Minotti,Lehigh,5,3,3.0779,12.0000,-0.0779,-0.0085,-0.3558,0.0000,0.0000,0.4294,0.0000,0.0052,-0.1483,0.0000,-0.1240,-0.0085,-0.6172,0.4294,0.2423,1.3071,-1.4554,-0.0779
2015,157,Nick Brascetta,Virginia Tech,7,5,1.0807,24.0000,3.9193,0.0843,1.3014,0.0000,0.0000,0.0000,0.0000,0.0037,1.6173,0.9125,-0.4945,0.0843,3.8201,0.0000,0.5094,2.4822,-0.8650,3.9193
2015,157,Noel Blanco,Drexel,4,2,1.4226,20.0000,0.5774,-0.0834,0.4274,0.0000,0.0000,0.5626,0.0000,-0.0087,0.4222,-0.7426,-0.8890,-0.0834,1.0687,0.5626,-0.0813,1.3738,-0.9516,0.5774
2015,157,Oliver Pierce,Arizona St.,1,0,0.0617,31.0000,-0.0617,-0.0118,0.0371,0.0000,0.0000,0.0000,0.0000,-0.0000,-0.0870,0.0000,-0.0428,-0.0118,0.0130,0.0000,-0.0201,0.0000,-0.0870,-0.0617
2015,157,Russell Parsons,Army,2,0,0.4064,32.0000,-0.4064,-0.0029,0.3048,0.0000,0.0000,-0.4597,0.0000,0.0014,-0.2499,-0.0000,0.2831,-0.0029,-0.1495,-0.4597,-0.0774,0.3094,-0.5593,-0.4064
2015,157,Spartak Chino,Ohio,5,3,1.5281,17.0000,1.4719,0.0166,0.2326,0.0000,0.0000,0.0000,0.0009,-0.0012,1.2346,-0.0117,-0.3273,0.0166,1.5270,0.0000,0.2555,2.2538,-1.0192,1.4719
2015,157,Steven Hernandez,Boise State,2,0,0.4262,25.0000,-0.4262,0.0078,0.0149,0.0000,0.0000,0.0000,0.0000,-0.0009,-0.4480,0.0000,-0.0720,0.0078,-0.3566,0.0000,-0.0054,0.0231,-0.4711,-0.4262
2015,165,Adam Fierro,CSU Bakersfield,2,0,0.8325,19.0000,-0.8325,0.0431,0.1428,0.0000,0.0000,0.0000,0.0000,-0.0017,-1.0166,0.0000,0.0610,0.0431,-1.0686,0.0000,0.1321,0.3825,-1.3991,-0.8325
2015,165,Alex Dieringer,Oklahoma St.,5,5,4.5180,1.0000,0.4820,0.0062,-0.0259,0.0000,0.0000,0.0000,0.0000,0.0071,0.4943,0.0002,-0.0922,0.0062,0.4880,0.0000,0.0800,0.5996,-0.1053,0.4820
2015,165,Austin Wilson,Nebraska,3,1,0.7908,31.0000,0.2092,-0.0119,0.8089,0.0000,0.0000,-0.4597,0.0000,-0.0014,-0.1267,0.0000,-0.5526,-0.0119,0.3448,-0.4597,0.8887,1.1918,-1.3185,0.2092
2015,165,Bo Jordan,Ohio St.,6,5,3.5996,5.0000,1.4004,-0.0231,0.4004,0.0000,0.0000,0.0000,0.0108,-0.0005,0.8456,0.1673,-0.1683,-0.0231,0.9509,0.0000,0.6409,1.1318,-0.2862,1.4004
2015,165,Clark Glass,Oklahoma,4,2,1.4441,29.0000,0.5559,0.0133,0.2765,0.0000,0.0000,0.0000,0.0000,0.0037,0.2624,0.0000,-0.4114,0.0133,0.6621,0.0000,0.2919,0.9219,-0.6595,0.5559
2015,165,Coleman Gracey,Army,3,1,1.4964,14.0000,-0.4964,-0.0725,-0.5433,0.0000,0.0000,0.0000,0.0000,-0.0072,0.1267,0.0000,-0.3361,-0.0725,0.2313,0.0000,-0.3190,1.3749,-1.2483,-0.4964
2015,165,Connor Brennan,Rider,3,1,0.9701,24.0000,0.0299,-0.0507,-0.0146,0.0000,0.0000,0.0000,0.0000,-0.0063,0.1016,0.0000,-0.3223,-0.0507,0.1704,0.0000,0.2325,0.6279,-0.5263,0.0299
2015,165,Connor McMahon,SIU Edwardsville,2,0,0.4064,32.0000,-0.4064,0.0176,-0.0765,0.0000,0.0000,0.0000,0.0000,0.0000,-0.2541,-0.0934,-0.1977,0.0176,-0.2278,0.0000,0.0014,0.0017,-0.2558,-0.4064
2015,165,Cooper Moore,Northern Iowa,4,2,1.5827,13.0000,0.4173,-0.0282,0.1957,0.0000,0.0000,-0.4743,0.0000,0.0013,0.1339,0.5890,-0.3116,-0.0282,1.2788,-0.4743,-0.0474,1.2340,-1.1001,0.4173
2015,165,Dakota Friesth,Wyoming,3,1,0.7147,27.0000,0.2853,-0.0285,0.4910,0.0000,0.0703,0.0000,0.0000,-0.0012,-0.2463,0.0000,-0.2813,-0.0285,0.1812,0.0000,0.4139,0.9023,-1.1486,0.2853
2015,165,Dylan Palacio,Cornell,4,2,1.9334,12.0000,0.0666,0.0237,0.4963,0.0000,0.0000,0.0000,-0.0108,0.0097,-0.4524,0.0000,-0.3760,0.0237,-0.0148,0.0000,0.4337,1.6872,-2.1396,0.0666
2015,165,Ethan Ramos,North Carolina,6,3,2.3644,15.0000,0.6356,-0.0553,0.0674,0.0000,0.0000,0.0000,0.0000,-0.0070,0.6112,0.0192,-0.1190,-0.0553,-0.1750,0.0000,0.9849,2.0122,-1.4010,0.6356
2015,165,Garrett Sutton,Michigan,2,0,0.6348,28.0000,-0.6348,-0.0123,-0.0638,0.0000,0.0000,-0.5000,0.0000,0.0039,-0.0502,-0.0123,-0.1293,-0.0123,-0.1119,-0.5000,0.1188,0.1838,-0.2340,-0.6348
2015,165,Harrison Hightower,Ohio,4,2,2.2266,16.0000,-0.2266,-0.0571,-0.2754,0.0000,0.0000,0.0078,0.0000,-0.0155,0.0202,0.0934,-1.2920,-0.0571,0.5937,0.0078,0.5210,0.1412,-0.1210,-0.2266
2015,165,Isaac Jordan,Wisconsin,6,4,4.1591,3.0000,-0.1591,0.0753,-0.8278,0.0000,0.0000,0.5298,0.0000,0.0019,0.0618,0.0000,-0.1532,0.0753,-1.1538,0.5298,0.5428,2.7112,-2.6495,-0.1591
2015,165,Jackson Morse,Illinois,7,5,3.6551,9.0000,1.3449,0.0172,0.2970,0.0000,0.0000,0.0000,0.0000,0.0170,0.8945,0.1193,0.1138,0.0172,0.6352,0.0000,0.5788,1.5317,-0.6372,1.3449
2015,165,Jesse Stafford,Air Force,2,0,0.7021,25.0000,-0.7021,0.0151,-0.1593,0.0000,0.0000,0.0000,0.0000,-0.0007,-0.5571,0.0000,-0.2518,0.0151,-0.5619,0.0000,0.0965,0.1340,-0.6912,-0.7021
2015,165,Jim Wilson,Stanford,7,4,3.8353,10.0000,0.1647,0.0515,-0.2250,0.0000,0.0000,0.9262,0.0000,0.0004,-0.5884,0.0000,-0.6273,0.0515,-1.1126,0.9262,0.9269,1.0808,-1.6693,0.1647
2015,165,Jonathan Schleifer,Princeton,3,1,0.6990,30.0000,0.3010,-0.0168,0.1640,0.0000,0.0000,0.0000,0.0000,-0.0024,0.1562,0.0000,-0.0911,-0.0168,0.2684,0.0000,0.1405,0.4695,-0.3133,0.3010
2015,165,Max Rohskopf,North Carolina St.,3,1,0.4681,17.0000,0.5319,-0.0293,0.3085,0.0000,0.0000,0.0000,0.0000,0.0018,0.2615,-0.0106,0.3257,-0.0293,-0.0225,0.0000,0.2580,0.3570,-0.0956,0.5319
2015,165,Michael Moreno,Iowa St.,5,3,4.3463,2.0000,-1.3463,0.0328,-0.7300,0.0000,0.0000,-0.5298,0.0000,0.0011,-0.1476,0.0272,-0.5859,0.0328,-0.1771,-0.5298,-0.0863,1.7538,-1.9014,-1.3463
2015,165,Mike England,Missouri,5,3,1.6493,,1.3507,0.0797,0.6410,0.0000,0.0000,0.0000,0.0000,-0.0003,0.8885,-0.2583,-0.2472,0.0797,0.8872,0.0000,0.6309,1.8573,-0.9688,1.3507
2015,165,Mitchell Polkowske,Northern Colorado,4,2,1.0098,23.0000,0.9902,-0.0211,0.4964,0.0000,0.0000,0.0000,0.0000,0.0065,0.5204,-0.0120,-0.0681,-0.0211,0.3861,0.0000,0.6933,1.6387,-1.1183,0.9902
2015,165,Nicholas Sulzer,Virginia,7,5,5.1237,4.0000,-0.1237,0.0213,-0.5698,0.0000,0.0000,0.0000,0.0000,-0.0066,0.9679,-0.5365,-0.9542,0.0213,0.2314,0.0000,0.5777,2.7911,-1.8232,-0.1237
2015,165,Nick Moore,Iowa,2,0,0.6799,26.0000,-0.6799,-0.0091,-0.1521,0.0000,0.0000,0.0000,0.0000,-0.0040,-0.5146,0.0000,-0.2008,-0.0091,-0.6770,0.0000,0.2070,0.2644,-0.7791,-0.6799
2015,165,Patrick Robinson IV,Purdue,2,0,0.8110,20.0000,-0.8110,-0.0232,-0.2030,0.0000,0.0000,0.0000,0.0000,-0.0031,-0.5131,-0.0686,-0.2350,-0.0232,-0.7041,0.0000,0.1514,0.1589,-0.6720,-0.8110
2015,165,Peyton Walsh,Navy,3,1,2.1286,8.0000,-1.1286,-0.0407,-0.3821,0.0000,0.0000,0.0000,0.0000,-0.0047,-0.7012,0.0000,-0.3663,-0.0407,-0.5977,0.0000,-0.1239,0.7776,-1.4787,-1.1286
2015,165,Pierce Harger,Northwestern,3,2,2.1320,7.0000,-0.1320,0.0749,-0.0635,0.0000,0.0000,0.0000,0.0000,0.0036,-0.1278,-0.0192,-0.5798,0.0749,0.1753,0.0000,0.1976,0.7582,-0.8859,-0.1320
2015,165,Seth Thomas,Oregon St.,2,0,0.4156,18.0000,-0.4156,0.0412,0.0186,0.0000,0.0000,0.0000,0.0000,0.0000,-0.4705,-0.0048,-0.3372,0.0412,0.0261,0.0000,-0.1456,0.3623,-0.8328,-0.4156
2015,165,Taylor Walsh,Indiana,5,4,2.9167,6.0000,1.0833,-0.0300,0.6625,0.0000,-0.0703,0.0000,0.0000,0.0082,0.5129,0.0000,0.2922,-0.0300,0.3953,0.0000,0.4258,1.2223,-0.7093,1.0833
2015,165,Tristan Warner,Old Dominion,2,0,1.4645,11.0000,-1.4645,0.0254,-1.1170,0.0000,0.0000,0.0000,0.0000,0.0003,-0.3732,0.0000,-0.8024,0.0254,-0.7059,0.0000,0.0184,0.4203,-0.7934,-1.4645
2015,165,Troy Reaghard,Pittsburgh,3,1,1.2894,21.0000,-0.2894,-0.0282,-0.0376,0.0000,0.0000,0.5000,0.0000,-0.0040,-0.7196,0.0000,-0.3277,-0.0282,-0.5954,0.5000,0.1619,0.4618,-1.1814,-0.2894
2015,174,Andy McCulley,Wyoming,3,1,1.0302,14.0000,-0.0302,-0.0308,0.3490,0.0000,0.0000,0.0000,0.0000,-0.0006,-0.3478,0.0000,-0.2207,-0.0308,0.0578,0.0000,0.1634,0.3261,-0.6738,-0.0302
2015,174,Blaise Butler,Virginia,5,3,3.9037,5.0000,-0.9037,0.0023,-0.7404,0.0000,0.0000,0.0000,0.0000,-0.0072,-0.1559,-0.0026,-0.2924,0.0023,-0.2956,0.0000,-0.3180,0.7806,-0.9365,-0.9037
2015,174,Brian Harvey,Army,3,1,0.7923,27.0000,0.2077,0.0086,0.4587,0.0000,0.0000,0.0000,0.0000,-0.0011,-0.2584,0.0000,0.3616,0.0086,0.2092,0.0000,-0.3717,1.0455,-1.3038,0.2077
2015,174,Chad Welch,Purdue,3,1,0.9064,17.0000,0.0936,-0.0101,0.2713,0.0000,0.0000,0.0000,0.0000,0.0105,-0.1781,0.0000,-0.3694,-0.0101,0.3270,0.0000,0.1461,0.5344,-0.7125,0.0936
2015,174,Cody Walters,Ohio,5,3,2.9424,9.0000,0.0576,-0.0207,-0.4828,0.0000,0.0000,0.4030,-0.0552,-0.0165,0.2298,0.0000,-0.0394,-0.0207,-0.5034,0.4030,0.2181,1.2239,-0.9941,0.0576
2015,174,Dominic Kastl,Cal Poly,3,1,1.3110,20.0000,-0.3110,-0.0034,-0.4740,0.0000,0.0000,0.0000,0.0000,0.0620,0.1044,0.0000,-0.0160,-0.0034,-0.3761,0.0000,0.0845,1.7751,-1.6706,-0.3110
2015,174,Frank Cousins,Wisconsin,4,2,2.3516,16.0000,-0.3516,-0.0322,-0.5734,0.0000,0.0000,0.0000,0.0000,-0.0124,0.2665,0.0000,-0.0041,-0.0322,-0.1987,0.0000,-0.1165,1.2142,-0.9477,-0.3516
2015,174,George Pickett,Cornell,2,0,0.7241,24.0000,-0.7241,-0.0269,0.1138,0.0000,0.0000,-0.4030,0.0000,0.0122,-0.4202,0.0000,-0.0237,-0.0269,0.4783,-0.4030,-0.7488,0.7257,-1.1459,-0.7241
2015,174,Jadaen Bernstein,Navy,3,1,1.0572,21.0000,-0.0572,-0.0287,0.0148,0.0000,0.0000,0.0000,0.0000,-0.0011,-0.0422,0.0000,-0.1376,-0.0287,-0.2954,0.0000,0.4045,0.6131,-0.6553,-0.0572
2015,174,Joe Latham,Oregon St.,4,2,1.4010,29.0000,0.5990,-0.1364,0.5615,0.0000,0.0000,0.0000,0.0000,-0.0011,0.1751,0.0000,-0.3356,-0.1364,0.8110,0.0000,0.2600,1.7346,-1.5595,0.5990
2015,174,John Eblen,Missouri,4,2,3.2139,4.0000,-1.2139,0.1432,-0.9363,0.0000,0.0000,0.0000,0.0000,0.0010,-0.4197,-0.0021,-0.4812,0.1432,-1.4630,0.0000,0.5872,0.9443,-1.3640,-1.2139
2015,174,John Staudenmayer,North Carolina,2,0,0.8325,19.0000,-0.8325,0.0124,-0.4072,0.0000,0.0000,0.0000,0.0000,-0.0030,-0.4347,0.0000,-0.3350,0.0124,-0.6992,0.0000,0.1892,0.2972,-0.7320,-0.8325
2015,174,Jordan Ellingwood,Central Mich.,2,0,0.6348,28.0000,-0.6348,-0.0249,-0.1962,0.0000,0.0000,0.0000,0.0000,-0.0001,-0.4135,0.0000,-0.2481,-0.0249,-0.4907,0.0000,0.1289,0.1862,-0.5998,-0.6348
2015,174,Kurtis Julson,North Dakota St.,7,4,2.0122,23.0000,1.9878,0.1104,0.6015,0.0000,0.0000,1.0877,0.0000,0.0114,0.1768,0.0000,0.3278,0.1104,0.3701,1.0877,0.0918,1.5203,-1.3435,1.9878
2015,174,Kyle Crutchmer,Oklahoma St.,6,4,2.5863,12.0000,1.4137,-0.0270,0.3958,0.0000,0.0000,-0.2887,0.0000,0.0166,1.3170,0.0000,-0.5141,-0.0270,3.0329,-0.2887,-0.7894,3.0791,-1.7621,1.4137
2015,174,Logan Storley,Minnesota,7,5,3.8227,6.0000,1.1773,0.0744,0.3712,0.0000,0.0000,-0.3732,0.0000,0.0129,1.0919,0.0000,1.7061,0.0744,-0.4563,-0.3732,0.2262,3.6033,-2.5114,1.1773
2015,174,Mark Martin,Ohio St.,3,1,1.9776,10.0000,-0.9776,0.0176,-0.2173,0.0000,0.0000,-0.5877,0.0552,0.0000,-0.2455,0.0000,-0.2090,0.0176,-0.1191,-0.5877,-0.0794,0.5916,-0.8371,-0.9776
2015,174,Matt Reed,Oklahoma,3,1,1.2021,25.0000,-0.2021,-0.0244,0.4626,0.0000,0.0000,-0.5000,0.0000,0.0066,-0.1469,0.0000,0.5725,-0.0244,0.3266,-0.5000,-0.5768,1.6632,-1.8101,-0.2021
2015,174,Matthew Brown,Penn St.,5,5,3.9874,2.0000,1.0126,0.1571,0.3579,0.0000,0.0000,0.0000,0.0000,0.0026,0.4951,0.0000,0.1907,0.1571,-0.2107,0.0000,0.8755,0.8314,-0.3363,1.0126
2015,174,Michael Evans,Iowa,6,3,3.8806,3.0000,-0.8806,-0.1551,-1.0101,0.0000,0.0000,-0.5799,0.0000,-0.0084,0.8729,0.0000,-0.1443,-0.1551,-0.0488,-0.5799,0.0476,1.4523,-0.5794,-0.8806
2015,174,Nathan Jackson,Indiana,4,2,1.2223,30.0000,0.7777,-0.0135,0.9069,0.0000,0.0000,0.0000,0.0000,0.0007,-0.1163,0.0000,-0.4472,-0.0135,0.8196,0.0000,0.4188,0.9788,-1.0951,0.7777
2015,174,Pete Renda,North Carolina St.,4,2,1.2858,31.0000,0.7142,0.0811,0.0072,0.0000,0.0000,0.0000,0.0000,-0.0089,0.6347,0.0000,0.2728,0.0811,-0.0341,0.0000,0.3944,1.5413,-0.9066,0.7142
2015,174,Raymond Waters,Arizona St.,2,0,0.8539,18.0000,-0.8539,-0.0605,-0.1237,0.0000,0.0000,0.0000,0.0000,0.0010,-0.6491,-0.0215,-0.0984,-0.0605,-0.5112,0.0000,-0.1838,0.6114,-1.2605,-0.8539
2015,174,Robert Kokesh,Nebraska,7,6,6.3127,1.0000,-0.3127,0.0348,-0.7482,0.0000,0.0000,0.7793,0.0000,-0.0086,-0.3701,0.0000,-0.1051,0.0348,-1.5355,0.7793,0.5137,1.0147,-1.3847,-0.3127
2015,174,Ryan Wolfe,Rider,2,0,0.7678,22.0000,-0.7678,-0.0418,-0.1263,0.0000,0.0000,0.0000,0.0000,-0.0162,-0.5835,0.0000,-0.2785,-0.0418,-0.5014,0.0000,0.0540,0.1044,-0.6879,-0.7678
2015,174,Santiago Martinez,Lehigh,3,1,1.2763,15.0000,-0.2763,0.0293,0.1509,0.0000,0.0000,0.0000,0.0000,-0.0035,-0.4745,0.0215,0.0681,0.0293,-0.3019,0.0000,-0.0718,0.6277,-1.1022,-0.2763
2015,174,Sean Mappes,Chattanooga,2,0,0.4259,26.0000,-0.4259,0.0212,-0.1166,0.0000,0.0000,0.0000,0.0000,-0.0042,-0.3262,0.0000,-0.1226,0.0212,-0.4786,0.0000,0.1541,0.1870,-0.5132,-0.4259
2015,174,Tanner Weatherman,Iowa St.,2,0,0.9066,13.0000,-0.9066,0.0200,-0.1804,0.0000,0.0000,0.0000,0.0000,-0.0609,-0.6853,0.0000,-0.1194,0.0200,-0.7029,0.0000,-0.1043,0.7076,-1.3929,-0.9066
2015,174,Taylor Massa,Michigan,2,0,0.4064,32.0000,-0.4064,-0.0357,0.0507,0.0000,0.0000,0.0000,0.0000,-0.0001,-0.4215,0.0000,-0.1696,-0.0357,-0.1649,0.0000,-0.0363,-0.0042,-0.4172,-0.4064
2015,174,Tyler Wilps,Pittsburgh,5,4,2.2665,8.0000,1.7335,0.0641,0.4820,0.0000,0.0000,0.4625,0.0000,0.0001,0.7247,0.0000,-0.9129,0.0641,1.9926,0.4625,0.1271,2.2980,-1.5732,1.7335
2015,174,Zach Brunson,Illinois,5,3,2.1396,11.0000,0.8604,0.0124,0.5148,0.0000,0.0000,0.0000,0.0000,0.0161,0.3150,0.0021,-0.3082,0.0124,0.6416,0.0000,0.5147,1.0313,-0.7164,0.8604
2015,174,Zach Epperly,Virginia Tech,6,4,3.5663,7.0000,0.4337,-0.1169,0.2624,0.0000,0.0000,0.0000,0.0000,0.0003,0.2853,0.0026,0.0327,-0.1169,0.3206,0.0000,0.1973,1.0582,-0.7729,0.4337
2015,184,Andrew Romanchik,Ohio,2,0,0.4259,26.0000,-0.4259,-0.0135,-0.1493,0.0000,0.0000,0.0000,0.0000,-0.0124,-0.2507,0.0000,-0.3078,-0.0135,-0.1063,0.0000,0.0017,0.3913,-0.6420,-0.4259
2015,184,Ben Stroh,Wyoming,2,0,0.7241,24.0000,-0.7241,0.0062,-0.2857,0.0000,0.0000,0.0000,0.0000,-0.0076,-0.4369,0.0000,-0.3163,0.0062,-0.4656,0.0000,0.0517,0.0892,-0.5261,-0.7241
2015,184,Blake Stauffer,Arizona St.,8,6,6.9769,3.0000,-0.9769,0.0160,-1.0957,0.0000,0.0000,-0.6275,0.0000,-0.0007,0.7309,0.0000,-0.0621,0.0160,-0.4331,-0.6275,0.1297,2.4523,-1.7213,-0.9769
2015,184,Brett Harner,Princeton,3,1,1.2290,18.0000,-0.2290,-0.0603,-0.1358,0.0000,0.0000,0.0000,0.0000,-0.0032,-0.0297,0.0000,-0.2732,-0.0603,0.0795,0.0000,0.0250,0.4302,-0.4599,-0.2290
2015,184,Brett Pfarr,Minnesota,2,0,1.0706,11.0000,-1.0706,0.0351,-0.4869,0.0000,0.0000,0.0000,0.0000,0.0020,-0.6207,0.0000,-0.4806,0.0351,-1.1799,0.0000,0.5549,1.2558,-1.8766,-1.0706
2015,184,Domenic Abounader,Michigan,3,1,1.8937,8.0000,-0.8937,0.0604,-0.5973,0.0000,0.0000,0.0000,0.0000,-0.0093,-0.3537,0.0062,-0.2968,0.0604,-0.8209,0.0000,0.1636,0.3589,-0.7126,-0.8937
2015,184,Fred Garcia,Lock Haven,3,1,1.2021,25.0000,-0.2021,-0.0195,0.1687,0.0000,0.0000,0.0000,0.0000,0.0032,-0.3484,-0.0062,-0.1419,-0.0195,-0.1198,0.0000,0.0791,0.5727,-0.9211,-0.2021
2015,184,Gabriel Dean,Cornell,5,5,4.6221,1.0000,0.3779,0.0155,-0.8812,0.0000,0.0000,0.3027,0.0000,0.0057,0.9352,0.0000,-0.0012,0.0155,0.0775,0.3027,-0.0167,2.0569,-1.1217,0.3779
2015,184,Hayden Zillmer,North Dakota St.,8,5,5.1638,6.0000,-0.1638,0.2139,-1.4938,0.0000,0.0000,-0.6296,0.0000,-0.0371,1.7828,0.0000,-1.0004,0.2139,0.3063,-0.6296,0.9461,5.0128,-3.2300,-0.1638
2015,184,Jack Dechow,Old Dominion,4,2,3.1575,4.0000,-1.1575,0.0314,-0.5003,0.0000,0.0000,-0.2583,0.0000,-0.0002,-0.4301,0.0000,-0.0140,0.0314,-0.9303,-0.2583,0.0137,0.3467,-0.7769,-1.1575
2015,184,Jacob Kasper,Duke,2,0,0.6116,29.0000,-0.6116,-0.0300,-0.1002,0.0000,0.0000,0.0000,0.0000,-0.0002,-0.4812,0.0000,-0.1739,-0.0300,-0.4092,0.0000,0.0015,0.0109,-0.4921,-0.6116
2015,184,Jakob Scheffel,West Virginia,2,0,0.5617,31.0000,-0.5617,0.0287,-0.0977,0.0000,0.0000,0.0000,0.0000,-0.0015,-0.4912,0.0000,-0.1339,0.0287,-0.5041,0.0000,0.0476,0.0222,-0.5134,-0.5617
2015,184,John Rizqallah,Michigan St.,3,1,0.6990,30.0000,0.3010,0.0121,0.3951,0.0000,0.0000,-0.3415,0.0000,-0.0042,0.2395,0.0000,-0.0145,0.0121,0.4414,-0.3415,0.2034,0.4042,-0.1647,0.3010
2015,184,Kenny Courts,Ohio St.,6,4,1.4149,27.0000,2.5851,-0.1560,1.1014,0.0000,0.0000,1.1845,0.0000,0.0047,0.4505,0.0000,-0.9951,-0.1560,2.2990,1.1845,0.2527,2.6544,-2.2038,2.5851
2015,184,Lazarus Reyes,Illinois,3,1,0.8985,20.0000,0.1015,0.0532,-0.1353,0.0000,0.0000,0.0000,0.0000,-0.0065,0.1902,0.0000,-0.4027,0.0532,0.3234,0.0000,0.1277,0.3977,-0.2074,0.1015
2015,184,Lelund Weatherspoon,Iowa St.,3,1,1.2894,21.0000,-0.2894,-0.0437,-0.1097,0.0000,0.0000,0.5000,0.0000,-0.0031,-0.6330,0.0000,-0.2564,-0.0437,-0.7055,0.5000,0.2161,0.4312,-1.0642,-0.2894
2015,184,Lorenzo Thomas,Penn,4,2,2.5931,10.0000,-0.5931,-0.0391,0.0560,0.0000,0.0000,0.0000,0.0000,0.0136,0.0232,-0.6466,-0.9260,-0.0391,0.2971,0.0000,0.0749,1.2486,-1.2255,-0.5931
2015,184,Matthew McCutcheon,Penn St.,4,2,2.0429,14.0000,-0.0429,0.0096,-0.3951,0.0000,0.0000,0.0726,0.0000,0.0028,0.2672,0.0000,-0.1239,0.0096,-0.2705,0.0726,0.2693,1.7163,-1.4490,-0.0429
2015,184,Max Thomusseit,Pittsburgh,4,2,3.3402,2.0000,-1.3402,-0.0154,-0.7210,0.0000,0.0000,0.0000,0.0000,-0.0243,-0.5795,0.0000,-0.7369,-0.0154,-0.6705,0.0000,0.0825,0.6439,-1.2234,-1.3402
2015,184,Nathaniel Brown,Lehigh,5,4,2.8192,7.0000,1.1808,0.0088,0.5696,0.0000,0.0000,0.0000,0.0000,0.0266,0.5758,0.0000,-0.1374,0.0088,0.6675,0.0000,0.6419,1.3702,-0.7944,1.1808
2015,184,Nick Fiegener,Cal Poly,2,0,0.8325,19.0000,-0.8325,-0.0198,-0.1860,0.0000,0.0000,0.0000,0.0000,-0.0017,-0.6250,0.0000,-0.2356,-0.0198,-0.6154,0.0000,0.0384,0.5051,-1.1301,-0.8325
2015,184,Nolan Boyd,Oklahoma St.,3,1,1.3018,12.0000,-0.3018,0.1101,0.1577,0.0000,0.0000,0.0000,0.0000,-0.0039,-0.5657,0.0000,-0.3928,0.1101,0.5368,0.0000,-0.5559,1.2566,-1.8223,-0.3018
2015,184,Ophir Bernstein,Brown,3,1,1.2290,17.0000,-0.2290,-0.0261,-0.0389,0.0000,0.0000,0.0000,0.0000,-0.0010,-0.1630,0.0000,-0.2730,-0.0261,-0.2371,0.0000,0.3072,0.3603,-0.5233,-0.2290
2015,184,Patrick Kissel,Purdue,2,0,0.5313,32.0000,-0.5313,0.0142,-0.1634,0.0000,0.0000,0.0000,0.0000,-0.0005,-0.3816,0.0000,-0.2323,0.0142,-0.3238,0.0000,0.0106,0.0134,-0.3950,-0.5313
2015,184,Richard Robertson,Wisconsin,4,2,2.0456,15.0000,-0.0456,0.0540,0.0644,0.0000,0.0000,0.0000,0.0000,0.0003,-0.1322,-0.0321,-0.2886,0.0540,-0.3587,0.0000,0.5477,0.7717,-0.9038,-0.0456
2015,184,Sam Brooks,Iowa,4,2,1.5929,9.0000,0.4071,-0.0393,0.9413,0.0000,0.0000,0.0000,0.0000,0.0052,-0.5000,0.0000,-0.1164,-0.0393,0.0129,0.0000,0.5500,0.8056,-1.3056,0.4071
2015,184,Scott Patrick,Davidson,4,2,1.3552,22.0000,0.6448,0.0119,0.4367,0.0000,0.0000,0.0000,0.0000,0.0016,0.1945,0.0000,-0.4181,0.0119,0.3854,0.0000,0.6656,2.4702,-2.2757,0.6448
2015,184,Taylor Meeks,Oregon St.,4,2,3.1972,5.0000,-1.1972,-0.0958,-0.4003,0.0000,0.0000,0.0000,0.0000,0.0043,-0.7055,0.0000,-0.0424,-0.0958,-1.2558,0.0000,0.1968,1.6313,-2.3367,-1.1972
2015,184,Thomas Sleigh,Bucknell,2,0,0.6348,28.0000,-0.6348,-0.0194,-0.0257,0.0000,0.0000,-0.5000,0.0000,0.0007,-0.0903,0.0000,-0.0629,-0.0194,-0.0887,-0.5000,0.0362,0.1160,-0.2063,-0.6348
2015,184,Timothy Dudley,Nebraska,7,4,2.9685,16.0000,1.0315,-0.0963,1.8569,0.0000,0.0000,0.0000,0.0000,0.0453,-0.7744,0.0000,-0.2853,-0.0963,0.4562,0.0000,0.9569,3.1595,-3.9339,1.0315
2015,184,Victor Avery,Edinboro,6,5,1.6980,13.0000,3.3020,-0.1030,1.8452,0.0000,0.0000,0.2972,0.0000,0.0022,1.2605,0.0000,-0.2364,-0.1030,2.3913,0.2972,0.9530,1.9080,-0.6474,3.3020
2015,184,Willie Miklus,Missouri,7,5,1.8772,23.0000,3.1228,0.0960,0.4063,0.0000,0.0000,0.0000,0.0000,-0.0006,1.9424,0.6787,0.4439,0.0960,1.2209,0.0000,1.3621,4.3830,-2.4406,3.1228
2015,197,Aaron Studebaker,Nebraska,5,3,1.9661,15.0000,1.0339,0.0066,0.2171,0.0000,0.0000,0.0000,0.0000,-0.0072,0.4257,0.3918,0.1743,0.0066,-0.1050,0.0000,0.9579,1.1078,-0.6822,1.0339
2015,197,Abram Ayala,Princeton,3,1,1.9863,7.0000,-0.9863,-0.0298,-0.5327,0.0000,0.0000,0.0000,0.0000,-0.5226,0.0987,0.0000,-0.5995,-0.0298,0.2609,0.0000,-0.6179,1.6176,-1.5189,-0.9863
2015,197,Alex Polizzi,Northwestern,3,1,2.1967,11.0000,-1.1967,0.0120,-0.6765,0.0000,0.0000,0.0000,0.0000,-0.0018,-0.5304,0.0000,-0.1441,0.0120,-0.7974,0.0000,-0.2672,2.3381,-2.8685,-1.1967
2015,197,Anthony Abro,Eastern Mich.,4,2,1.2094,19.0000,0.7906,-0.0092,0.3063,0.0000,0.0000,0.5549,0.0000,0.0020,-0.0440,-0.0195,0.3584,-0.0092,-0.1938,0.5549,0.0803,1.5670,-1.6110,0.7906
2015,197,Basil Minto,Northern Iowa,2,0,0.4200,30.0000,-0.4200,-0.0403,-0.0655,0.0000,0.0000,0.0000,0.0000,-0.0018,-0.3124,0.0000,-0.1691,-0.0403,-0.1691,0.0000,-0.0415,0.0001,-0.3125,-0.4200
2015,197,Braden Atwood,Purdue,2,0,0.6116,29.0000,-0.6116,0.0149,-0.1616,0.0000,0.0000,0.0000,0.0000,-0.0022,-0.4626,0.0000,-0.1616,0.0149,-0.5994,0.0000,0.1346,0.1269,-0.5895,-0.6116
2015,197,Bryce Barnes,Army,2,0,0.4242,28.0000,-0.4242,0.0675,-0.0387,0.0000,0.0000,0.0000,0.0000,-0.0025,-0.4506,0.0000,-0.5428,0.0675,-0.0484,0.0000,0.0995,0.2181,-0.6687,-0.4242
2015,197,Canaan Bethea,Penn,5,3,1.9035,23.0000,1.0965,-0.0591,0.2988,0.0000,0.0000,0.5000,0.0000,-0.0074,0.3643,0.0000,-0.3005,-0.0591,0.4452,0.5000,0.5109,1.4192,-1.0549,1.0965
2015,197,Cody Crawford,Oregon St.,4,2,1.0030,21.0000,0.9970,-0.0140,0.5771,0.0000,0.0000,0.5706,0.0000,0.0086,-0.1453,0.0000,-0.2233,-0.0140,0.3436,0.5706,0.3202,1.2639,-1.4092,0.9970
2015,197,Conner Hartmann,Duke,6,3,1.9643,10.0000,1.0357,0.0055,1.2564,0.0000,0.0000,-0.3248,0.0000,-0.0131,0.1118,0.0000,-0.3709,0.0055,0.9619,-0.3248,0.7641,1.1545,-1.0427,1.0357
2015,197,Elliot Riddick,Lehigh,2,0,1.2497,16.0000,-1.2497,-0.0652,-0.5370,0.0000,0.0000,-0.5403,0.0000,0.0074,-0.1147,0.0000,-0.4892,-0.0652,-0.4225,-0.5403,0.2674,1.2398,-1.3545,-1.2497
2015,197,J`Den Cox,Missouri,6,4,5.2005,1.0000,-1.2005,0.0684,-0.9969,0.0000,0.0000,0.3248,0.0000,-0.0014,-0.5955,0.0000,-0.0439,0.0684,-1.5250,0.3248,-0.0248,0.6359,-1.2313,-1.2005
2015,197,Jace Bennett,Cornell,4,2,2.6382,9.0000,-0.6382,-0.0155,-0.2636,0.0000,0.0000,0.0000,0.0000,0.5186,-0.7538,-0.1239,-0.2297,-0.0155,-0.6084,0.0000,0.2154,1.3948,-2.1487,-0.6382
2015,197,Jake Smith,West Virginia,4,2,1.8539,18.0000,0.1461,-0.0471,0.3698,0.0000,0.0000,0.0000,0.0000,0.0283,-0.2049,0.0000,-0.3310,-0.0471,-0.0232,0.0000,0.5474,0.6639,-0.8687,0.1461
2015,197,Jake Tindle,SIU Edwardsville,3,1,0.7147,22.0000,0.2853,0.0024,0.0620,0.0000,0.0000,0.0000,0.0000,-0.0083,0.2292,0.0000,0.3888,0.0024,0.0682,0.0000,-0.1741,1.8127,-1.5835,0.2853
2015,197,Jared Haught,Virginia Tech,3,1,1.3110,20.0000,-0.3110,-0.0032,0.1745,0.0000,0.0000,-0.4374,0.0000,0.0011,-0.0460,0.0000,-0.0145,-0.0032,0.4947,-0.4374,-0.3506,1.5464,-1.5924,-0.3110
2015,197,Jeffrey Koepke,Illinois,3,1,0.9064,17.0000,0.0936,0.0140,0.0210,0.0000,0.0000,0.5403,0.0000,-0.0474,-0.4343,0.0000,-0.2161,0.0140,-0.5677,0.5403,0.3231,0.4863,-0.9206,0.0936
2015,197,Kevin Beazley,Old Dominion,2,0,0.6799,26.0000,-0.6799,0.0545,-0.1979,0.0000,0.0000,0.0000,0.0000,0.0099,-0.5464,0.0000,-0.1223,0.0545,-0.6276,0.0000,0.0155,0.1165,-0.6629,-0.6799
2015,197,Kyle Snyder,Ohio St.,5,4,2.8620,4.0000,1.1380,0.0579,0.9228,0.0000,0.0000,0.0000,0.0000,-0.0017,0.3894,-0.2304,-0.5947,0.0579,1.4642,0.0000,0.2106,1.2377,-0.8483,1.1380
2015,197,Kyven Gadson,Iowa St.,5,5,3.8261,3.0000,1.1739,0.0336,0.0561,0.0000,0.0000,0.0000,0.0000,0.0004,0.8339,0.2499,-0.1191,0.0336,0.7602,0.0000,0.4992,1.0545,-0.2206,1.1739
2015,197,Max Huntley,Michigan,6,3,3.1311,8.0000,-0.1311,-0.0705,-0.0840,0.0000,0.0000,0.0000,0.0000,0.0074,0.1707,-0.1547,-0.2674,-0.0705,-0.0973,0.0000,0.3041,1.6583,-1.4876,-0.1311
2015,197,Morgan McIntosh,Penn St.,7,6,5.3083,2.0000,0.6917,0.0342,-0.6339,0.0000,0.0000,0.0000,0.0000,-0.0001,1.2915,0.0000,-0.4224,0.0342,0.6885,0.0000,0.3913,2.2080,-0.9165,0.6917
2015,197,Nathan Burak,Iowa,6,4,3.7020,6.0000,0.2980,0.0121,0.0220,0.0000,0.0000,0.0000,0.0000,0.0018,0.2622,0.0000,-0.2240,0.0121,0.2909,0.0000,0.2191,1.4776,-1.2155,0.2980
2015,197,Phillip Wellington,Ohio,3,1,1.8104,14.0000,-0.8104,0.0885,-0.0221,0.0000,0.0000,-0.5549,0.0000,-0.0004,-0.3214,0.0000,-0.0780,0.0885,-0.1411,-0.5549,-0.1249,0.7116,-1.0330,-0.8104
2015,197,Scott Schiller,Minnesota,7,5,4.5481,5.0000,0.4519,-0.0875,-0.1606,0.0000,0.0000,0.0000,0.0000,0.0321,0.5133,0.1547,-0.1970,-0.0875,0.2006,0.0000,0.5358,1.7625,-1.2492,0.4519
2015,197,Scottie Boykin,Chattanooga,3,1,0.7603,32.0000,0.2397,0.0828,0.2033,0.0000,0.0000,0.0000,0.0000,0.0002,0.2213,-0.2679,-0.7408,0.0828,0.6536,0.0000,0.2442,0.9526,-0.7313,0.2397
2015,197,Shane Woods,Wyoming,5,3,2.2474,13.0000,0.7526,-0.0874,-0.1414,0.0000,0.0000,0.4374,0.0000,0.0001,0.5438,0.0000,0.1403,-0.0874,-0.1419,0.4374,0.4041,1.5634,-1.0197,0.7526
2015,197,Shawn Scott,Northern Ill.,2,0,0.4262,25.0000,-0.4262,0.0164,-0.0505,0.0000,0.0000,0.0000,0.0000,-0.0075,-0.3845,0.0000,-0.1239,0.0164,-0.4196,0.0000,0.1010,0.1449,-0.5294,-0.4262
2015,197,Timothy McCall,Wisconsin,5,3,3.2257,12.0000,-0.2257,-0.0476,-0.0125,0.0000,0.0000,-0.5706,0.0000,0.0015,0.4035,0.0000,-0.2351,-0.0476,0.1416,-0.5706,0.4860,1.2005,-0.7969,-0.2257
2015,197,Trent Noon,Northern Colorado,3,1,0.9262,24.0000,0.0738,0.0140,0.1606,0.0000,0.0000,0.0000,0.0000,-0.0048,-0.0960,0.0000,-0.4141,0.0140,-0.1164,0.0000,0.5904,1.0157,-1.1116,0.0738
2015,197,Vincent Pickett,Edinboro,2,0,0.4253,27.0000,-0.4253,-0.0153,0.0145,0.0000,0.0000,0.0000,0.0000,-0.0010,-0.4234,0.0000,-0.0976,-0.0153,-0.2875,0.0000,-0.0248,0.0096,-0.4330,-0.4253
2015,197,Zach Nye,Virginia,2,0,0.5617,31.0000,-0.5617,0.0064,-0.0869,0.0000,0.0000,-0.5000,0.0000,0.0118,0.0070,0.0000,-0.0568,0.0064,0.1172,-0.5000,-0.1286,0.1743,-0.1673,-0.5617
2015,285,Adam Coon,Michigan,5,4,2.7542,6.0000,1.2458,0.0220,0.2369,0.0000,0.0000,0.5819,0.0466,0.0026,0.2976,0.0583,-0.0572,0.0220,0.5355,0.5819,0.1637,1.3057,-1.0081,1.2458
2015,285,Austin Marsden,Oklahoma St.,4,2,2.9466,4.0000,-0.9466,0.0530,-0.5048,0.0000,0.0000,-0.5170,0.0000,-0.0004,0.0227,0.0000,-0.0064,0.0530,-0.4543,-0.5170,-0.0218,0.3263,-0.3036,-0.9466
2015,285,Blaize Cabell,Northern Iowa,4,2,1.9528,7.0000,0.0472,0.0082,-0.4857,0.0000,0.0000,0.4687,0.0000,0.0021,0.0540,0.0000,-0.2305,0.0082,-0.2764,0.4687,0.0773,0.6642,-0.6103,0.0472
2015,285,Bobby Telford,Iowa,8,6,6.3536,3.0000,-0.3536,-0.0618,-0.3398,0.0000,0.0000,-0.5383,0.0000,0.0360,0.4655,0.0849,-0.2811,-0.0618,-0.0607,-0.5383,0.5883,1.2826,-0.8171,-0.3536
2015,285,Brooks Black,Illinois,3,1,0.9040,26.0000,0.0960,0.0086,0.2976,0.0000,0.0000,0.0000,0.0000,0.0243,-0.2345,0.0000,0.4079,0.0086,-0.4466,0.0000,0.1261,1.2880,-1.5225,0.0960
2015,285,Collin Jensen,Nebraska,4,2,1.0344,27.0000,0.9656,-0.0326,0.7280,0.0000,0.0000,0.0000,0.0000,-0.0023,0.3307,-0.0583,-0.0723,-0.0326,0.4930,0.0000,0.5774,0.9288,-0.5980,0.9656
2015,285,Connor Medbery,Wisconsin,6,4,3.2126,5.0000,0.7874,0.0276,0.0218,0.0000,0.0000,1.0554,0.0000,-0.0033,-0.3141,0.0000,-0.3126,0.0276,-0.2120,1.0554,0.2290,1.1001,-1.4142,0.7874
2015,285,David Ng,Harvard,1,0,0.5000,,-0.5000,0.0311,-0.3502,0.0000,0.0000,0.0000,0.0000,-0.0114,-0.1695,0.0000,-0.0663,0.0311,-0.0901,0.0000,-0.3747,0.0000,-0.1695,-0.5000
2015,285,Denzel Dejournette,Appalachian St.,3,1,1.6978,12.0000,-0.6978,0.0390,-0.4342,0.0000,0.0000,0.0000,0.0000,0.0003,-0.3029,0.0000,-0.3207,0.0390,-0.7442,0.0000,0.3281,0.8191,-1.1220,-0.6978
2015,285,Devin Mellon,Missouri,5,3,3.0351,11.0000,-0.0351,0.1261,-0.3702,0.0000,0.0000,0.4211,-0.0466,0.0049,-0.1704,0.0000,-0.4191,0.1261,-0.1929,0.4211,0.0297,1.1623,-1.3327,-0.0351
2015,285,Evan Knutson,North Dakota St.,4,2,1.6255,16.0000,0.3745,-0.0532,0.3098,0.0000,0.0000,0.0000,0.0000,0.0032,0.1146,0.0000,0.1326,-0.0532,-0.0490,0.0000,0.3441,0.8213,-0.7067,0.3745
2015,285,Garrett Ryan,Columbia,1,0,0.2241,24.0000,-0.2241,-0.0304,-0.0852,0.0000,0.0000,0.0000,0.0000,-0.0010,-0.1075,0.0000,-0.0700,-0.0304,0.1752,0.0000,-0.2989,0.2358,-0.3433,-0.2241
2015,285,J.J. Everard,South Dakota St.,2,0,0.4200,19.0000,-0.4200,-0.0141,0.0992,0.0000,0.0000,0.0000,0.0000,0.0000,-0.2257,-0.2793,-0.2624,-0.0141,0.0839,0.0000,-0.2274,0.8284,-1.0541,-0.4200
2015,285,Jacob Aiken-Phillips,Cornell,3,1,0.9481,25.0000,0.0519,-0.0405,0.2559,0.0000,0.0000,0.0000,0.0000,0.0062,-0.1697,0.0000,0.2408,-0.0405,-0.2864,0.0000,0.1380,0.2526,-0.4223,0.0519
2015,285,Jacob Henderson,Old Dominion,3,1,1.2290,18.0000,-0.2290,-0.0158,0.0889,0.0000,0.0000,0.0000,0.0000,0.0010,-0.3032,0.0000,-0.2333,-0.0158,-0.1211,0.0000,0.1413,0.2716,-0.5748,-0.2290
2015,285,Jacob Kettler,George Mason,2,0,0.8752,17.0000,-0.8752,0.0337,-0.3599,0.0000,0.0000,0.0000,0.0000,-0.0049,-0.5441,0.0000,-0.4343,0.0337,-0.3172,0.0000,-0.1574,0.3311,-0.8753,-0.8752
2015,285,James Lawson,Penn St.,5,3,2.3744,8.0000,0.6256,-0.0207,0.0170,0.0000,0.0000,0.4800,0.0000,-0.0137,0.1631,0.0000,-0.2154,-0.0207,0.3406,0.4800,0.0411,0.8258,-0.6627,0.6256
2015,285,Jared Johnson,Chattanooga,2,0,0.6116,29.0000,-0.6116,-0.0382,-0.1936,0.0000,0.0000,0.0000,0.0000,-0.0012,-0.3785,0.0000,-0.3579,-0.0382,-0.4204,0.0000,0.2049,0.3473,-0.7258,-0.6116
2015,285,Joe Stolfi,Bucknell,2,1,1.3350,14.0000,-0.3350,0.0359,-0.1627,0.0000,0.0000,-0.5549,0.0000,-0.0084,0.1072,0.2479,0.2699,0.0359,-0.2234,-0.5549,0.1374,1.4691,-1.3619,-0.3350
2015,285,Michael Kroells,Minnesota,7,4,4.2498,9.0000,-0.2498,0.1661,-0.5631,0.0000,0.0000,0.4030,0.0000,-0.0215,-0.2343,0.0000,-0.1776,0.1661,-1.0537,0.4030,0.4124,1.0727,-1.3070,-0.2498
2015,285,Michael McMullan,Northwestern,6,5,4.8372,2.0000,0.1628,0.0371,-0.1473,0.0000,0.0000,-0.5819,-0.0028,0.0078,0.8500,0.0000,-0.0368,0.0371,0.6022,-0.5819,0.1422,1.1548,-0.3048,0.1628
2015,285,Mimmo Lytle,Kent St.,2,0,0.7894,21.0000,-0.7894,0.0124,-0.3705,0.0000,0.0000,0.0000,0.0000,-0.0053,-0.4260,0.0000,-0.1129,0.0124,-0.1932,0.0000,-0.4958,0.4544,-0.8804,-0.7894
2015,285,Nathan Butler,Stanford,2,0,0.7678,22.0000,-0.7678,-0.0522,-0.3813,0.0000,0.0000,0.0000,0.0000,-0.0003,-0.3340,0.0000,-0.2789,-0.0522,-0.5059,0.0000,0.0692,0.5760,-0.9100,-0.7678
2015,285,Nick Gwiazdowski,North Carolina St.,3,3,2.7704,1.0000,0.2296,-0.0244,-0.0128,0.0000,0.0000,0.0000,0.0000,0.0031,0.2637,0.0000,0.2215,-0.0244,-0.0327,0.0000,0.0652,0.7666,-0.5029,0.2296
2015,285,Nick Tavanello,Ohio St.,2,0,0.7460,23.0000,-0.7460,-0.0529,-0.2395,0.0000,0.0000,0.0000,0.0000,-0.0269,-0.4267,0.0000,-0.2125,-0.0529,0.0444,0.0000,-0.5250,1.1315,-1.5582,-0.7460
2015,285,Riley Shaw,Cleveland St.,3,1,0.9025,28.0000,0.0975,-0.0499,0.5151,0.0000,0.0000,-0.4211,0.0000,-0.0039,0.0573,-0.0000,0.2850,-0.0499,0.2176,-0.4211,0.0659,0.4525,-0.3952,0.0975
2015,285,Ross Larson,Oklahoma,3,1,1.3994,15.0000,-0.3994,-0.0299,-0.1287,0.0000,0.0000,0.0000,0.0000,-0.0020,-0.2388,0.0000,-0.1678,-0.0299,-0.3061,0.0000,0.1044,0.3437,-0.5825,-0.3994
2015,285,Ryan Solomon,Pittsburgh,3,1,1.0788,20.0000,-0.0788,-0.0170,0.0320,0.0000,0.0000,0.0000,0.0000,-0.0059,-0.0879,0.0000,-0.3559,-0.0170,-0.1200,0.0000,0.4141,0.7884,-0.8763,-0.0788
2015,285,Spencer Myers,Maryland,4,2,0.8016,30.0000,1.1984,-0.0495,0.8190,0.0000,0.0000,0.1519,0.0000,0.0146,0.2623,0.0000,-0.1040,-0.0495,0.8598,0.1519,0.3403,1.4020,-1.1397,1.1984
2015,285,Tanner Harms,Wyoming,2,0,0.5617,31.0000,-0.5617,0.0079,-0.2458,0.0000,0.0000,0.0000,0.0028,-0.0026,-0.3241,0.0000,-0.2011,0.0079,-0.3932,0.0000,0.0247,0.0251,-0.3492,-0.5617
2015,285,Ty Walz,Virginia Tech,7,5,3.8487,10.0000,1.1513,-0.0277,1.0440,0.0000,0.0000,-0.9486,0.0000,0.0009,1.0827,0.0000,-0.2735,-0.0277,2.0134,-0.9486,0.3877,1.7781,-0.6954,1.1513
2015,285,Tyler Deuel,Binghamton,3,1,1.0818,13.0000,-0.0818,-0.0021,0.0383,0.0000,0.0000,0.0000,0.0000,0.0047,-0.0694,-0.0534,-0.1843,-0.0021,0.0278,0.0000,0.0768,0.3324,-0.4017,-0.0818
2015,285,Unknown,Unknown,2,2,1.0000,,1.0000,-0.0331,0.6294,0.0000,0.0000,0.0000,0.0000,0.0007,0.4030,0.0000,0.0916,-0.0331,0.7620,0.0000,0.1795,0.8235,-0.4205,1.0000
2015,285,William Smith,Rutgers,4,2,1.1311,32.0000,0.8689,0.0371,0.2421,0.0000,0.0000,0.0000,0.0000,0.0027,0.5870,0.0000,0.0113,0.0371,0.3439,0.0000,0.4765,1.0490,-0.4620,0.8689
2016,125,Alfredo Rodriguez,SIU Edwardsville,4,2,1.1389,31.0000,0.8611,-0.0133,0.3925,0.0000,0.0000,0.0000,0.0000,0.0014,0.4804,0.0000,0.0755,-0.0133,0.7976,0.0000,0.0012,2.0207,-1.5403,0.8611
2016,125,Barlow McGhee,Missouri,5,3,3.7245,8.0000,-0.7245,0.0316,-0.9813,0.0000,0.0000,-1.1173,0.0000,-0.0365,1.3791,0.0000,-0.6724,0.0316,0.8228,-1.1173,0.2108,2.0790,-0.6999,-0.7245
2016,125,Brandon Jeske,Old Dominion,3,2,0.7416,,1.2584,-0.0250,1.1827,0.0000,0.0000,-0.3823,-0.0664,0.0097,0.0742,0.4654,0.5076,-0.0250,0.6457,-0.3823,0.5124,0.7041,-0.6299,1.2584
2016,125,Brent Fleetwood,Central Michigan,3,1,0.9441,29.0000,0.0559,0.0328,-0.0694,0.0000,0.0000,0.5000,0.0000,-0.0055,-0.4019,-0.0000,-0.1449,0.0328,-0.4131,0.5000,0.0812,0.1601,-0.5620,0.0559
2016,125,Chasen Tolbert,Utah Valley,2,0,0.5875,30.0000,-0.5875,0.0066,-0.2959,0.0000,0.0000,0.0000,0.0000,-0.0247,-0.2734,0.0000,-0.2525,0.0066,-0.5333,0.0000,0.1918,0.2145,-0.4879,-0.5875
2016,125,Connor Schram,Stanford,6,3,3.3886,10.0000,-0.3886,-0.1093,-0.1095,0.0000,0.0000,-0.5877,0.0000,0.0072,0.4437,-0.0331,-0.1240,-0.1093,-0.6942,-0.5877,1.1266,1.3561,-0.9124,-0.3886
2016,125,Conor Youtsey,Michigan,6,4,1.2243,27.0000,2.7757,-0.0597,1.0259,0.5000,0.0000,1.6946,0.0000,-0.0042,-0.3809,0.0000,-0.2881,-0.0597,0.6076,1.6946,0.8213,0.9995,-1.3804,2.7757
2016,125,Dalton Macri,Cornell,4,2,1.6002,22.0000,0.3998,0.1028,0.1628,-0.5000,0.0000,0.0789,0.0000,0.0437,0.4814,0.0302,0.1437,0.1028,0.1263,0.0789,-0.0518,2.0336,-1.5522,0.3998
2016,125,Darian Cruz,Lehigh,5,3,3.4735,7.0000,-0.4735,-0.0691,-0.5513,0.0000,0.0000,-0.0907,0.0030,-0.0070,0.2416,0.0000,-0.4549,-0.0691,0.5137,-0.0907,-0.3725,0.9611,-0.7195,-0.4735
2016,125,David Terao,American,6,4,1.6765,15.0000,2.3235,-0.0057,2.1083,0.0000,0.0000,0.0000,0.0230,0.0134,0.1515,0.0331,-0.3068,-0.0057,1.0936,0.0000,1.5424,2.3852,-2.2336,2.3235
2016,125,Drew Romero,Air Force,3,1,0.9242,28.0000,0.0758,-0.0543,0.4124,0.0000,0.0000,0.0000,0.0000,-0.0047,-0.2474,-0.0302,-0.6092,-0.0543,0.2906,0.0000,0.4486,1.2957,-1.5431,0.0758
2016,125,Drew Templeman,Wyoming,3,1,0.8820,25.0000,0.1180,-0.0024,-0.0636,0.0000,0.0000,0.5000,-0.0030,-0.0056,-0.3074,0.0000,-0.3410,-0.0024,-0.8166,0.5000,0.7780,1.0315,-1.3389,0.1180
2016,125,Dylan Peters,Northern Iowa,6,4,2.9818,9.0000,1.0182,-0.0127,-0.2593,0.0000,0.0000,0.5104,-0.0230,0.0001,0.3694,0.4333,-0.3014,-0.0127,0.3179,0.5104,0.5041,1.2962,-0.9268,1.0182
2016,125,Eddie Klimara,Oklahoma St.,2,0,1.5042,6.0000,-1.5042,0.0149,-0.7007,0.0000,0.0000,-0.5529,0.0000,-0.0087,-0.2567,0.0000,-0.5422,0.0149,-0.2787,-0.5529,-0.1452,0.3118,-0.5686,-1.5042
2016,125,Elijah Oliver,Indiana,3,1,1.3007,16.0000,-0.3007,0.0366,0.0242,0.0000,0.0000,0.0000,0.0000,-0.0001,-0.3614,0.0000,-0.0841,0.0366,-0.4393,0.0000,0.1861,1.1388,-1.5002,-0.3007
2016,125,Joey Dance,Virginia Tech,3,1,2.7694,2.0000,-1.7694,0.0207,-1.6253,0.0000,0.0000,0.0000,0.0664,-0.0149,-0.2162,0.0000,-0.5549,0.0207,-0.9114,0.0000,-0.3239,0.8015,-1.0178,-1.7694
2016,125,Johnny Jimenez,Wisconsin,2,0,0.6799,26.0000,-0.6799,-0.0123,-0.1198,0.0000,0.0000,0.0000,0.0000,-0.0006,-0.5472,0.0000,-0.2116,-0.0123,-0.5831,0.0000,0.1271,0.1486,-0.6958,-0.6799
2016,125,Joshua Rodriguez,North Dakota St.,5,3,2.5309,14.0000,0.4691,-0.0496,0.4492,0.0000,0.0000,0.0000,0.0000,-0.0028,0.1469,-0.0746,-0.0477,-0.0496,0.3173,0.0000,0.2491,1.2145,-1.0676,0.4691
2016,125,Kyle Larson,Iowa St.,1,0,0.0313,32.0000,-0.0313,0.0002,0.0236,0.0000,0.0000,0.0000,0.0000,0.0000,-0.0551,-0.0000,-0.0147,0.0002,-0.0130,0.0000,-0.0039,-0.0034,-0.0517,-0.0313
2016,125,Lorenzo Bentley,Pittsburgh,3,1,0.9481,23.0000,0.0519,-0.0581,0.5256,0.0000,0.0000,0.0000,0.0000,-0.0131,-0.4025,0.0000,-0.3830,-0.0581,0.1957,0.0000,0.2973,0.9142,-1.3167,0.0519
2016,125,Nathan Tomasello,Ohio St.,6,5,5.5257,1.0000,-0.5257,-0.0048,-0.3311,0.0000,0.0000,-0.6058,0.0000,-0.0043,0.4203,0.0000,-0.0727,-0.0048,0.1153,-0.6058,0.0424,0.6746,-0.2543,-0.5257
2016,125,Nick Herrmann,Virginia,2,0,0.8539,18.0000,-0.8539,-0.0140,-0.6473,0.0000,0.0000,0.0000,0.0000,-0.0041,-0.1886,0.0000,-0.4221,-0.0140,-0.3627,0.0000,-0.0550,1.1738,-1.3624,-0.8539
2016,125,Nico Megaludis,Penn State,5,5,4.0818,3.0000,0.9182,0.0206,-0.0499,0.0000,0.0000,0.0000,0.0000,0.0081,0.9394,0.0000,-0.0050,0.0206,0.7176,0.0000,0.1850,1.3298,-0.3904,0.9182
2016,125,Paul Petrov,Bucknell,2,0,1.4211,12.0000,-1.4211,0.0450,-0.8017,0.0000,0.0000,-0.5706,0.0000,0.0008,-0.0947,0.0000,-0.5284,0.0450,-0.8823,-0.5706,0.5153,1.7069,-1.8016,-1.4211
2016,125,Ronnie Bresser,Oregon St.,5,3,2.8268,11.0000,0.1732,-0.0297,-0.2137,0.0000,0.0000,-0.0260,0.0000,0.0118,0.4001,0.0308,-0.5623,-0.0297,0.8989,-0.0260,-0.1076,1.3500,-0.9500,0.1732
2016,125,Ryan Millhof,Oklahoma,6,4,4.0879,5.0000,-0.0879,0.2248,0.1536,0.0000,0.0000,0.4730,0.0000,0.0124,-0.5928,-0.3588,-0.0600,0.2248,-0.9753,0.4730,0.2497,0.4786,-1.0714,-0.0879
2016,125,Sean Fausz,NC State,3,1,1.1435,19.0000,-0.1435,-0.0183,0.0989,0.0000,0.0000,0.0000,0.0000,0.0232,-0.2473,0.0000,-0.5207,-0.0183,0.1471,0.0000,0.2483,0.4629,-0.7102,-0.1435
2016,125,Sean McCabe,Rutgers,2,0,0.8752,17.0000,-0.8752,0.0167,-0.2120,0.0000,0.0000,0.0000,0.0000,-0.0002,-0.2142,-0.4654,-0.5943,0.0167,-0.3306,0.0000,0.0331,0.1053,-0.3195,-0.8752
2016,125,Sean Russell,Edinboro,3,1,0.6920,21.0000,0.3080,-0.0722,0.2298,0.0000,0.0000,0.5706,0.0000,-0.0037,-0.3856,-0.0308,-0.1962,-0.0722,-0.1804,0.5706,0.1862,1.1225,-1.5082,0.3080
2016,125,Shakur Laney,Ohio,2,0,0.7241,24.0000,-0.7241,0.0089,-0.0163,0.0000,0.0000,-0.5000,0.0000,0.0057,-0.2224,0.0000,-0.7237,0.0089,0.1656,-0.5000,0.3250,0.8049,-1.0273,-0.7241
2016,125,Thomas Gilman,Iowa,5,4,2.8620,4.0000,1.1380,0.0315,0.2117,0.0000,0.0000,0.6058,0.0000,0.0074,0.2816,0.0000,-0.3788,0.0315,0.7024,0.6058,0.1772,1.0744,-0.7928,1.1380
2016,125,Tim Lambert,Nebraska,4,2,2.0431,13.0000,-0.0431,0.0113,0.2412,0.0000,0.0000,0.0000,-0.0244,-0.0087,-0.2625,0.0000,-0.1010,0.0113,-0.8947,0.0000,0.9413,0.9231,-1.1855,-0.0431
2016,125,Zachary Fuentes,Drexel,2,0,0.8110,20.0000,-0.8110,0.0055,-0.1943,0.0000,0.0000,-0.5000,0.0244,0.0046,-0.1512,0.0000,-0.2502,0.0055,-0.1670,-0.5000,0.1007,0.2068,-0.3580,-0.8110
2016,133,Anthony Giraldo,Rutgers,2,0,1.2497,16.0000,-1.2497,0.0077,-0.5438,0.0000,0.0000,0.0000,0.0000,-0.0045,-0.7050,-0.0039,-0.4229,0.0077,-0.7430,0.0000,-0.0914,0.2302,-0.9352,-1.2497
2016,133,Austin Eicher,Northern Ill.,2,0,0.8325,19.0000,-0.8325,-0.0465,-0.1477,0.0000,0.0000,0.0000,0.0000,-0.0013,-0.6370,0.0000,-0.2306,-0.0465,-0.4741,0.0000,-0.0813,0.0140,-0.6510,-0.8325
2016,133,Bryan Lantry,Buffalo,2,0,0.8110,20.0000,-0.8110,-0.1233,-0.1320,0.0000,0.0000,0.0000,0.0000,-0.0000,-0.5556,0.0000,-0.1682,-0.1233,-0.5259,0.0000,0.0065,0.1064,-0.6620,-0.8110
2016,133,Cameron Kelly,Ohio,3,1,1.5956,13.0000,-0.5956,-0.0426,-0.3921,0.0000,0.0000,0.0000,0.0000,-0.0010,-0.1599,0.0000,-0.4333,-0.0426,-0.2337,0.0000,0.1140,0.5172,-0.6771,-0.5956
2016,133,Cody Brewer,Oklahoma,6,5,3.4979,4.0000,1.5021,-0.0141,0.3677,0.0000,0.0000,0.0000,0.0000,0.0106,1.1766,-0.0388,-0.1131,-0.0141,1.2030,0.0000,0.4262,2.3758,-1.1992,1.5021
2016,133,Corey Keener,Central Michigan,3,1,0.9025,28.0000,0.0975,-0.0280,0.3232,0.0000,0.0000,0.0000,0.0000,0.0075,-0.2052,0.0000,-0.4079,-0.0280,0.5041,0.0000,0.0292,1.0645,-1.2697,0.0975
2016,133,Cory Clark,Iowa,5,4,3.5228,2.0000,0.4772,0.0356,-0.4500,0.0000,0.0000,0.0000,0.0000,-0.0017,0.8933,0.0000,0.0874,0.0356,-0.0378,0.0000,0.3920,1.7041,-0.8108,0.4772
2016,133,Dalton Brady,Arizona St.,3,1,0.9469,27.0000,0.0531,0.0691,0.5767,0.0000,0.0000,-0.4294,0.0000,-0.0074,-0.1856,0.0297,0.0345,0.0691,0.8415,-0.4294,-0.4626,1.1280,-1.3136,0.0531
2016,133,Dom Forys,Pittsburgh,5,3,2.9443,11.0000,0.0557,0.0030,-0.4794,0.0000,0.0000,0.0000,0.0128,0.0024,0.3645,0.1524,-0.1803,0.0030,0.3134,0.0000,-0.0803,2.0262,-1.6616,0.0557
2016,133,Dominick Malone,Northwestern,2,0,0.7678,22.0000,-0.7678,-0.0389,0.0735,0.0000,0.0000,0.0000,0.0000,-0.0018,-0.7407,-0.0598,0.2387,-0.0389,-1.1073,0.0000,0.1398,0.4656,-1.2063,-0.7678
2016,133,Earl Hall,Iowa St.,6,4,3.2134,8.0000,0.7866,-0.0193,0.5106,0.0000,0.0000,0.0000,0.0976,-0.0156,0.2125,0.0009,-0.3634,-0.0193,0.5748,0.0000,0.5947,1.6521,-1.4396,0.7866
2016,133,Eric Montoya,Nebraska,7,5,3.8980,7.0000,1.1020,-0.0477,0.4491,0.0000,0.0000,0.0000,0.0000,0.0008,0.5331,0.1667,0.0991,-0.0477,-0.5573,0.0000,1.6079,2.2204,-1.6873,1.1020
2016,133,Gary Wayne Harding,Oklahoma St.,2,0,0.8539,18.0000,-0.8539,0.0556,-0.2286,0.0000,0.0000,0.0000,0.0000,-0.0002,-0.6807,0.0000,-0.3828,0.0556,-0.9086,0.0000,0.3819,0.7112,-1.3919,-0.8539
2016,133,Geoffrey Alexander,Maryland,3,1,1.4964,14.0000,-0.4964,0.0144,0.3337,0.0000,0.0000,-0.5549,0.0000,0.0060,-0.2955,0.0000,0.0402,0.0144,-0.4959,-0.5549,0.4998,1.5600,-1.8556,-0.4964
2016,133,George DiCamillo,Virginia,4,2,2.6856,6.0000,-0.6856,-0.0286,-0.2228,0.0000,0.0000,0.0000,0.0000,-0.0071,-0.4272,0.0000,-0.8201,-0.0286,0.1314,0.0000,0.0316,1.4098,-1.8370,-0.6856
2016,133,Jade Rauser,Utah Valley,7,4,1.8253,31.0000,2.1747,-0.0920,0.9053,0.0000,0.0000,0.0000,0.0000,0.0212,1.3412,-0.0009,-0.5901,-0.0920,1.4687,0.0000,1.3881,3.2824,-1.9412,2.1747
2016,133,Jamal Morris,NC State,4,2,1.2118,29.0000,0.7882,0.1294,-0.0721,0.0000,0.0000,0.5549,0.0000,-0.0051,0.3033,-0.1222,-0.4063,0.1294,0.5365,0.5549,-0.0264,2.1087,-1.8055,0.7882
2016,133,Joey Palmer,Oregon St.,4,2,1.1879,30.0000,0.8121,0.0938,0.3849,0.0000,0.0000,0.0000,0.0000,-0.0425,0.3759,0.0000,-0.1004,0.0938,0.8496,0.0000,-0.0308,1.4667,-1.0908,0.8121
2016,133,Johnni DiJulius,Ohio St.,3,1,1.9101,10.0000,-0.9101,-0.0191,-1.0321,0.0000,0.0000,0.0000,0.0000,-0.0107,0.0402,0.1116,-0.9159,-0.0191,0.1010,0.0000,-0.0761,1.0362,-0.9960,-0.9101
2016,133,Jordan Conaway,Penn State,7,4,4.4849,5.0000,-0.4849,-0.1085,-1.0204,0.0000,0.0000,0.0000,-0.0792,0.0249,0.6983,0.0000,-0.9921,-0.1085,1.2898,0.0000,-0.6740,3.9896,-3.2913,-0.4849
2016,133,Josh Alber,Northern Iowa,3,1,1.3994,15.0000,-0.3994,-0.0418,0.0171,0.0000,0.0000,0.0000,0.0000,-0.0001,-0.3745,0.0000,-0.3828,-0.0418,-0.2979,0.0000,0.3231,0.6492,-1.0238,-0.3994
2016,133,Josh Martinez,Air Force,4,2,1.4481,25.0000,0.5519,0.0724,0.7941,0.0000,0.0000,0.0000,0.0000,-0.0054,-0.3091,0.0000,-0.1085,0.0724,-0.4341,0.0000,1.0221,1.7369,-2.0460,0.5519
2016,133,Mack McGuire,Kent St.,4,2,2.7949,9.0000,-0.7949,0.0579,-0.8057,0.0000,0.0000,0.4030,-0.0054,0.0205,-0.4652,0.0000,-0.3762,0.0579,-1.0149,0.4030,0.1353,0.9227,-1.3880,-0.7949
2016,133,Mason Beckman,Lehigh,5,3,1.3951,32.0000,1.6049,0.0372,0.8866,0.0000,0.0000,0.0000,0.0000,-0.0025,0.6835,0.0000,0.0332,0.0372,0.9752,0.0000,0.5592,2.0627,-1.3792,1.6049
2016,133,Nahshon Garrett,Cornell,5,5,4.2906,1.0000,0.7094,-0.0237,0.1117,0.0000,0.0000,0.0000,-0.0312,0.0028,0.6017,0.0482,-0.1346,-0.0237,0.6128,0.0000,0.2550,0.8192,-0.2175,0.7094
2016,133,Nathan Kraisser,Campbell,3,1,0.9064,17.0000,0.0936,0.0328,0.0927,0.0000,0.0000,0.0000,0.0000,-0.0159,-0.0105,-0.0055,-0.0345,0.0328,-0.2642,0.0000,0.3595,0.7363,-0.7467,0.0936
2016,133,Robert Deutsch,Rider,2,0,0.7460,23.0000,-0.7460,-0.0043,-0.0794,0.0000,0.0000,0.0000,0.0000,0.0000,-0.5506,-0.1117,-0.3118,-0.0043,-0.4357,0.0000,0.0058,0.0199,-0.5705,-0.7460
2016,133,Rosario Bruno,Michigan,2,0,0.7241,24.0000,-0.7241,0.0028,-0.1159,0.0000,0.0000,-0.4030,0.0000,0.0039,-0.2119,0.0000,-0.0448,0.0028,-0.3439,-0.4030,0.0648,0.4904,-0.7024,-0.7241
2016,133,Ryan Taylor,Wisconsin,5,3,2.7584,12.0000,0.2416,-0.0532,-0.1999,0.0000,0.0000,0.4294,0.0000,0.0296,0.2025,-0.1667,-0.0441,-0.0532,-0.2560,0.4294,0.1654,1.8449,-1.6424,0.2416
2016,133,Zach Synon,Missouri,2,0,0.7894,21.0000,-0.7894,0.0115,-0.2895,0.0000,0.0000,0.0000,0.0000,-0.0079,-0.5035,0.0000,-0.2201,0.0115,-1.0283,0.0000,0.4475,0.5781,-1.0816,-0.7894
2016,133,Zachary Davis,Navy,3,1,0.9040,26.0000,0.0960,-0.0044,0.0614,0.0000,0.0000,0.0000,0.0054,-0.0234,0.0570,0.0000,-0.1380,-0.0044,-0.0858,0.0000,0.3242,0.5321,-0.4751,0.0960
2016,133,Zane Richards,Illinois,6,4,4.0053,3.0000,-0.0053,0.1131,0.3234,0.0000,0.0000,0.0000,0.0000,0.0240,-0.4657,0.0000,-0.1688,0.1131,-0.1574,0.0000,0.2078,2.2743,-2.7400,-0.0053
2016,141,Anthony Abidin,Nebraska,5,3,2.0135,24.0000,0.9865,-0.0267,0.0271,0.0000,0.0000,0.0000,0.0000,0.0096,1.0491,-0.0726,-0.1007,-0.0267,-0.1165,0.0000,1.2303,2.2005,-1.1514,0.9865
2016,141,Anthony Ashnault,Rutgers,6,4,3.7255,4.0000,0.2745,0.0598,-0.3214,0.0000,0.0000,0.0000,0.0000,-0.0314,0.5676,0.0000,-1.0386,0.0598,0.7616,0.0000,0.4918,2.0617,-1.4941,0.2745
2016,141,Brock Zacherl,Clarion,3,1,1.3994,15.0000,-0.3994,-0.0101,-0.2572,0.0000,0.0000,0.0000,0.0000,-0.0072,-0.1249,0.0000,-0.3967,-0.0101,-0.1755,0.0000,0.1829,0.9469,-1.0718,-0.3994
2016,141,Bryce Meredith,Wyoming,5,4,1.2793,14.0000,2.7207,0.0979,2.0694,0.0000,0.0000,0.0000,0.0000,0.0899,0.4635,0.0000,0.8868,0.0979,0.8539,0.0000,0.8822,2.2283,-1.7648,2.7207
2016,141,Chris Mecate,Old Dominion,7,5,3.2398,12.0000,1.7602,-0.1119,0.5459,0.0000,0.0000,0.5375,0.0000,0.0380,0.6571,0.0936,0.1101,-0.1119,0.2494,0.5375,0.9751,1.9937,-1.3365,1.7602
2016,141,Danny Sabatello,Purdue,3,1,1.0875,30.0000,-0.0875,-0.0262,0.0883,0.0000,0.0000,0.0000,0.0000,0.0734,-0.5989,0.3758,0.7529,-0.0262,-1.0962,0.0000,0.2820,1.7448,-2.3436,-0.0875
2016,141,Dean Heil,Oklahoma St.,5,5,4.5392,1.0000,0.4608,0.0534,-0.0871,0.0000,0.0000,0.0000,0.0000,-0.0013,0.4958,0.0000,-0.1744,0.0534,0.3758,0.0000,0.2060,0.7446,-0.2488,0.4608
2016,141,Ian Nickell,Bakersfield,3,1,1.1575,27.0000,-0.1575,-0.0525,-0.0379,0.0000,0.0000,0.0000,0.0000,0.0005,-0.0667,-0.0008,-0.3854,-0.0525,0.1018,0.0000,0.1786,0.7096,-0.7763,-0.1575
2016,141,Jamel Hudson,Hofstra,3,1,0.5100,29.0000,0.4900,-0.0523,0.3286,0.0000,0.0000,0.0000,0.0000,0.0022,0.2114,-0.0000,0.0594,-0.0523,0.2005,0.0000,0.2824,0.8949,-0.6836,0.4900
2016,141,Jameson Oster,Northwestern,2,0,0.7021,25.0000,-0.7021,-0.0089,0.1349,0.0000,0.0000,0.0000,0.0000,-0.0101,-0.8179,-0.0000,-0.8868,-0.0089,0.3824,0.0000,-0.1887,0.7035,-1.5214,-0.7021
2016,141,Javier Gasca III,Michigan St.,2,0,0.5313,32.0000,-0.5313,-0.0190,-0.1888,0.0000,0.0000,0.0000,0.0000,-0.0010,-0.3225,0.0000,-0.2109,-0.0190,-0.2510,0.0000,-0.0504,0.3391,-0.6616,-0.5313
2016,141,Jimmy Gulibon,Penn State,4,2,1.4242,28.0000,0.5758,0.0210,0.4140,0.0000,0.0000,0.0000,0.0000,0.0170,0.1238,0.0000,-0.6492,0.0210,0.3474,0.0000,0.8566,1.6640,-1.5402,0.5758
2016,141,Joey McKenna,Stanford,6,5,5.0011,2.0000,-0.0011,0.0494,-0.5654,0.0000,0.0000,0.2971,0.0000,-0.0542,0.2720,0.0000,-0.2078,0.0494,0.2669,0.2971,-0.4067,1.2478,-0.9758,-0.0011
2016,141,Jordan Laster,Princeton,4,2,1.7290,17.0000,0.2710,-0.0009,0.2799,0.0000,0.0000,0.0000,0.0000,-0.0151,0.0279,-0.0208,-0.2637,-0.0009,0.1343,0.0000,0.4013,1.5085,-1.4806,0.2710
2016,141,Joseph Ward,North Carolina,6,4,3.0383,8.0000,0.9617,-0.1078,1.0602,0.0000,0.0000,-0.1054,0.0000,0.0559,0.0588,0.0000,-0.5526,-0.1078,1.0293,-0.1054,0.6982,1.2749,-1.2161,0.9617
2016,141,Kevin Jack,NC State,5,3,4.1814,3.0000,-1.1814,0.0275,-1.9677,0.0000,0.0000,0.0000,0.0000,-0.0641,0.8229,0.0000,-0.9876,0.0275,-1.1260,0.0000,0.9048,1.7342,-0.9113,-1.1814
2016,141,Logan Everett,Army,3,1,0.9259,23.0000,0.0741,0.0026,0.2373,0.0000,0.0000,0.0000,0.0000,0.0361,-0.2017,-0.0002,-0.0100,0.0026,0.0858,0.0000,-0.0043,0.3653,-0.5669,0.0741
2016,141,Matt Manley,Missouri,2,0,1.7304,5.0000,-1.7304,0.0318,-0.7895,0.0000,0.0000,0.0000,0.0000,-0.0059,-0.9668,0.0000,-1.2052,0.0318,-0.6640,0.0000,0.1070,0.1353,-1.1021,-1.7304
2016,141,Micah Jordan,Ohio St.,4,2,2.9938,6.0000,-0.9938,-0.1419,-0.7635,0.0000,0.0000,0.0000,0.0000,-0.0093,-0.0799,0.0008,-0.4639,-0.1419,0.9617,0.0000,-1.3497,1.3297,-1.4097,-0.9938
2016,141,Mike Longo,Appalachian St.,3,1,0.6920,21.0000,0.3080,-0.0251,0.4438,0.0000,0.0000,0.0000,0.0000,0.0013,-0.1120,0.0000,-0.3032,-0.0251,-0.0179,0.0000,0.6542,0.4972,-0.6092,0.3080
2016,141,Mike Pongracz,Chattanooga,3,1,0.6500,26.0000,0.3500,-0.0154,0.1678,0.0000,0.0000,0.0000,0.0000,-0.0056,0.2032,0.0000,-0.3010,-0.0154,0.5288,0.0000,0.1376,0.9598,-0.7565,0.3500
2016,141,Nicholas Gil,Navy,2,0,0.7678,22.0000,-0.7678,-0.0157,-0.2147,0.0000,0.0000,0.0000,0.0000,-0.0006,-0.5368,0.0000,-0.1695,-0.0157,-0.5857,0.0000,0.0031,0.0925,-0.6293,-0.7678
2016,141,Randy Cruz,Lehigh,7,4,2.4272,16.0000,1.5728,0.1226,1.1496,0.0000,0.0000,-0.4321,0.0000,0.0325,0.6078,0.0924,0.2934,0.1226,0.5468,-0.4321,1.0421,1.2661,-0.6583,1.5728
2016,141,Rick Durso,Frank. & Marsh.,4,2,2.6942,9.0000,-0.6942,0.0119,-0.4394,0.0000,0.0000,0.0000,0.0000,-0.0337,-0.2332,0.0000,-0.5794,0.0119,-0.5983,0.0000,0.4715,0.9295,-1.1627,-0.6942
2016,141,Robert Mathers,Arizona St.,2,0,0.8325,19.0000,-0.8325,0.0407,0.0999,0.0000,0.0000,0.0000,0.0000,0.0010,-0.5983,-0.3758,-0.3474,0.0407,0.0971,0.0000,-0.6229,1.0922,-1.6905,-0.8325
2016,141,Seth Gross,South Dakota St.,5,3,1.6025,20.0000,1.3975,-0.0213,0.0959,0.0000,0.0000,0.0000,0.0000,-0.0881,1.4111,0.0000,0.1670,-0.0213,0.5363,0.0000,0.7156,3.1472,-1.7362,1.3975
2016,141,Solomon Chishko,Virginia Tech,7,4,4.4373,7.0000,-0.4373,-0.0239,-0.2938,0.0000,0.0000,0.0000,-0.0000,-0.0019,-0.1178,0.0000,-0.1050,-0.0239,-0.4577,0.0000,0.1492,1.4490,-1.5668,-0.4373
2016,141,Steve Bleise,Northern Ill.,2,0,1.3780,13.0000,-1.3780,0.0725,-0.6230,0.0000,0.0000,0.0000,0.0000,-0.0019,-0.8256,0.0000,-0.3632,0.0725,-0.7289,0.0000,-0.3584,0.7803,-1.6059,-1.3780
2016,141,Todd Preston,Harvard,2,0,1.5081,10.0000,-1.5081,0.0230,-0.7228,0.0000,0.0000,0.0000,0.0000,-0.0321,-0.7761,0.0000,-0.0743,0.0230,-1.1828,0.0000,-0.2739,0.2307,-1.0067,-1.5081
2016,141,Tommy Thorn,Minnesota,4,2,2.0105,11.0000,-0.0105,0.0346,0.0654,0.0000,0.0000,0.0000,0.0000,0.0018,-0.1123,0.0000,-0.1745,0.0346,-0.0230,0.0000,0.1524,0.6254,-0.7376,-0.0105
2016,141,Tyler Smith,Bucknell,2,0,0.7290,18.0000,-0.7290,0.0246,-0.1133,0.0000,0.0000,0.0000,0.0000,0.0011,-0.5491,-0.0924,-0.2120,0.0246,-0.6488,0.0000,0.1071,0.0986,-0.6477,-0.7290
2016,141,Zachary Horan,Central Michigan,1,0,0.0617,31.0000,-0.0617,-0.0138,0.1773,0.0000,0.0000,-0.2971,0.0000,0.0034,0.0686,0.0000,-0.0465,-0.0138,0.2126,-0.2971,0.0831,0.1037,-0.0352,-0.0617
2016,149,Alec Pantaleo,Michigan,6,3,3.2643,5.0000,-0.2643,-0.1027,-0.3805,0.0000,0.0000,0.0000,0.0000,0.0042,0.3939,-0.1791,-0.9609,-0.1027,0.8032,0.0000,-0.0038,1.2509,-0.8570,-0.2643
2016,149,Alex Griffin,Purdue,2,0,0.7460,23.0000,-0.7460,-0.0156,-0.3254,0.0000,0.0000,0.0000,0.0000,-0.0005,-0.4045,0.0000,-0.3785,-0.0156,-0.5853,0.0000,0.2334,0.3086,-0.7131,-0.7460
2016,149,Alex Kocer,South Dakota St.,2,0,0.6575,27.0000,-0.6575,0.0011,-0.2121,0.0000,0.0000,0.0000,0.0000,0.0004,-0.4470,0.0000,-0.1134,0.0011,-0.7883,0.0000,0.2431,0.7304,-1.1774,-0.6575
2016,149,Anthony Collica,Oklahoma St.,6,4,2.1099,11.0000,1.8901,0.0432,0.9250,0.0000,0.0000,0.0000,0.0000,0.0066,0.8519,0.0634,0.0066,0.0432,1.0873,0.0000,0.7530,2.6081,-1.7562,1.8901
2016,149,Brandon Sorensen,Iowa,5,4,3.8228,2.0000,0.1772,-0.0224,-0.2527,0.0000,0.0000,0.4059,0.0000,-0.0052,0.0517,0.0000,-0.2362,-0.0224,-0.2894,0.4059,0.3194,0.6296,-0.5779,0.1772
2016,149,Bryant Clagon,Rider,4,2,1.3013,25.0000,0.6987,0.0241,0.8813,0.0000,0.0000,-0.4030,0.0000,-0.6131,0.8094,0.0000,-0.0203,0.0241,0.1941,-0.4030,0.9038,2.3472,-1.5378,0.6987
2016,149,Clayton Ream,North Dakota St.,3,1,0.6721,24.0000,0.3279,-0.0218,0.3123,0.0000,0.0000,0.0000,0.0000,-0.0008,0.0383,0.0000,-0.2183,-0.0218,0.1429,0.0000,0.4251,0.9088,-0.8705,0.3279
2016,149,Coleman Hammond,Bakersfield,3,1,1.0313,32.0000,-0.0313,0.0548,-0.0972,0.0000,0.0000,0.0000,0.0000,0.0000,-0.0184,0.0295,-0.2215,0.0548,0.0434,0.0000,0.0921,0.5469,-0.5652,-0.0313
2016,149,Colt Cotten,Buffalo,3,1,1.1435,20.0000,-0.1435,0.0013,-0.1818,0.0000,0.0000,0.0000,0.0000,-0.0182,-0.1686,0.2238,-0.3281,0.0013,-0.0686,0.0000,0.2519,0.2883,-0.4569,-0.1435
2016,149,Daniel Neff,Lock Haven,2,0,1.2922,15.0000,-1.2922,0.0315,-0.3736,0.0000,0.0000,0.0000,0.0000,0.0001,-0.7136,-0.2366,-0.4497,0.0315,-0.8594,0.0000,-0.0146,0.1315,-0.8451,-1.2922
2016,149,Davion Jeffries,Oklahoma,4,2,1.1879,30.0000,0.8121,0.0225,0.4016,0.0000,0.0000,0.0000,0.0000,-0.0240,0.4120,0.0000,0.2838,0.0225,-0.1271,0.0000,0.6329,1.2134,-0.8014,0.8121
2016,149,Evan Henderson,North Carolina,2,0,1.5958,8.0000,-1.5958,0.0139,-0.7226,0.0000,0.0000,0.0000,0.0000,-0.0064,-0.8808,0.0000,-0.9071,0.0139,-0.7445,0.0000,0.0417,0.1383,-1.0191,-1.5958
2016,149,Geo Martinez,Boise State,7,4,3.3638,12.0000,0.6362,0.0761,0.1785,0.0000,0.0000,0.0000,-0.1586,0.0317,0.5085,0.0000,-0.0432,0.0761,0.3375,0.0000,0.2657,2.5159,-2.0074,0.6362
2016,149,Jake Short,Minnesota,2,0,0.6348,28.0000,-0.6348,-0.0015,-0.3106,0.0000,0.0000,0.0000,0.0000,-0.0047,-0.3180,0.0000,-0.4009,-0.0015,-0.2646,0.0000,0.0323,0.0978,-0.4158,-0.6348
2016,149,Jake Sueflohn,Nebraska,4,2,2.2986,7.0000,-0.2986,-0.0106,0.0445,0.0000,0.0000,-0.4059,0.1586,0.0107,-0.0959,0.0000,-0.1105,-0.0106,-0.1270,-0.4059,0.3554,0.9236,-1.0195,-0.2986
2016,149,Jason Tsirtsis,Northwestern,4,2,3.0738,6.0000,-1.0738,0.0714,-0.7306,0.0000,0.0000,0.0000,0.0000,-0.0043,-0.4103,0.0000,-0.0216,0.0714,-1.2755,0.0000,0.1520,0.8679,-1.2781,-1.0738
2016,149,Joey Delgado,Oregon St.,3,1,1.0572,22.0000,-0.0572,0.0087,0.2055,0.0000,0.0000,0.0000,0.0000,-0.0219,-0.2495,0.0000,-0.3106,0.0087,0.4833,0.0000,-0.2386,2.2441,-2.4935,-0.0572
2016,149,John Fahy,SIU Edwardsville,2,0,0.6116,29.0000,-0.6116,-0.0079,-0.0047,0.0000,0.0000,0.0000,0.0000,-0.0003,-0.3748,-0.2238,-0.2957,-0.0079,-0.3008,0.0000,-0.0072,0.0156,-0.3904,-0.6116
2016,149,Joseph Galasso,Cornell,3,1,1.1799,26.0000,-0.1799,0.0183,0.2383,0.0000,0.0000,0.0000,0.0000,-0.0001,-0.4364,0.0000,-0.4006,0.0183,-0.2088,0.0000,0.4111,0.6391,-1.0755,-0.1799
2016,149,Justin Oliver,Central Michigan,6,4,3.4009,9.0000,0.5991,0.0250,-0.6538,0.0000,0.0000,0.4030,0.0000,0.6112,0.2472,-0.0335,-1.0506,0.0250,0.9017,0.4030,0.3199,2.9605,-2.7134,0.5991
2016,149,Laike Gardner,Lehigh,3,1,0.9469,21.0000,0.0531,-0.0056,0.2868,0.0000,0.0000,0.0000,0.0000,0.0007,-0.2288,0.0000,-0.1551,-0.0056,-0.1479,0.0000,0.3616,0.5203,-0.7491,0.0531
2016,149,Lavion Mayes,Missouri,7,6,5.6266,3.0000,0.3734,-0.0398,-0.4096,0.0000,0.0000,0.0000,0.0000,0.0055,0.4820,0.3353,0.1721,-0.0398,-0.1022,0.0000,0.3432,1.3108,-0.8289,0.3734
2016,149,Matthew Cimato,Drexel,4,2,2.9466,4.0000,-0.9466,0.0278,-0.6697,0.0000,0.0000,0.0000,0.0000,0.0017,-0.1259,-0.1806,-0.7578,0.0278,-0.3796,0.0000,0.1630,1.2258,-1.3517,-0.9466
2016,149,Matthew Kraus,Arizona St.,3,1,1.5956,13.0000,-0.5956,0.0003,-0.0108,0.0000,0.0000,0.0000,0.0000,-0.0060,-0.5792,0.0000,-0.4401,0.0003,-0.2918,0.0000,0.1359,0.4453,-1.0245,-0.5956
2016,149,Mike DePalma,Kent St.,8,6,4.2634,10.0000,1.7366,-0.0014,0.6705,0.0000,0.0000,0.0000,0.0000,0.0019,1.1046,-0.0391,-0.6246,-0.0014,1.6045,0.0000,0.7581,2.8622,-1.7576,1.7366
2016,149,Mitch Finesilver,Duke,5,3,2.1363,14.0000,0.8637,-0.0970,0.5267,0.0000,0.0000,0.0000,0.0000,0.0173,0.4167,0.0000,-0.3561,-0.0970,0.3576,0.0000,0.9592,1.2488,-0.8321,0.8637
2016,149,Nick Barber,Eastern Mich.,3,1,0.7908,31.0000,0.2092,-0.0382,0.5024,0.0000,0.0000,0.0000,0.0000,-0.0036,0.5327,-0.7842,-0.6792,-0.0382,0.6302,0.0000,0.2964,0.8767,-0.3440,0.2092
2016,149,Patricio Lugo,Edinboro,5,3,2.0632,16.0000,0.9368,-0.0235,0.0881,0.0000,0.0000,0.0000,-0.0026,0.0218,0.0688,0.7842,-0.1159,-0.0235,0.1537,0.0000,0.9225,0.8347,-0.7658,0.9368
2016,149,Steven Galiardo,Brown,2,0,0.8325,19.0000,-0.8325,-0.0151,-0.1988,0.0000,0.0000,0.0000,0.0000,-0.0015,-0.6171,0.0000,-0.3046,-0.0151,-0.4933,0.0000,-0.0195,0.0150,-0.6320,-0.8325
2016,149,Tyson Dippery,Rutgers,2,0,0.8752,17.0000,-0.8752,0.0016,-0.1259,0.0000,0.0000,0.0000,0.0026,-0.0075,-0.7165,-0.0295,-0.2471,0.0016,-0.6567,0.0000,0.0271,0.1462,-0.8627,-0.8752
2016,149,Victor Lopez,Bucknell,4,2,1.1616,18.0000,0.8384,-0.0328,0.3768,0.0000,0.0000,0.0000,0.0000,-0.0003,0.2582,0.2366,-0.0788,-0.0328,0.5055,0.0000,0.4446,0.7517,-0.4934,0.8384
2016,149,Zain Retherford,Penn State,5,5,4.3162,1.0000,0.6838,0.0143,0.0221,0.0000,0.0000,0.0000,0.0000,0.0046,0.6092,0.0336,0.0302,0.0143,0.4656,0.0000,0.1737,0.7621,-0.1529,0.6838
2016,157,Aaron Walker,Citadel,2,0,0.6116,29.0000,-0.6116,0.0186,-0.2168,0.0000,0.0000,0.0000,0.0000,-0.0041,-0.4093,0.0000,-0.1818,0.0186,-0.7073,0.0000,0.2589,0.4894,-0.8987,-0.6116
2016,157,Andrew Atkinson,Virginia,1,0,0.2241,24.0000,-0.2241,0.0086,-0.0642,0.0000,0.0000,0.0000,0.0000,-0.0012,-0.1672,0.0000,-0.0560,0.0086,-0.2316,0.0000,0.0550,0.0550,-0.2222,-0.2241
2016,157,Andrew Morse,Northern Ill.,2,0,0.5617,31.0000,-0.5617,0.0295,-0.2469,0.0000,0.0000,0.0000,0.0000,-0.0214,-0.3229,-0.0000,-0.3802,0.0295,-0.0955,0.0000,-0.1156,0.5153,-0.8382,-0.5617
2016,157,Austin Matthews,Edinboro,4,2,2.0486,14.0000,-0.0486,0.0079,-0.1928,0.0000,0.0000,0.0000,0.0299,-0.0033,0.1074,0.0023,-0.0290,0.0079,-0.4101,0.0000,0.3826,2.3055,-2.1981,-0.0486
2016,157,Brian Murphy,Michigan,4,2,1.3619,12.0000,0.6381,0.0269,0.5201,0.0000,0.0000,0.0000,0.0000,-0.0294,0.1205,0.0000,-0.2107,0.0269,0.5679,0.0000,0.2541,1.4241,-1.3036,0.6381
2016,157,Bryce Steiert,Northern Iowa,4,2,1.4253,,0.5747,-0.1068,0.5964,0.0000,0.0000,0.0000,0.0000,0.0569,0.0283,0.0000,-0.4414,-0.1068,0.5633,0.0000,0.5597,0.9759,-0.9476,0.5747
2016,157,Chad Walsh,Rider,5,3,1.5044,15.0000,1.4956,0.0076,0.7847,0.0000,0.0000,0.0000,0.0000,0.0747,0.6286,-0.0000,-0.2007,0.0076,0.5367,0.0000,1.1520,2.3690,-1.7404,1.4956
2016,157,Chris Castillo,Boise State,3,1,0.9369,17.0000,0.0631,-0.0484,0.1399,0.0000,0.0000,0.0000,0.0000,-0.0020,-0.0263,0.0000,-0.3483,-0.0484,0.3326,0.0000,0.1273,0.7634,-0.7897,0.0631
2016,157,Cody Pack,South Dakota St.,4,2,2.5473,7.0000,-0.5473,-0.0568,-0.5821,0.0000,0.0000,0.4687,0.0000,-0.0266,-0.3504,0.0000,-0.8237,-0.0568,-0.1280,0.4687,-0.0075,0.7406,-1.0910,-0.5473
2016,157,Dylan Cottrell,West Virginia,5,3,1.5027,23.0000,1.4973,-0.0539,1.1887,0.0000,0.0000,0.0000,0.0000,0.0263,0.3361,0.0000,0.4075,-0.0539,0.6858,0.0000,0.4578,1.0963,-0.7602,1.4973
2016,157,Dylan Palacio,Cornell,7,5,4.8009,5.0000,0.1991,0.1079,-1.5581,0.0000,0.0000,0.0000,0.0000,0.0234,1.1392,0.4868,0.3357,0.1079,-1.1982,0.0000,0.9537,4.0566,-2.9175,0.1991
2016,157,Edwin Cooper Jr.,Iowa,3,1,1.4312,13.0000,-0.4312,-0.0148,-0.0145,0.0000,0.0000,0.0000,0.0000,0.0056,-0.3378,-0.0697,-0.4148,-0.0148,-0.0909,0.0000,0.0893,0.3379,-0.6757,-0.4312
2016,157,Gregory Flournoy,George Mason,3,1,1.2290,18.0000,-0.2290,0.0325,0.1246,0.0000,0.0000,0.0000,0.0000,0.0221,-0.4082,0.0000,-0.1807,0.0325,-0.6645,0.0000,0.5837,0.9814,-1.3895,-0.2290
2016,157,Ian Miller,Kent St.,4,3,2.6397,4.0000,0.3603,-0.0296,0.2715,0.0000,0.0000,-0.3942,0.0000,0.0122,0.4329,0.0674,0.0511,-0.0296,0.9899,-0.3942,-0.2569,1.3046,-0.8717,0.3603
2016,157,Isaiah Martinez,Illinois,5,5,4.3481,1.0000,0.6519,0.0639,-0.3456,0.0000,0.0000,0.3942,0.0000,-0.0056,0.5450,0.0000,0.4715,0.0639,-0.2399,0.3942,-0.0378,1.9634,-1.4183,0.6519
2016,157,Jake Ryan,Ohio St.,2,0,0.4253,27.0000,-0.4253,-0.0629,0.4587,0.0000,0.0000,-0.3704,0.0000,0.0045,-0.4551,0.0000,-0.1390,-0.0629,0.1659,-0.3704,-0.0188,0.7775,-1.2325,-0.4253
2016,157,Jason Nolf,Penn State,5,4,3.5891,3.0000,0.4109,-0.0443,0.1349,0.0000,0.0000,0.0000,0.0000,0.0025,0.3174,0.0003,-0.3393,-0.0443,0.7433,0.0000,0.0512,1.4319,-1.1145,0.4109
2016,157,John Boyle,American,4,2,2.0779,10.0000,-0.0779,-0.0269,0.0039,0.0000,0.0000,-0.4687,0.0000,-0.0043,0.4181,0.0000,-0.1264,-0.0269,0.2382,-0.4687,0.3059,1.1087,-0.6906,-0.0779
2016,157,Joseph Smith,Oklahoma St.,6,4,3.5812,6.0000,0.4188,0.0820,-0.0944,0.0000,0.0000,0.3704,0.0000,-0.0045,0.5521,-0.4868,-0.9151,0.0820,0.7739,0.3704,0.1076,2.5927,-2.0406,0.4188
2016,157,Justin Staudenmayer,Brown,3,1,1.2894,21.0000,-0.2894,0.0644,-0.3969,0.0000,0.0000,0.5000,0.0000,-0.0502,-0.4067,0.0000,-0.2883,0.0644,-0.6777,0.5000,0.1122,0.4676,-0.8744,-0.2894
2016,157,Kamaal Shakur,Chattanooga,2,0,0.4200,30.0000,-0.4200,0.0165,-0.0136,0.0000,0.0000,0.0000,-0.0299,-0.0000,-0.3926,-0.0003,-0.1266,0.0165,0.0022,0.0000,-0.3121,0.3387,-0.7314,-0.4200
2016,157,LeRoy Barnes,Missouri,2,0,0.6348,28.0000,-0.6348,-0.0282,0.1249,0.0000,0.0000,-0.5000,0.0000,-0.0082,-0.2232,0.0000,-0.0120,-0.0282,-0.1094,-0.5000,0.0149,0.2515,-0.4747,-0.6348
2016,157,Luke Smith,Central Michigan,3,1,1.7633,11.0000,-0.7633,0.0532,-0.1855,0.0000,0.0000,0.0000,0.0000,0.0011,-0.6321,0.0000,-0.3425,0.0532,-0.6686,0.0000,0.1946,0.4632,-1.0953,-0.7633
2016,157,Markus Scheidel,Columbia,4,2,1.9256,16.0000,0.0744,0.0184,-0.0708,0.0000,0.0000,0.0000,0.0000,-0.0026,0.1295,0.0000,-0.2192,0.0184,-0.1364,0.0000,0.4117,1.1528,-1.0233,0.0744
2016,157,May Bethea,Pennsylvania,3,1,0.9200,19.0000,0.0800,-0.0767,0.4879,0.0000,0.0000,0.0000,0.0000,0.0032,-0.3343,-0.0000,-0.3158,-0.0767,0.1127,0.0000,0.3599,1.1638,-1.4981,0.0800
2016,157,Neal Richards,VMI,2,0,0.6799,26.0000,-0.6799,0.0010,-0.1791,0.0000,0.0000,0.0000,0.0000,-0.0098,-0.4920,0.0000,-0.2271,0.0010,-0.4531,0.0000,-0.0008,0.0000,-0.4921,-0.6799
2016,157,Nick Brascetta,Virginia Tech,7,6,3.5125,8.0000,2.4875,-0.0005,1.1931,0.0000,0.0000,0.0000,0.0000,0.0005,1.2943,0.0000,-0.5566,-0.0005,2.4190,0.0000,0.6256,3.2615,-1.9672,2.4875
2016,157,Richie Lewis,Rutgers,3,1,2.0190,9.0000,-1.0190,-0.0524,-0.6388,0.0000,0.0000,0.0000,0.0000,-0.0135,-0.3143,0.0000,-0.0974,-0.0524,-0.1778,0.0000,-0.6915,0.9210,-1.2353,-1.0190
2016,157,Robert Henderson,North Carolina,2,0,0.5313,32.0000,-0.5313,0.0125,-0.2035,0.0000,0.0000,0.0000,0.0000,-0.0022,-0.3381,-0.0000,-0.1792,0.0125,-0.4882,0.0000,0.1237,0.1440,-0.4821,-0.5313
2016,157,Russell Parsons,Army,2,0,0.7021,25.0000,-0.7021,-0.0133,-0.0486,0.0000,0.0000,0.0000,0.0000,-0.0022,-0.3974,-0.2405,-0.3018,-0.0133,-0.3935,0.0000,0.0066,0.0330,-0.4304,-0.7021
2016,157,Spartak Chino,Ohio,2,1,0.7460,22.0000,0.2540,0.0141,-0.0410,0.0000,0.0000,0.0000,0.0000,0.0010,0.0395,0.2405,-0.0423,0.0141,0.0049,0.0000,0.2773,0.3866,-0.3471,0.2540
2016,157,Thomas Gantt,NC State,7,4,5.9962,2.0000,-1.9962,0.0162,-1.2491,0.0000,0.0000,0.0000,0.0000,-0.0402,-0.7231,0.0000,-0.8669,0.0162,-1.8319,0.0000,0.6864,2.0233,-2.7464,-1.9962
2016,157,Tyler Berger,Nebraska,5,3,2.0131,20.0000,0.9869,0.0342,0.3130,0.0000,0.0000,0.0000,0.0000,-0.0025,0.6422,0.0000,-0.4384,0.0342,0.5663,0.0000,0.8248,2.3429,-1.7007,0.9869
2016,165,Adam Fierro,Bakersfield,2,0,0.5617,31.0000,-0.5617,0.0022,0.0333,0.0000,0.0000,0.0000,0.0000,-0.0086,-0.5886,0.0000,-0.0938,0.0022,-0.6195,0.0000,0.1494,0.1152,-0.7038,-0.5617
2016,165,Alex Dieringer,Oklahoma St.,5,5,4.2833,1.0000,0.7167,-0.0159,0.1196,0.0000,0.0000,0.0000,0.0000,0.0045,0.6070,0.0014,-0.0800,-0.0159,0.6345,0.0000,0.1781,0.8240,-0.2169,0.7167
2016,165,Anthony Perrotti,Rutgers,7,4,4.8943,7.0000,-0.8943,0.2078,-1.5027,0.4512,0.0000,0.0000,0.0603,-0.0334,-0.1470,0.0695,-0.1800,0.2078,-1.1076,0.0000,0.1855,1.6510,-1.7980,-0.8943
2016,165,Austin Reese,Ohio,2,0,0.6348,28.0000,-0.6348,0.0092,-0.2521,0.0000,0.0000,0.0000,0.0000,-0.0238,-0.3681,0.0000,-0.0984,0.0092,-0.0843,0.0000,-0.4613,0.0000,-0.3681,-0.6348
2016,165,Austin Trott,Gardner-Webb,2,0,0.5313,32.0000,-0.5313,0.0488,0.0014,0.0000,0.0000,0.0000,0.0000,-0.0001,-0.5809,-0.0006,0.0692,0.0488,-0.5235,0.0000,-0.1258,0.1005,-0.6813,-0.5313
2016,165,Austin Wilson,Nebraska,6,4,2.6708,10.0000,1.3292,-0.1066,1.1201,0.0000,0.0000,-0.4561,0.0000,0.0113,0.7606,0.0000,0.3392,-0.1066,1.0300,-0.4561,0.5227,1.3022,-0.5416,1.3292
2016,165,Bo Jordan,Ohio St.,6,5,4.2248,3.0000,0.7752,-0.1095,0.0922,0.0000,0.0000,0.0000,0.0000,0.0035,0.7889,0.0001,0.0911,-0.1095,0.4536,0.0000,0.3400,2.3887,-1.5998,0.7752
2016,165,Casey Fuller,Edinboro,3,1,0.9441,29.0000,0.0559,0.0639,-0.0131,0.0000,0.0000,0.0000,0.0000,0.0012,0.0046,-0.0007,-0.2804,0.0639,0.1017,0.0000,0.1707,0.5642,-0.5596,0.0559
2016,165,Chad Welch,Purdue,5,3,3.2567,8.0000,-0.2567,0.0429,-0.5610,0.0000,0.0000,0.0000,-0.0330,0.0021,0.2924,0.0000,-0.3271,0.0429,0.0887,0.0000,-0.0612,1.4889,-1.1966,-0.2567
2016,165,Clark Glass,Oklahoma,4,2,1.6854,15.0000,0.3146,0.0080,-0.0728,0.0000,0.0000,0.4525,0.0000,0.0041,-0.0772,0.0000,0.1632,0.0080,-0.2280,0.4525,-0.0811,0.6502,-0.7274,0.3146
2016,165,Cody Wiercioch,Pittsburgh,2,0,0.7460,23.0000,-0.7460,0.0307,-0.2740,0.0000,0.0000,0.0000,0.0000,-0.0031,-0.4996,0.0000,-0.2467,0.0307,-0.5150,0.0000,-0.0150,0.0346,-0.5343,-0.7460
2016,165,Connor Brennan,Rider,4,2,1.5729,12.0000,0.4271,-0.1021,0.5143,-0.4512,0.0000,0.5754,0.0000,0.0179,-0.1273,0.0000,-0.7576,-0.1021,0.9002,0.5754,-0.1889,1.1375,-1.2647,0.4271
2016,165,Cooper Moore,Northern Iowa,2,0,0.8325,,-0.8325,0.0017,-0.1325,0.0000,0.0000,0.0000,0.0000,-0.0007,-0.5859,-0.1151,-0.2507,0.0017,-0.7683,0.0000,0.1847,0.2497,-0.8356,-0.8325
2016,165,Dakota Juarez,Eastern Mich.,2,0,0.7241,24.0000,-0.7241,0.0540,-0.1599,0.0000,0.0000,0.0000,0.0000,-0.0010,-0.5483,-0.0688,-0.7471,0.0540,0.2096,0.0000,-0.2405,0.9357,-1.4840,-0.7241
2016,165,Daniel Lewis,Missouri,6,4,3.6708,4.0000,0.3292,0.0957,-0.1226,0.0000,0.0000,0.0000,0.0000,0.0002,0.3438,0.0121,-0.2392,0.0957,0.4258,0.0000,0.0470,1.6220,-1.2781,0.3292
2016,165,David McFadden,Virginia Tech,8,5,3.2709,14.0000,1.7291,-0.0084,0.9931,0.0000,0.0000,0.0000,-0.0603,0.0077,0.6820,0.1151,-0.2009,-0.0084,0.5708,0.0000,1.3676,2.9549,-2.2730,1.7291
2016,165,Devon Gobbo,Harvard,4,2,1.5974,16.0000,0.4026,0.0019,0.0490,0.0000,0.0000,0.0000,0.0000,0.0221,0.1604,0.1692,0.3631,0.0019,-0.1758,0.0000,0.2134,1.5089,-1.3484,0.4026
2016,165,Forrest Przybysz,Appalachian St.,3,1,0.8820,26.0000,0.1180,-0.0302,0.2165,0.0000,0.0000,0.0000,0.0330,0.0016,-0.0334,-0.0695,-0.1273,-0.0302,0.0842,0.0000,0.1913,0.3808,-0.4142,0.1180
2016,165,Geno Morelli,Penn State,4,2,1.2578,22.0000,0.7422,-0.0343,0.7361,0.0000,0.0000,-0.3704,0.0000,0.0129,0.3979,0.0000,-0.6514,-0.0343,1.1853,-0.3704,0.6130,1.3856,-0.9876,0.7422
2016,165,George Pickett,Cornell,2,0,0.4253,27.0000,-0.4253,0.0080,0.1549,0.0000,0.0000,0.0000,0.0000,0.0004,-0.5885,0.0000,-0.1325,0.0080,-0.3506,0.0000,0.0499,0.1456,-0.7341,-0.4253
2016,165,Isaac Jordan,Wisconsin,5,4,3.5857,2.0000,0.4143,-0.0167,0.1089,0.0000,0.0000,0.0000,0.0000,0.0031,0.3190,0.0000,-0.0845,-0.0167,0.3495,0.0000,0.1660,0.9406,-0.6216,0.4143
2016,165,Jake Faust,Duke,3,1,1.2894,21.0000,-0.2894,-0.0311,0.0933,0.0000,0.0000,0.0000,0.0000,0.0207,-0.3723,0.0000,0.2311,-0.0311,-0.5131,0.0000,0.0236,0.3523,-0.7246,-0.2894
2016,165,Jim Wilson,Stanford,5,3,2.4626,13.0000,0.5374,-0.0222,-0.1363,0.0000,0.0000,0.0000,-0.0361,-0.0009,0.7329,0.0000,-0.2245,-0.0222,0.8320,0.0000,-0.0480,2.1874,-1.4545,0.5374
2016,165,John Staudenmayer,North Carolina,4,2,2.3157,11.0000,-0.3157,0.0073,-0.3687,0.0000,0.0000,0.0000,0.0000,-0.0094,0.0551,0.0000,-0.3643,0.0073,-0.3209,0.0000,0.3622,1.5822,-1.5272,-0.3157
2016,165,Max Rohskopf,NC State,3,1,2.2898,5.0000,-1.2898,0.0913,-0.5608,0.0000,0.0000,-0.5754,0.0000,0.0055,-0.2503,0.0000,-0.1585,0.0913,-1.1700,-0.5754,0.5229,0.8718,-1.1221,-1.2898
2016,165,Patrick Rhoads,Iowa,2,0,0.8110,20.0000,-0.8110,-0.0377,-0.2338,0.0000,0.0000,0.0000,0.0361,-0.0008,-0.5748,0.0000,-0.0561,-0.0377,-0.7006,0.0000,-0.0166,0.2787,-0.8535,-0.8110
2016,165,Ryan Preisch,Lehigh,3,1,1.2290,18.0000,-0.2290,0.0198,-0.0517,0.0000,0.0000,-0.4525,0.0000,-0.0178,0.2732,0.0000,-0.2564,0.0198,0.9565,-0.4525,-0.4964,1.5784,-1.3052,-0.2290
2016,165,Seth Thomas,Oregon St.,3,1,0.8820,25.0000,0.1180,-0.0286,0.0779,0.0000,0.0000,0.0000,0.0000,-0.0005,0.0693,0.0000,0.1737,-0.0286,-0.5932,0.0000,0.5662,0.9208,-0.8516,0.1180
2016,165,Steven Rodrigues,Illinois,7,5,4.3638,6.0000,0.6362,0.0219,-0.2927,0.0000,0.0000,0.8265,0.0000,-0.0034,0.0953,-0.0115,-0.4139,0.0219,-0.2348,0.8265,0.4366,1.9601,-1.8648,0.6362
2016,165,Tanner Weatherman,Iowa St.,4,2,1.9767,9.0000,0.0233,-0.1512,0.2533,0.0000,0.0000,0.0000,0.0000,-0.0050,-0.1426,0.0688,-0.1624,-0.1512,-0.1017,0.0000,0.4386,1.1052,-1.2477,0.0233
2016,165,Tyler Buckwalter,Kent St.,3,1,0.8985,30.0000,0.1015,0.0573,0.3035,0.0000,0.0000,0.0000,0.0000,-0.0013,-0.2580,-0.0001,-0.0750,0.0573,0.0112,0.0000,0.1080,1.1892,-1.4472,0.1015
2016,165,Tyrel White,Columbia,3,1,1.2290,17.0000,-0.2290,-0.0778,-0.1328,0.0000,0.0000,0.0000,0.0000,-0.0090,0.1606,-0.1701,-0.0979,-0.0778,0.1735,0.0000,-0.2268,0.8962,-0.7356,-0.2290
2016,174,Alex Meyer,Iowa,7,4,2.8007,13.0000,1.1993,0.1092,1.4236,0.0000,0.0000,0.0000,0.0000,0.0988,-0.4322,0.0000,1.0547,0.1092,-1.1819,0.0000,1.2173,4.1327,-4.5650,1.1993
2016,174,Blaise Butler,Missouri,5,3,4.0526,3.0000,-1.0526,-0.1234,-0.3940,0.0000,0.0000,-0.5651,0.0000,-0.0005,0.0305,0.0000,-0.5879,-0.1234,0.4625,-0.5651,-0.2386,1.4726,-1.4421,-1.0526
2016,174,Bo Nickal,Penn State,5,4,4.6626,1.0000,-0.6626,-0.0017,-0.6162,0.0000,0.0000,0.0000,0.0000,0.0025,-0.0472,0.0000,-0.1853,-0.0017,-0.4413,0.0000,-0.0342,1.2326,-1.2798,-0.6626
2016,174,Brian Harvey,Army,4,2,2.2545,15.0000,-0.2545,0.0228,-0.3181,0.0000,0.0000,0.0000,0.0004,0.0102,0.0302,0.0000,-0.5475,0.0228,-0.0930,0.0000,0.3631,1.0465,-1.0163,-0.2545
2016,174,Brian Realbuto,Cornell,2,0,1.8766,2.0000,-1.8766,-0.1482,-1.2160,0.0000,0.0000,0.0000,-0.0991,-0.0190,-0.3943,0.0000,-0.0672,-0.1482,-0.7540,0.0000,-0.9071,1.4028,-1.7970,-1.8766
2016,174,Bryce Hammond,Bakersfield,4,2,3.0538,6.0000,-1.0538,0.0126,-0.4533,0.0000,0.0000,0.0000,0.0000,-0.0021,-0.6118,0.0008,-0.4478,0.0126,0.3973,0.0000,-1.0160,0.7458,-1.3576,-1.0538
2016,174,Casey Kent,Pennsylvania,8,6,2.4727,25.0000,3.5273,-0.0895,1.8207,0.0000,0.0000,0.0000,0.0000,0.0349,0.2711,1.4900,1.1075,-0.0895,0.2537,0.0000,2.2555,2.2943,-2.0232,3.5273
2016,174,Chandler Rogers,Oklahoma St.,4,2,2.2622,9.0000,-0.2622,-0.0604,-0.1604,0.0000,0.0000,0.0000,0.0000,-0.0003,-0.0411,0.0000,-0.2604,-0.0604,0.2686,0.0000,-0.2100,0.6822,-0.7233,-0.2622
2016,174,Cody Walters,Ohio,6,4,4.0353,7.0000,-0.0353,0.1365,-0.5809,0.0000,0.0000,0.5651,0.0000,-0.0012,0.3622,-0.5170,-1.2190,0.1365,0.6337,0.5651,-0.1515,2.0983,-1.7360,-0.0353
2016,174,David Kocer,South Dakota St.,3,1,1.1799,26.0000,-0.1799,-0.0335,-0.3511,0.0000,0.0000,0.0000,0.0000,-0.0218,0.2265,0.0000,-0.2330,-0.0335,-0.5940,0.0000,0.6806,1.3871,-1.1606,-0.1799
2016,174,Ethan Ramos,North Carolina,2,0,1.6708,4.0000,-1.6708,0.0272,-0.9688,0.0000,0.0000,0.0000,0.0000,-0.0001,-0.7290,0.0000,-0.9126,0.0272,-0.6561,0.0000,-0.1293,0.9139,-1.6429,-1.6708
2016,174,Gordon Wolf,Lehigh,3,1,0.8985,20.0000,0.1015,-0.0657,0.1740,0.0000,0.0000,0.0000,-0.0072,0.0233,-0.0229,0.0000,0.2929,-0.0657,-0.3504,0.0000,0.2246,2.0737,-2.0966,0.1015
2016,174,Jack McKeever,Binghamton,3,1,1.2290,17.0000,-0.2290,-0.0009,-0.0330,0.0000,0.0000,0.0000,0.0000,-0.0138,-0.1815,0.0000,-0.1231,-0.0009,-0.2799,0.0000,0.1749,0.6420,-0.8235,-0.2290
2016,174,Jadaen Bernstein,Navy,3,2,0.9010,29.0000,1.0990,0.0033,0.3505,0.0000,0.0000,0.0000,0.0072,0.0018,0.7362,0.0000,-0.2301,0.0033,0.7966,0.0000,0.5292,2.2325,-1.4963,1.0990
2016,174,Jonathan Schleifer,Princeton,2,0,0.4200,19.0000,-0.4200,-0.0076,-0.0434,0.0000,0.0000,0.0000,0.0000,-0.0039,-0.3651,0.0000,-0.1331,-0.0076,-0.0131,0.0000,-0.2663,0.4338,-0.7989,-0.4200
2016,174,Josef Johnson,Harvard,2,0,0.5313,32.0000,-0.5313,-0.0368,-0.0693,0.0000,0.0000,0.0000,0.0000,-0.0029,-0.4222,0.0000,-0.2221,-0.0368,-0.0576,0.0000,-0.2148,0.3108,-0.7329,-0.5313
2016,174,Keaton Subjeck,Stanford,2,0,0.6348,28.0000,-0.6348,0.0161,-0.2089,0.0000,0.0000,0.0000,0.0000,-0.0169,-0.4251,0.0000,-0.2955,0.0161,-0.6034,0.0000,0.2481,0.3116,-0.7367,-0.6348
2016,174,Lelund Weatherspoon,Iowa St.,6,3,1.3548,31.0000,1.6452,-0.1182,1.1730,0.0000,0.0000,0.0000,-0.0041,-0.0008,0.5954,0.0000,0.4239,-0.1182,0.6494,0.0000,0.6901,2.2384,-1.6431,1.6452
2016,174,Matt Reed,Oklahoma,4,2,1.1877,30.0000,0.8123,0.0648,0.1819,0.0000,0.0000,0.0000,0.0000,-0.0101,0.5757,-0.0000,-0.5437,0.0648,0.5027,0.0000,0.7885,1.8800,-1.3042,0.8123
2016,174,Micah Barnes,Nebraska,4,2,1.9256,16.0000,0.0744,0.0314,0.2532,0.0000,0.0000,0.0000,0.0000,0.0026,0.7603,-0.9731,-0.8701,0.0314,0.8390,0.0000,0.0741,1.1809,-0.4206,0.0744
2016,174,Michael Ottinger,Central Michigan,3,1,1.5932,10.0000,-0.5932,-0.0368,-0.1337,0.0000,0.0000,0.0000,0.0000,-0.0011,-0.4217,0.0000,-0.3526,-0.0368,-0.5252,0.0000,0.3215,0.5886,-1.0103,-0.5932
2016,174,Michael Pavasko,Clarion,3,1,0.9469,21.0000,0.0531,-0.0353,0.1452,0.0000,0.0000,0.0000,0.0000,-0.0010,-0.0550,-0.0008,-0.3724,-0.0353,0.1040,0.0000,0.3568,0.7267,-0.7817,0.0531
2016,174,Myles Martin,Ohio St.,5,5,2.6162,11.0000,2.3838,0.0015,0.8139,0.0000,0.0000,0.0000,0.0000,0.0034,1.5650,0.0000,0.9194,0.0015,0.8065,0.0000,0.6565,2.2655,-0.7004,2.3838
2016,174,Nathan Jackson,Indiana,6,4,3.1924,12.0000,0.8076,0.1046,-0.1165,0.0000,0.0000,0.0000,0.0000,0.0023,0.8172,0.0000,-0.7406,0.1046,1.6970,0.0000,-0.2534,2.7063,-1.8891,0.8076
2016,174,Nicholas Wanzek,Minnesota,3,1,0.9025,22.0000,0.0975,0.0168,-0.0964,0.0000,0.0000,0.5000,0.0000,0.0027,-0.3256,0.0000,-0.0998,0.0168,-0.3874,0.5000,0.0678,0.8125,-1.1381,0.0975
2016,174,Nick Kee,Appalachian St.,3,1,1.8104,14.0000,-0.8104,-0.0729,-0.4606,0.0000,0.0000,0.0000,0.0000,-0.1023,-0.1745,0.0000,-0.0692,-0.0729,-0.4511,0.0000,-0.2172,1.8568,-2.0314,-0.8104
2016,174,Phil Bakuckas,Rutgers,2,0,0.6575,27.0000,-0.6575,-0.0053,0.0597,0.0000,0.0000,-0.5000,0.0000,-0.0011,-0.2109,0.0000,0.0237,-0.0053,-0.1964,-0.5000,0.0204,0.5327,-0.7435,-0.6575
2016,174,Rustin Barrick,Bucknell,2,0,0.4262,24.0000,-0.4262,0.0065,-0.1120,0.0000,0.0000,0.0000,0.0000,-0.0035,-0.3171,0.0000,-0.1566,0.0065,-0.2751,0.0000,-0.0011,0.0521,-0.3693,-0.4262
2016,174,Sean Mappes,Chattanooga,3,1,0.7908,18.0000,0.2092,0.1770,0.6242,0.0000,0.0000,0.0000,0.1032,0.0108,-0.7060,0.0000,0.4009,0.1770,-0.6764,0.0000,0.3077,1.2084,-1.9144,0.2092
2016,174,Te`Shan Campbell,Pittsburgh,2,0,0.7460,23.0000,-0.7460,0.0088,0.1072,0.0000,0.0000,0.0000,0.0000,0.0077,-0.8698,0.0000,-0.7994,0.0088,-0.2187,0.0000,0.2633,0.7757,-1.6455,-0.7460
2016,174,Zach Brunson,Illinois,4,2,2.8347,5.0000,-0.8347,-0.0225,-0.2889,0.0000,0.0000,0.0000,0.0000,0.0145,-0.5378,0.0000,-0.1490,-0.0225,-0.7211,0.0000,0.0579,0.6888,-1.2265,-0.8347
2016,174,Zach Epperly,Virginia Tech,7,6,5.0790,8.0000,0.9210,0.1197,-0.5056,0.0000,0.0000,0.0000,-0.0004,-0.0132,1.3205,0.0000,-0.2439,0.1197,1.0650,0.0000,-0.0198,2.2476,-0.9272,0.9210
2016,184,Alex Utley,North Carolina,3,1,0.9481,25.0000,0.0519,-0.0298,0.2282,0.0000,0.0000,0.0000,0.0000,-0.0035,-0.1430,0.0000,-0.2345,-0.0298,0.2965,0.0000,0.0198,0.5499,-0.6929,0.0519
2016,184,Andrew Romanchik,Ohio,3,1,0.7923,28.0000,0.2077,-0.0184,0.6272,0.0000,0.0000,0.0000,0.0000,-0.0004,-0.4007,0.0000,0.0947,-0.0184,0.3508,0.0000,-0.2194,0.9637,-1.3644,0.2077
2016,184,Blake Stauffer,Arizona St.,5,3,3.7645,6.0000,-0.7645,0.0688,-1.1273,0.0000,0.0000,0.3704,0.0000,-0.0115,-0.0649,0.0000,-0.4837,0.0688,-0.6029,0.3704,-0.1170,1.4437,-1.5085,-0.7645
2016,184,Corey Griego,Oregon St.,3,1,0.5315,19.0000,0.4685,0.0202,0.8659,0.0000,0.0000,-0.3415,0.0000,0.0053,-0.0814,0.0000,-0.0387,0.0202,0.3725,-0.3415,0.4560,1.0897,-1.1711,0.4685
2016,184,Dane Pestano,Iowa St.,2,0,0.7894,21.0000,-0.7894,-0.0126,-0.2258,0.0000,0.0000,0.0000,0.0000,0.0007,-0.5518,0.0000,-0.1040,-0.0126,-0.4901,0.0000,-0.1827,0.6327,-1.1845,-0.7894
2016,184,Domenic Abounader,Michigan,5,3,3.6673,4.0000,-0.6673,0.0872,-0.7102,0.0000,0.0000,0.1497,0.0000,0.0051,-0.1992,0.0000,-0.1024,0.0872,-0.5406,0.1497,-0.2612,1.3949,-1.5941,-0.6673
2016,184,Gabriel Dean,Cornell,5,5,4.6293,1.0000,0.3707,0.0007,-0.1630,0.0000,0.0000,0.0000,0.0000,0.0013,0.5293,0.0023,-0.1936,0.0007,0.4781,0.0000,0.0855,0.7240,-0.1947,0.3707
2016,184,Garet Krohn,Stanford,3,1,0.9040,26.0000,0.0960,-0.0072,0.0993,0.0000,0.0000,0.0000,0.0000,-0.0006,0.0046,0.0000,-0.4338,-0.0072,0.1784,0.0000,0.3587,0.9790,-0.9745,0.0960
2016,184,Hayden Zillmer,North Dakota St.,4,2,1.9334,12.0000,0.0666,-0.0034,0.1137,0.0000,0.0000,-0.4080,0.0000,-0.0068,0.3710,0.0000,0.2116,-0.0034,0.0456,-0.4080,0.2207,1.2154,-0.8444,0.0666
2016,184,Jack Dechow,Old Dominion,4,2,1.1524,32.0000,0.8476,0.0326,0.1201,0.0000,0.0000,0.5000,0.0000,-0.0030,0.1979,0.0000,-0.3664,0.0326,0.5058,0.5000,0.1756,0.5746,-0.3766,0.8476
2016,184,Jakob `Bubba` Scheffel,West Virginia,3,1,1.0572,22.0000,-0.0572,0.0679,0.0738,0.0000,0.0000,0.0000,0.0000,0.0033,-0.2022,0.0000,0.0266,0.0679,-0.4172,0.0000,0.2655,0.6201,-0.8223,-0.0572
2016,184,Jeffrey Koepke,Illinois,4,2,1.2691,29.0000,0.7309,-0.0074,0.4092,0.0000,0.0000,-0.3704,0.0000,-0.0030,0.7026,0.0000,0.0024,-0.0074,0.6762,-0.3704,0.4301,1.2478,-0.5452,0.7309
2016,184,Joe Ariola,Buffalo,3,1,0.9200,30.0000,0.0800,0.0298,0.5561,0.0000,0.0000,0.0000,0.0000,-0.0328,-0.4731,0.0000,-0.4666,0.0298,0.1914,0.0000,0.3255,0.1184,-0.5914,0.0800
2016,184,John Lampe,Chattanooga,2,0,0.4156,31.0000,-0.4156,-0.0208,-0.0144,0.0000,0.0000,0.0000,0.0000,-0.0004,-0.3800,-0.0000,-0.0657,-0.0208,-0.3847,0.0000,0.0556,0.0677,-0.4476,-0.4156
2016,184,Jordan Ellingwood,Central Michigan,3,1,0.9156,18.0000,0.0844,0.0005,0.4930,0.0000,0.0000,-0.5000,0.0000,0.0031,0.0878,0.0000,0.3203,0.0005,0.2606,-0.5000,0.0031,1.3211,-1.2334,0.0844
2016,184,Kenny Courts,Ohio St.,2,0,0.6575,27.0000,-0.6575,-0.0691,-0.1697,0.0000,0.0000,0.0000,0.0000,-0.0086,-0.4101,0.0000,-0.3309,-0.0691,-0.0505,0.0000,-0.2071,0.5695,-0.9796,-0.6575
2016,184,Lorenzo Thomas,Pennsylvania,4,2,2.0885,11.0000,-0.0885,-0.0364,0.2747,0.0000,0.0000,0.0000,0.0000,0.0089,-0.1872,-0.1485,-0.7779,-0.0364,0.5280,0.0000,0.1978,1.0090,-1.1962,-0.0885
2016,184,Mathew Miller,Navy,8,6,4.7819,9.0000,1.2181,0.0146,0.1353,0.0000,0.0000,0.0000,0.0001,0.0304,0.6731,0.3646,-0.3327,0.0146,1.0283,0.0000,0.5078,2.3812,-1.7081,1.2181
2016,184,Matt McCutcheon,Penn State,2,0,1.2497,16.0000,-1.2497,-0.0350,-0.2484,0.0000,0.0000,0.0000,0.0000,-0.5442,-0.4221,0.0000,0.0837,-0.0350,-1.0412,0.0000,-0.2573,0.3306,-0.7527,-1.2497
2016,184,Nate Brown,Lehigh,7,5,3.5922,10.0000,1.4078,0.0175,1.4987,0.0000,0.0000,0.0000,0.0759,0.0320,-0.2163,0.0000,-0.2635,0.0175,0.4734,0.0000,1.1804,2.1554,-2.3717,1.4078
2016,184,Nicholas Gravina,Rutgers,3,1,1.9384,15.0000,-0.9384,0.0261,-0.6429,0.0000,0.0000,0.0000,0.0000,-0.0010,-0.3206,0.0000,-0.1137,0.0261,-0.3850,0.0000,-0.4657,0.7736,-1.0941,-0.9384
2016,184,Nolan Boyd,Oklahoma St.,7,5,3.7350,8.0000,1.2650,0.0174,0.4251,0.0000,0.0000,0.0000,-0.0760,0.0159,0.8826,0.0000,-0.3775,0.0174,0.6111,0.0000,1.0140,2.4028,-1.5201,1.2650
2016,184,Pete Renda,NC State,6,5,1.9795,13.0000,3.0205,-0.0456,1.1612,0.0000,0.0000,0.5998,0.0000,-0.0290,1.3341,0.0000,0.4657,-0.0456,1.4296,0.5998,0.5709,2.8558,-1.5217,3.0205
2016,184,Ryan Christensen,Wisconsin,2,0,0.7460,23.0000,-0.7460,0.0139,-0.2354,0.0000,0.0000,0.0000,0.0000,-0.0007,-0.5238,0.0000,-0.2282,0.0139,-0.9567,0.0000,0.4250,0.5448,-1.0686,-0.7460
2016,184,Sammy Brooks,Iowa,6,3,4.9489,2.0000,-1.9489,0.0817,-1.3195,0.0000,0.0000,0.0000,0.0000,-0.0023,-0.5902,-0.1186,-0.9912,0.0817,-0.5662,0.0000,-0.4732,2.0597,-2.6499,-1.9489
2016,184,Samson Imonode,Army,2,0,0.8110,20.0000,-0.8110,-0.0418,-0.1654,0.0000,0.0000,0.0000,0.0000,-0.0019,-0.6018,0.0000,-0.2490,-0.0418,-0.3379,0.0000,-0.1823,0.5050,-1.1068,-0.8110
2016,184,Steven Schneider,Binghamton,2,0,0.7241,24.0000,-0.7241,0.0467,-0.2175,0.0000,0.0000,0.0000,0.0000,0.0021,-0.5554,0.0000,-0.0808,0.0467,-0.8543,0.0000,0.1643,0.3731,-0.9285,-0.7241
2016,184,Timothy Dudley,Nebraska,5,4,2.4712,7.0000,1.5288,-0.0386,0.1997,0.0000,0.0000,0.0000,0.0000,0.0049,1.3628,0.0000,0.2415,-0.0386,0.5024,0.0000,0.8235,2.5158,-1.1530,1.5288
2016,184,Tom Sleigh,Bucknell,4,2,0.9844,17.0000,1.0156,-0.0420,0.4863,0.0000,0.0000,0.0000,0.0000,0.5442,0.1269,-0.0998,0.4362,-0.0420,0.7687,0.0000,-0.1474,0.7282,-0.6013,1.0156
2016,184,Victor Avery,Edinboro,2,0,1.8251,3.0000,-1.8251,-0.0220,-1.1911,0.0000,0.0000,0.0000,0.0000,0.0287,-0.6407,0.0000,-0.7285,-0.0220,-1.2703,0.0000,0.1957,0.2656,-0.9063,-1.8251
2016,184,Willie Miklus,Missouri,6,3,2.7681,14.0000,0.2319,-0.0942,-0.1711,0.0000,0.0000,0.0000,0.0000,-0.0082,0.5053,0.0000,0.1996,-0.0942,-0.3970,0.0000,0.5234,2.4340,-1.9287,0.2319
2016,184,Zachary Zavatsky,Virginia Tech,4,2,3.0088,5.0000,-1.0088,-0.0016,-1.1656,0.0000,0.0000,0.0000,0.0000,-0.0281,0.1865,0.0000,-0.6475,-0.0016,-0.4027,0.0000,0.0430,1.0509,-0.8644,-1.0088
2016,197,Aaron Studebaker,Nebraska,4,2,2.1336,8.0000,-0.1336,-0.0553,0.0583,0.0000,0.0000,0.0000,0.0120,0.0080,-0.1565,0.0000,-0.1421,-0.0553,-0.2600,0.0000,0.3238,0.3834,-0.5399,-0.1336
2016,197,Anthony Abro,Eastern Mich.,2,0,0.8325,19.0000,-0.8325,0.0313,-0.3648,0.0000,0.0000,0.0000,0.0000,-0.0048,-0.4943,-0.0000,-0.4983,0.0313,-0.6007,0.0000,0.2351,0.3201,-0.8144,-0.8325
2016,197,Brett Harner,Princeton,6,3,3.7041,7.0000,-0.7041,-0.0279,-0.7166,0.0000,0.0000,0.3823,0.0054,0.0080,-0.4704,0.1151,-0.2829,-0.0279,-1.1824,0.3823,0.4067,1.5255,-1.9958,-0.7041
2016,197,Brett Pfarr,Minnesota,6,5,4.2987,3.0000,0.7013,-0.1028,0.3641,0.0000,0.0000,0.0000,0.0000,0.0164,0.4236,-0.0000,-0.1023,-0.1028,0.3505,0.0000,0.5558,0.9632,-0.5396,0.7013
2016,197,Bryce Barnes,Army,2,0,0.7460,23.0000,-0.7460,-0.0261,-0.2743,0.0000,0.0000,0.0000,0.0000,0.0011,-0.4466,0.0000,-0.2245,-0.0261,-0.3231,0.0000,-0.1723,0.6691,-1.1157,-0.7460
2016,197,Chip Ness,North Carolina,3,1,0.9469,21.0000,0.0531,-0.0152,0.1010,0.0000,0.0000,-0.4294,0.0000,-0.0131,0.4098,0.0000,-0.1421,-0.0152,0.5628,-0.4294,0.0769,0.6411,-0.2313,0.0531
2016,197,Conner Hartmann,Duke,6,4,4.0303,5.0000,-0.0303,0.0181,0.0450,0.0000,0.0000,0.4246,0.0000,0.0475,-0.5655,0.0000,0.3314,0.0181,-1.2603,0.4246,0.4559,1.2101,-1.7756,-0.0303
2016,197,Hayden Hrymack,Rutgers,2,0,0.4156,31.0000,-0.4156,0.0114,-0.0990,0.0000,0.0000,0.0000,0.0000,-0.0107,-0.2969,-0.0204,-0.1388,0.0114,-0.2934,0.0000,0.0052,0.0678,-0.3647,-0.4156
2016,197,J`Den Cox,Missouri,5,5,3.5683,2.0000,1.4317,0.0446,0.5558,0.0000,0.0000,0.0000,0.0000,0.0043,0.8065,0.0204,-0.3448,0.0446,1.1591,0.0000,0.5727,1.2722,-0.4656,1.4317
2016,197,Jacob A. Smith,West Virginia,3,1,1.5956,13.0000,-0.5956,-0.0203,-0.1264,0.0000,0.0000,0.0000,0.0000,-0.0551,-0.3939,0.0000,-0.5742,-0.0203,-0.1046,0.0000,0.1034,0.4710,-0.8648,-0.5956
2016,197,Jared Haught,Virginia Tech,7,5,4.6234,6.0000,0.3766,0.1396,0.3476,0.0000,0.0000,-0.6296,0.0000,0.0159,0.5032,0.0000,-0.3902,0.1396,0.6841,-0.6296,0.5728,1.5051,-1.0019,0.3766
2016,197,Joshua Dasilveira,Arizona St.,3,1,1.1799,26.0000,-0.1799,0.0018,-0.1403,0.0000,0.0000,-0.3823,0.0000,-0.0189,0.3598,0.0000,-0.4005,0.0018,1.0172,-0.3823,-0.4161,1.7842,-1.4244,-0.1799
2016,197,Kyle Conel,Kent St.,4,2,1.7778,16.0000,0.2222,-0.1147,0.4372,0.0000,0.0000,0.0000,0.0000,0.0074,-0.1074,-0.0003,-0.5194,-0.1147,0.7266,0.0000,0.1297,1.6508,-1.7582,0.2222
2016,197,Maxwell Huntley,Michigan,3,1,1.9101,10.0000,-0.9101,-0.0032,-0.3708,0.0000,0.0000,0.0000,0.0000,-0.0001,-0.4217,-0.1144,-0.4589,-0.0032,-0.3917,0.0000,-0.0564,0.4081,-0.8297,-0.9101
2016,197,Michael Boykin,NC State,3,1,1.6978,12.0000,-0.6978,-0.0128,-0.5320,0.0000,0.0000,0.0049,0.0000,-0.0024,-0.1555,0.0000,-0.2577,-0.0128,-0.2309,0.0049,-0.2013,0.9208,-1.0763,-0.6978
2016,197,Michael Woulfe,Navy,2,0,0.8752,17.0000,-0.8752,0.0584,-0.2903,0.0000,0.0000,0.0000,0.0000,0.0002,-0.6434,0.0000,-0.2335,0.0584,-1.1609,0.0000,0.4608,1.0270,-1.6704,-0.8752
2016,197,Morgan McIntosh,Penn State,5,4,4.2708,1.0000,-0.2708,0.0520,-0.6288,0.0000,0.0000,0.0000,-0.0120,0.0011,0.3166,0.0003,-0.2667,0.0520,-0.4595,0.0000,0.4033,1.4099,-1.0933,-0.2708
2016,197,Nate Rotert,South Dakota St.,3,1,1.8152,15.0000,-0.8152,-0.0178,-0.5251,0.0000,0.0000,0.0000,0.0000,0.0114,-0.2837,0.0000,-0.1586,-0.0178,-1.3444,0.0000,0.7055,1.0425,-1.3261,-0.8152
2016,197,Nathan Burak,Iowa,6,4,3.7504,4.0000,0.2496,0.1423,-1.5185,0.0000,0.0000,0.6831,0.0000,-0.0490,0.9917,0.0000,-0.6249,0.1423,-0.0711,0.6831,0.1202,1.5382,-0.5464,0.2496
2016,197,Nick Bonaccorsi,Pittsburgh,2,0,0.6348,28.0000,-0.6348,-0.0287,0.0315,0.0000,0.0000,0.0000,0.0000,-0.0002,-0.6374,0.0000,-0.0560,-0.0287,-0.5125,0.0000,-0.0376,-0.0131,-0.6243,-0.6348
2016,197,Owen Scott,Cornell,3,1,1.1435,20.0000,-0.1435,-0.0267,-0.1033,0.0000,0.0000,0.0000,0.0000,0.0007,-0.0143,0.0000,-0.3078,-0.0267,-0.0990,0.0000,0.2900,0.9652,-0.9795,-0.1435
2016,197,Patrick Downey,Iowa St.,6,4,1.3042,22.0000,2.6958,-0.0083,1.1748,0.0000,0.0000,0.8670,0.0000,-0.0050,0.6673,0.0000,-0.3531,-0.0083,1.9888,0.8670,0.2014,1.4077,-0.7404,2.6958
2016,197,Phil Sprenkle,Lock Haven,4,2,1.1721,25.0000,0.8279,0.0041,0.5628,0.0000,0.0000,0.0000,0.0000,-0.0087,0.2665,0.0032,-0.0361,0.0041,0.1207,0.0000,0.7392,1.9559,-1.6894,0.8279
2016,197,Phil Wellington,Ohio,2,0,1.4645,11.0000,-1.4645,0.0566,-0.7234,0.0000,0.0000,-0.5789,0.0000,0.0004,-0.2192,0.0000,-0.4025,0.0566,-0.6714,-0.5789,0.1317,0.3036,-0.5228,-1.4645
2016,197,Preston Weigel,Oklahoma St.,5,3,1.5784,30.0000,1.4216,0.0066,0.8875,0.0000,0.0000,0.0000,-0.0054,0.0581,0.4787,-0.0039,-0.0843,0.0066,0.6423,0.0000,0.8569,1.2984,-0.8197,1.4216
2016,197,Reuben Franklin,Bakersfield,2,0,1.5518,9.0000,-1.5518,-0.0096,-0.5326,0.0000,0.0000,0.0000,0.0000,0.0003,-1.0100,0.0000,-1.1086,-0.0096,-0.3117,0.0000,-0.1220,1.1387,-2.1486,-1.5518
2016,197,Ryan Wolfe,Rider,5,3,1.6661,32.0000,1.3339,-0.0077,0.6125,0.0000,0.0000,0.0000,0.0000,0.0000,0.7291,0.0000,-0.6514,-0.0077,1.6699,0.0000,0.3230,3.0351,-2.3060,1.3339
2016,197,Sam Wheeler,Cleveland St.,4,2,1.2147,27.0000,0.7853,-0.0647,0.9371,0.0000,0.0000,0.0000,0.0000,0.0007,-0.0878,0.0000,-0.2402,-0.0647,0.5883,0.0000,0.5019,1.3456,-1.4333,0.7853
2016,197,Scottie Boykin,Chattanooga,3,1,0.9156,18.0000,0.0844,-0.0154,0.0763,0.0000,0.0000,0.0000,0.0000,-0.0032,0.0268,0.0000,-0.4830,-0.0154,0.4300,0.0000,0.1529,1.2127,-1.1859,0.0844
2016,197,Shawn Scott,Northern Ill.,5,3,1.8013,24.0000,1.1987,0.0378,0.5992,0.0000,0.0000,0.0000,0.0000,-0.0033,0.5649,0.0000,0.3505,0.0378,-0.8396,0.0000,1.6499,2.2858,-1.7209,1.1987
2016,197,Trent Noon,Northern Colo.,2,0,0.6116,29.0000,-0.6116,-0.0460,0.2712,0.0000,0.0000,-0.3415,0.0000,-0.0051,-0.4901,0.0000,-0.1075,-0.0460,-0.3623,-0.3415,0.2458,0.2609,-0.7510,-0.6116
2016,197,Zachary Nye,Virginia,4,2,1.7693,14.0000,0.2307,-0.0017,-0.1154,0.0000,0.0000,0.0000,0.0000,-0.0020,0.3498,0.0000,-0.4589,-0.0017,0.5388,0.0000,0.1525,0.8768,-0.5271,0.2307
2016,285,Adam Coon,Michigan,6,5,3.3141,5.0000,1.6859,0.0672,0.4726,0.0000,0.0000,0.5383,0.0000,0.0044,0.3971,0.2063,-0.3800,0.0672,0.9626,0.5383,0.4978,1.0981,-0.7010,1.6859
2016,285,Amarveer Dhesi,Oregon St.,7,5,4.0385,7.0000,0.9615,0.0393,0.2561,0.0000,0.0000,0.0000,0.0000,0.0011,0.4489,0.2161,-0.3239,0.0393,0.5496,0.0000,0.6965,1.4801,-1.0312,0.9615
2016,285,Antonio Pelusi,Frank. & Marsh.,2,0,0.5617,31.0000,-0.5617,0.0317,-0.4569,0.0000,0.0000,0.0000,0.0000,-0.0110,-0.1188,-0.0066,-0.2276,0.0317,-0.1635,0.0000,-0.2023,-0.0066,-0.1123,-0.5617
2016,285,Austin Marsden,Oklahoma St.,7,4,4.8815,4.0000,-0.8815,0.0329,-0.6487,0.0000,0.0000,0.0000,0.0000,0.0037,0.0727,-0.3421,-0.6169,0.0329,-0.8844,0.0000,0.5868,1.3480,-1.2753,-0.8815
2016,285,Billy Smith,Rutgers,5,3,3.2257,12.0000,-0.2257,-0.0571,-0.1986,0.0000,0.0000,0.0000,0.0000,0.0145,-0.1127,0.1283,-0.2734,-0.0571,-0.3693,0.0000,0.4742,1.3157,-1.4284,-0.2257
2016,285,Boyce Cornwell,Gardner-Webb,3,1,1.0572,22.0000,-0.0572,0.0004,0.2104,0.0000,0.0000,-0.5000,-0.2024,-0.0158,0.3578,0.0925,0.2625,0.0004,0.1368,-0.5000,0.0431,0.8978,-0.5400,-0.0572
2016,285,Brooks Black,Illinois,4,2,0.9691,27.0000,1.0309,-0.0245,0.8591,0.0000,0.0000,0.5000,0.0000,0.0504,-0.3540,0.0000,-0.0435,-0.0245,0.2214,0.5000,0.3776,0.6818,-1.0358,1.0309
2016,285,Collin Jensen,Nebraska,3,1,0.9259,23.0000,0.0741,-0.0236,0.0727,0.0000,0.0000,0.0000,-0.0469,-0.0011,0.0731,0.0000,0.0705,-0.0236,-0.7131,0.0000,0.7403,0.7328,-0.6597,0.0741
2016,285,Denzel Dejournette,Appalachian St.,2,0,1.6850,6.0000,-1.6850,0.0370,-0.5827,0.0000,0.0000,0.0000,0.0000,-0.0507,-0.5147,-0.5738,-1.0249,0.0370,-0.7727,0.0000,0.0756,0.0865,-0.6012,-1.6850
2016,285,Gage Hutchison,Eastern Mich.,2,0,0.5313,32.0000,-0.5313,-0.0156,-0.1257,0.0000,0.0000,0.0000,0.0000,-0.0047,-0.3853,0.0000,-0.2079,-0.0156,-0.2742,0.0000,-0.0336,-0.0000,-0.3853,-0.5313
2016,285,Garrett Ryan,Columbia,3,1,1.2290,18.0000,-0.2290,-0.1445,0.1820,0.0000,0.0000,0.0000,0.0000,0.0083,-0.2749,0.0000,-0.0564,-0.1445,0.1113,0.0000,-0.1395,0.2988,-0.5737,-0.2290
2016,285,Jared Johnson,Chattanooga,2,0,1.3780,13.0000,-1.3780,-0.0008,-0.9777,0.0000,0.0000,0.0000,0.0000,-0.0112,-0.3883,0.0000,-0.5249,-0.0008,-0.3509,0.0000,-0.5014,0.4136,-0.8018,-1.3780
2016,285,Jeramy Sweany,Cornell,2,0,0.4259,26.0000,-0.4259,-0.1057,0.3699,0.0000,0.0000,0.0000,0.0000,0.0000,0.3365,-1.0266,-0.7892,-0.1057,0.2897,0.0000,0.1794,0.3857,-0.0492,-0.4259
2016,285,Joe Stolfi,Bucknell,3,1,1.9776,10.0000,-0.9776,0.1359,-0.5631,0.0000,0.0000,0.0000,0.0469,0.0035,-1.5488,0.9480,-0.7330,0.1359,-0.6965,0.0000,0.3159,-0.0410,-1.5079,-0.9776
2016,285,Joseph Goodhart,Drexel,2,0,0.5875,19.0000,-0.5875,0.0413,-0.1827,0.0000,0.0000,0.0000,0.0000,-0.0064,-0.4397,0.0000,-0.2219,0.0413,-0.3739,0.0000,-0.0330,0.0889,-0.5285,-0.5875
2016,285,Kyle Snyder,Ohio St.,5,5,3.5228,2.0000,1.4772,0.0022,0.0761,0.0000,0.0000,0.5560,0.0000,0.0061,0.8301,0.0066,0.1904,0.0022,0.7812,0.5560,-0.0527,1.7851,-0.9550,1.4772
2016,285,Mauro Correnti,Rider,2,0,0.7241,24.0000,-0.7241,-0.0340,-0.2047,0.0000,0.0000,0.0000,0.0000,-0.0115,-0.4739,0.0000,-0.2739,-0.0340,-0.2781,0.0000,-0.1381,0.0646,-0.5384,-0.7241
2016,285,Max Wessell,Lehigh,6,3,2.9247,8.0000,0.0753,0.0147,-0.2213,0.0000,0.0000,0.0000,0.0000,-0.0080,0.2899,0.0000,-0.5857,0.0147,0.4990,0.0000,0.1474,1.5963,-1.3064,0.0753
2016,285,Michael Kroells,Minnesota,7,5,4.1235,9.0000,0.8765,-0.0239,-0.2462,0.0000,0.0000,0.0000,0.0000,0.0000,1.1465,0.0000,0.3706,-0.0239,0.1188,0.0000,0.4109,2.5607,-1.4142,0.8765
2016,285,Mike Hughes,Hofstra,4,2,1.5560,25.0000,0.4440,0.0392,0.2735,0.0000,0.0000,0.0000,0.0000,0.0110,0.4206,-0.3002,-0.5016,0.0392,0.7959,0.0000,0.1105,1.0490,-0.6284,0.4440
2016,285,Nathan Butler,Stanford,4,2,1.6255,16.0000,0.3745,0.1007,0.2518,0.0000,0.0000,0.0000,0.0000,0.0073,0.0147,0.0000,-0.1022,0.1007,0.3262,0.0000,0.0498,0.3697,-0.3551,0.3745
2016,285,Nick Gwiazdowski,NC State,5,4,4.3037,1.0000,-0.3037,0.0291,0.1124,0.0000,0.0000,-0.5560,0.0000,0.0040,0.1069,0.0000,0.1405,0.0291,0.2074,-0.5560,-0.1247,0.8159,-0.7090,-0.3037
2016,285,Patrick Gillen,Virginia,2,0,0.4242,28.0000,-0.4242,0.0170,-0.0694,0.0000,0.0000,0.0000,0.0000,-0.0017,-0.3685,-0.0017,-0.0871,0.0170,-0.5475,0.0000,0.1933,0.2025,-0.5710,-0.4242
2016,285,Ray O`Donnell,Princeton,3,1,1.2290,17.0000,-0.2290,0.0089,0.0374,0.0000,0.0000,0.0000,0.0000,-0.0076,-0.0876,-0.1802,-0.2706,0.0089,-0.0128,0.0000,0.0453,0.7984,-0.8859,-0.2290
2016,285,Riley Shaw,Cleveland St.,4,2,1.2120,29.0000,0.7880,-0.0486,0.4286,0.0000,0.0000,0.0000,0.0000,0.0104,0.5259,-0.1283,-0.0309,-0.0486,0.3456,0.0000,0.5219,0.9073,-0.3814,0.7880
2016,285,Ross Larson,Oklahoma,4,2,1.0817,21.0000,0.9183,-0.0005,0.0477,0.0000,0.0000,0.0000,0.0000,-0.0030,0.3003,0.5738,-0.2963,-0.0005,0.1138,0.0000,1.1012,1.5251,-1.2248,0.9183
2016,285,Sam Stoll,Iowa,1,0,0.7322,11.0000,-0.7322,-0.0345,-0.0920,0.0000,0.0000,0.0000,0.2024,0.0000,-0.7158,-0.0925,0.1100,-0.0345,-0.5283,0.0000,-0.2795,0.0000,-0.7158,-0.7322
2016,285,Tanner Hall,Arizona St.,4,2,1.2674,30.0000,0.7326,0.0800,0.3841,0.0000,0.0000,0.0000,0.0000,0.0032,0.2654,0.0000,-0.6831,0.0800,0.9833,0.0000,0.3525,1.6528,-1.3874,0.7326
2016,285,Tanner Harms,Wyoming,5,3,2.2321,15.0000,0.7679,-0.0316,0.1540,0.0000,0.0000,0.0000,0.0000,0.0004,0.1648,0.4804,0.6592,-0.0316,-0.8089,0.0000,0.9493,1.6016,-1.4368,0.7679
2016,285,Ty Walz,Virginia Tech,6,4,4.3306,3.0000,-0.3306,-0.0978,-0.2515,0.0000,0.0000,-0.5383,0.0000,-0.0009,0.5578,0.0000,-0.4903,-0.0978,0.8286,-0.5383,-0.0328,1.6666,-1.1087,-0.3306
2016,285,William Miller,Edinboro,3,1,0.9226,20.0000,0.0774,-0.0350,0.6327,0.0000,0.0000,0.0000,0.0000,0.0056,-0.5259,0.0000,0.1831,-0.0350,-0.4971,0.0000,0.4264,0.6311,-1.1570,0.0774
2017,125,Brent Fleetwood,Central Michigan,2,0,0.5313,32.0000,-0.5313,-0.0193,-0.3335,0.0000,0.0000,0.0000,0.0000,-0.0013,-0.1772,0.0000,-0.4235,-0.0193,-0.0707,0.0000,-0.0178,0.0247,-0.2018,-0.5313
2017,125,Brock Hudkins,Northern Illinois,5,3,1.6046,28.0000,1.3954,0.0255,0.7824,0.0000,0.0000,0.0000,0.0000,-0.0095,0.5970,0.0000,1.0301,0.0255,-0.2015,0.0000,0.5413,1.4798,-0.8827,1.3954
2017,125,Christian Moody,Oklahoma,2,0,0.6575,27.0000,-0.6575,0.0057,-0.1293,0.0000,0.0000,0.0000,0.0000,0.0011,-0.4202,-0.1147,-0.2954,0.0057,-0.2941,0.0000,-0.0737,0.1004,-0.5206,-0.6575
2017,125,Conor Youtsey,Michigan,2,0,0.8539,18.0000,-0.8539,0.0110,-0.2517,0.0000,0.0000,0.0000,0.0000,-0.0034,-0.6098,0.0000,-0.3119,0.0110,-1.1501,0.0000,0.5971,0.3289,-0.9387,-0.8539
2017,125,Darian Cruz,Lehigh,5,5,3.2379,4.0000,1.7621,-0.0939,0.2730,0.0000,0.0000,0.6058,0.0000,-0.0284,0.9561,0.0496,-0.8483,-0.0939,2.0319,0.6058,0.0666,1.8880,-0.9319,1.7621
2017,125,Drew Templeman,Wyoming,4,2,1.6854,15.0000,0.3146,0.0674,-0.0019,0.0000,0.0000,0.0000,0.0000,0.0025,0.2466,0.0000,-0.6573,0.0674,0.5226,0.0000,0.3819,0.7558,-0.5092,0.3146
2017,125,Dylan Peters,Northern Iowa,3,1,1.1116,29.0000,-0.1116,-0.0126,-0.3644,0.0000,0.0000,0.0000,-0.0032,-0.0262,0.3444,-0.0496,-0.2117,-0.0126,0.1784,0.0000,-0.0656,1.1503,-0.8058,-0.1116
2017,125,Elijah Oliver,Indiana,2,0,0.7021,25.0000,-0.7021,-0.0425,-0.0694,0.0000,0.0000,0.0000,0.0000,0.0001,-0.5561,-0.0341,-0.1555,-0.0425,-0.0572,0.0000,-0.4469,0.5098,-1.0659,-0.7021
2017,125,Ethan Lizak,Minnesota,5,4,3.2688,6.0000,0.7312,0.1142,-0.1421,0.0000,0.0000,0.0000,-0.0825,0.0038,0.8379,0.0000,0.1940,0.1142,-0.0042,0.0000,0.4273,1.6598,-0.8220,0.7312
2017,125,Freddie Rodriguez,SIUE,4,2,2.1545,14.0000,-0.1545,0.0162,-0.3291,0.0000,0.0000,0.0000,0.0000,-0.0025,0.1609,0.0000,-0.1297,0.0162,0.2353,0.0000,-0.2762,0.5824,-0.4216,-0.1545
2017,125,Gabe Townsell,Stanford,3,1,0.9369,31.0000,0.0631,0.0020,0.1914,0.0000,0.0000,0.0000,0.0000,-0.0002,-0.1301,-0.0000,-0.2576,0.0020,0.1283,0.0000,0.1904,0.5778,-0.7078,0.0631
2017,125,Ibrahim Bunduka,George Mason,2,0,0.6799,26.0000,-0.6799,-0.0373,-0.0920,0.0000,0.0000,0.0000,0.0000,-0.0000,-0.5506,-0.0000,-0.1009,-0.0373,-0.5113,0.0000,-0.0305,0.0074,-0.5580,-0.6799
2017,125,Jack Mueller,Virginia,4,3,1.6882,10.0000,1.3118,-0.0159,0.6448,0.0000,0.0000,0.6240,0.0825,0.0175,-0.0412,0.0000,0.8397,-0.0159,-0.3195,0.6240,0.1834,0.8447,-0.8859,1.3118
2017,125,Jake Gromacki,Clarion,3,1,1.2290,17.0000,-0.2290,0.0102,0.1026,0.0000,0.0000,0.0000,0.0000,-0.0063,-0.3356,0.0000,-0.1462,0.0102,-0.4985,0.0000,0.4054,0.1013,-0.4369,-0.2290
2017,125,Joey Dance,Virginia Tech,6,4,4.5970,2.0000,-0.5970,-0.0667,-0.7254,0.0000,0.0000,-0.1918,0.0037,0.0086,0.3746,0.0000,-0.5844,-0.0667,0.3499,-0.1918,-0.1039,1.0506,-0.6760,-0.5970
2017,125,Johnny Jimenez,Wisconsin,3,1,0.9040,24.0000,0.0960,0.0640,0.0401,0.0000,0.0000,0.0000,0.0000,-0.0178,0.0096,0.0000,-0.0359,0.0640,-0.2936,0.0000,0.3614,0.8535,-0.8439,0.0960
2017,125,Jose Rodriguez,Ohio State,3,1,0.9025,22.0000,0.0975,-0.0289,0.1438,0.0000,0.0000,0.0000,0.0000,-0.0027,-0.1295,0.1147,-0.1932,-0.0289,0.3848,0.0000,-0.0652,0.6944,-0.8239,0.0975
2017,125,Josh Terao,American,3,1,1.8028,11.0000,-0.8028,0.0123,-0.3656,0.0000,0.0000,0.0000,0.0000,0.0132,-0.4627,0.0000,0.2580,0.0123,-0.3259,0.0000,-0.7472,0.8515,-1.3142,-0.8028
2017,125,Joshua Rodriguez,North Dakota State University,4,2,2.6942,9.0000,-0.6942,0.0096,-0.3931,0.0000,0.0000,0.0000,0.0000,0.0115,-0.3223,0.0000,-0.3201,0.0096,-0.5099,0.0000,0.1262,0.5098,-0.8321,-0.6942
2017,125,Kyle Akins,Buffalo,3,1,1.3325,30.0000,-0.3325,-0.0436,-0.0955,0.0000,0.0000,0.0000,0.0032,0.0252,-0.2218,0.0000,-0.3897,-0.0436,0.1189,0.0000,-0.0181,0.6373,-0.8591,-0.3325
2017,125,Nathan Kraisser,Campbell,7,4,2.4453,16.0000,1.5547,-0.0638,0.9137,0.0000,0.0000,0.0000,0.0024,0.0045,0.6980,0.0000,0.2932,-0.0638,0.7258,0.0000,0.5995,1.2010,-0.5030,1.5547
2017,125,Nicholas Piccininni,Oklahoma State,6,4,2.8189,8.0000,1.1811,0.0024,0.3044,0.0000,0.0000,0.5114,0.0000,0.0035,0.3271,0.0323,0.0783,0.0024,0.2487,0.5114,0.3403,1.8731,-1.5460,1.1811
2017,125,Noah Gonser,Eastern Michigan,2,0,0.7894,21.0000,-0.7894,-0.0176,-0.1698,0.0000,0.0000,0.0000,0.0000,-0.0024,-0.5856,-0.0140,-0.2326,-0.0176,-0.4966,0.0000,-0.0426,0.0452,-0.6308,-0.7894
2017,125,Sean Fausz,NC State,4,2,1.5729,12.0000,0.4271,0.0584,0.1723,0.0000,0.0000,0.0000,0.0000,-0.0067,0.1891,0.0140,-0.3905,0.0584,0.4101,0.0000,0.3491,0.8839,-0.6948,0.4271
2017,125,Sean Nickell,CSU Bakersfield,2,0,0.8110,20.0000,-0.8110,0.0234,0.1171,0.0000,0.0000,0.0000,0.0000,-0.0015,-0.9500,0.0000,-0.0442,0.0234,-0.7240,0.0000,-0.0662,0.5346,-1.4846,-0.8110
2017,125,Sean Russell,Edinboro,7,5,4.8703,7.0000,0.1297,-0.0848,0.1961,0.0000,0.0000,-0.5114,0.0000,-0.0108,0.5405,0.0000,-0.5781,-0.0848,0.7998,-0.5114,0.5040,2.1332,-1.5927,0.1297
2017,125,Shakur Laney,Ohio,4,2,1.8522,13.0000,0.1478,-0.0513,0.2193,0.0000,0.0000,0.0000,0.0000,0.0003,-0.0188,-0.0017,-0.1827,-0.0513,0.3260,0.0000,0.0557,0.8210,-0.8398,0.1478
2017,125,Thomas Gilman,Iowa,6,5,5.1577,1.0000,-0.1577,0.0258,-0.0651,0.0000,0.0000,-0.6058,0.0000,0.0310,0.4545,0.0018,-0.2002,0.0258,-0.0963,-0.6058,0.7187,1.6730,-1.2185,-0.1577
2017,125,Tim Lambert,Nebraska,5,3,3.4941,5.0000,-0.4941,0.0927,-0.4610,0.0000,0.0000,-0.4322,-0.0061,-0.0017,0.3125,0.0017,-0.2520,0.0927,-0.2824,-0.4322,0.3799,0.9375,-0.6249,-0.4941
2017,125,Travis Piotrowski,Illinois,3,1,0.9701,23.0000,0.0299,0.0474,-0.0202,0.0000,0.0000,0.0000,0.0000,-0.0015,0.0042,-0.0000,-0.1405,0.0474,0.0173,0.0000,0.1058,0.4328,-0.4286,0.0299
2017,125,Vito Pasone,Appalachian State,2,0,0.6435,19.0000,-0.6435,-0.0100,-0.0918,0.0000,0.0000,0.0000,0.0000,0.0000,-0.5417,-0.0000,-0.1338,-0.0100,-0.6420,0.0000,0.1423,0.1855,-0.7271,-0.6435
2017,133,Austin Eicher,Michigan State,3,1,0.9469,21.0000,0.0531,-0.0080,0.1261,0.0000,0.0000,0.0000,0.0000,-0.0013,-0.0900,0.0262,-0.1721,-0.0080,-0.0188,0.0000,0.2520,0.2437,-0.3337,0.0531
2017,133,Billy Rappo,Maryland,2,0,0.4156,31.0000,-0.4156,0.0533,-0.3759,0.0000,0.0000,0.0000,0.0000,-0.0088,-0.0842,0.0000,-0.2592,0.0533,-0.1475,0.0000,-0.0623,0.2176,-0.3018,-0.4156
2017,133,Bryan Lantry,Buffalo,4,2,1.7196,11.0000,0.2804,-0.0824,-0.1210,0.0000,0.0000,-0.4813,0.0000,-0.0083,0.9735,0.0000,-0.1090,-0.0824,0.7955,-0.4813,0.1577,2.1845,-1.2110,0.2804
2017,133,Cam Sykora,North Dakota State University,3,1,0.7603,17.0000,0.2397,-0.0505,0.3019,0.0000,0.0000,0.0000,-0.0234,-0.0039,0.0156,0.0000,-0.1488,-0.0505,-0.0089,0.0000,0.4478,0.5917,-0.5761,0.2397
2017,133,Chris Debien,Chattanooga,2,0,0.6348,28.0000,-0.6348,-0.0146,-0.0943,0.0000,0.0000,0.0000,0.0000,-0.0000,-0.4015,-0.1244,-0.2862,-0.0146,-0.3521,0.0000,0.0182,0.0374,-0.4389,-0.6348
2017,133,Colby Smith,Appalachian State,2,0,0.4701,24.0000,-0.4701,-0.0298,0.0033,0.0000,0.0000,0.0000,0.0000,-0.0009,-0.4427,0.0000,-0.2659,-0.0298,-0.1436,0.0000,-0.0308,0.0571,-0.4998,-0.4701
2017,133,Connor Schram,Stanford,3,1,0.7551,29.0000,0.2449,0.0247,0.1775,0.0000,0.0000,0.0000,0.0000,-0.0078,0.0506,0.0000,-0.4712,0.0247,0.6310,0.0000,0.0605,1.0430,-0.9924,0.2449
2017,133,Corey Keener,Central Michigan,3,1,0.9469,27.0000,0.0531,0.0644,-0.1494,0.0000,0.0000,0.0000,0.0000,-0.0009,-0.5489,0.6879,-0.0862,0.0644,0.0708,0.0000,0.0041,0.5252,-1.0741,0.0531
2017,133,Cory Clark,Iowa,5,5,2.8788,4.0000,2.1212,0.0681,0.9353,0.0000,0.0000,0.0000,0.0000,0.0211,1.0966,0.0000,0.1545,0.0681,1.1182,0.0000,0.7803,2.4048,-1.3082,2.1212
2017,133,DJ Fehlman,Lock Haven,2,0,0.7678,22.0000,-0.7678,-0.0548,0.1217,0.0000,0.0000,0.0000,0.0000,-0.0034,-0.1433,-0.6879,-0.3835,-0.0548,-0.2319,0.0000,-0.0975,0.5476,-0.6910,-0.7678
2017,133,Dom Forys,Pittsburgh,4,2,3.0738,6.0000,-1.0738,0.0221,-0.6027,0.0000,0.0000,0.0000,0.0000,0.0188,-0.5120,0.0000,-0.4972,0.0221,-0.5290,0.0000,-0.0696,0.7422,-1.2542,-1.0738
2017,133,Earl Hall,Iowa State,2,0,1.3780,13.0000,-1.3780,-0.0656,-0.3341,0.0000,0.0000,0.0000,0.1004,0.0005,-1.0791,0.0000,0.0123,-0.0656,-1.5104,0.0000,0.1857,0.8074,-1.8865,-1.3780
2017,133,Eric Montoya,Nebraska,7,4,3.4695,7.0000,0.5305,0.0488,0.1544,0.0000,0.0000,0.0000,0.0000,0.0072,0.3201,0.0000,-0.2906,0.0488,0.2064,0.0000,0.5659,1.4016,-1.0814,0.5305
2017,133,Jamal Morris,NC State,4,2,2.2836,15.0000,-0.2836,-0.0733,0.0890,0.0000,0.0000,0.0000,0.0000,0.0089,-0.3082,0.0000,-0.4546,-0.0733,0.0637,0.0000,0.1806,0.8739,-1.1821,-0.2836
2017,133,Jeffrey Ott,Harvard,2,0,0.7460,23.0000,-0.7460,0.0247,-0.1196,0.0000,0.0000,0.0000,0.0000,-0.0026,-0.6486,0.0000,-0.3705,0.0247,-0.4678,0.0000,0.0676,0.0540,-0.7026,-0.7460
2017,133,John Erneste,Missouri,4,2,2.6642,10.0000,-0.6642,-0.1048,-0.0399,0.0000,0.0000,0.0000,0.0000,0.0035,-0.4464,-0.0766,-0.4418,-0.1048,-0.0218,0.0000,-0.0958,1.0051,-1.4515,-0.6642
2017,133,Joseph Palmer,Oregon State,5,3,1.2964,18.0000,1.7036,0.0396,0.7269,0.0000,0.0000,0.0000,0.0000,0.0005,0.8601,0.0766,0.2681,0.0396,0.5176,0.0000,0.8784,1.8832,-1.0230,1.7036
2017,133,Josh Alber,Northern Iowa,4,2,2.4084,12.0000,-0.4084,-0.0351,-0.1840,0.0000,0.0000,0.0000,0.0000,0.0052,-0.2926,0.0982,-0.0822,-0.0351,-0.5574,0.0000,0.2664,1.1962,-1.4889,-0.4084
2017,133,Kaid Brock,Oklahoma State,6,4,4.2653,3.0000,-0.2653,-0.0221,-0.2187,0.0000,0.0000,0.0000,0.0000,-0.0028,-0.0217,0.0000,-0.6543,-0.0221,0.2750,0.0000,0.1360,1.1041,-1.1258,-0.2653
2017,133,Kevin Devoy,Drexel,1,0,0.6248,16.0000,-0.6248,0.0456,-0.4075,0.0000,0.0000,0.0000,0.0234,-0.0019,-0.2844,0.0000,-0.3779,0.0456,-0.3553,0.0000,0.0628,0.1871,-0.4715,-0.6248
2017,133,Korbin Myers,Edinboro,2,0,0.5313,32.0000,-0.5313,-0.0057,-0.0670,0.0000,0.0000,0.0000,0.0000,-0.0003,-0.4583,0.0000,-0.1739,-0.0057,-0.4106,0.0000,0.0589,0.1909,-0.6492,-0.5313
2017,133,Mark Grey,Cornell,3,1,0.9040,,0.0960,0.0437,-0.2626,0.0000,0.0000,0.0000,0.0000,-0.0076,0.3225,0.0000,-0.3148,0.0437,-0.0809,0.0000,0.4481,0.6207,-0.2982,0.0960
2017,133,Mitch McKee,Minnesota,5,3,2.1063,14.0000,0.8937,-0.0055,0.9100,0.0000,0.0000,0.0000,0.0000,0.0081,-0.1167,0.0978,0.0442,-0.0055,-0.1325,0.0000,0.9875,0.5505,-0.6672,0.8937
2017,133,Nathan Tomasello,Ohio State,6,5,5.3199,1.0000,-0.3199,0.0128,-0.6124,0.0000,0.0000,0.0000,0.0000,-0.0002,0.2799,0.0000,-0.1053,0.0128,-0.5747,0.0000,0.3473,1.9088,-1.6289,-0.3199
2017,133,Pat D`Arcy,Princeton,3,1,0.9226,20.0000,0.0774,0.0335,-0.2458,0.0000,0.0000,0.0000,-0.1004,-0.0045,0.3945,0.0000,-0.2112,0.0335,0.4385,0.0000,-0.1834,0.8459,-0.4514,0.0774
2017,133,Rico Montoya,Northern Colorado,2,0,0.8325,19.0000,-0.8325,-0.0153,-0.1898,0.0000,0.0000,0.0000,0.0000,-0.0008,-0.5288,-0.0978,-0.2871,-0.0153,-0.5397,0.0000,0.0096,0.0487,-0.5775,-0.8325
2017,133,Scott Delvecchio,Rutgers,5,3,1.5568,30.0000,1.4432,0.0423,0.6689,0.0000,0.0000,0.0000,0.0000,-0.0065,0.7385,0.0000,0.1198,0.0423,0.7893,0.0000,0.4917,1.5159,-0.7775,1.4432
2017,133,Scotty Parker,Lehigh,7,4,4.1314,9.0000,-0.1314,0.0485,-0.0618,0.0000,0.0000,-0.0083,0.0000,-0.0033,-0.1065,0.0000,-0.2215,0.0485,-0.5934,-0.0083,0.6433,2.2468,-2.3533,-0.1314
2017,133,Seth Gross,South Dakota State,5,4,3.8953,2.0000,0.1047,-0.0184,-0.3228,0.0000,0.0000,0.0000,0.0000,0.0080,0.4379,0.0000,-0.4282,-0.0184,0.3180,0.0000,0.2332,0.9367,-0.4988,0.1047
2017,133,Stevan Micic,Michigan,7,5,4.0718,5.0000,0.9282,0.0046,-0.0405,0.0000,0.0000,0.0000,0.0000,0.0257,0.9384,0.0000,-0.4625,0.0046,0.9638,0.0000,0.4223,2.2912,-1.3528,0.9282
2017,133,Zane Richards,Illinois,5,3,2.2225,8.0000,0.7775,0.0091,0.2346,0.0000,0.0000,0.4896,0.0000,-0.0415,0.0857,0.0000,-0.2640,0.0091,0.4883,0.4896,0.0545,1.9655,-1.8798,0.7775
2017,141,Anthony Ashnault,Rutgers,6,3,3.1225,5.0000,-0.1225,-0.0254,0.1549,0.0000,0.0000,0.0000,0.0000,-0.0047,-0.2473,0.0000,-0.0715,-0.0254,-0.8569,0.0000,0.8313,1.5793,-1.8266,-0.1225
2017,141,Brock Zacherl,Clarion,3,1,0.8852,32.0000,0.1148,-0.0849,0.4054,0.0000,0.0000,0.0000,0.0000,0.0023,-0.2080,0.0000,-0.3375,-0.0849,0.3496,0.0000,0.1876,0.9092,-1.1172,0.1148
2017,141,Bryce Meredith,Wyoming,6,4,2.6450,10.0000,1.3550,-0.0054,1.5187,0.0000,0.0000,0.0000,0.0000,0.0043,0.7630,-0.9257,0.5155,-0.0054,0.5476,0.0000,0.2973,3.3239,-2.5609,1.3550
2017,141,Christopher Carton,Iowa,3,1,0.9469,27.0000,0.0531,0.0496,-0.1914,0.0000,0.0000,0.0000,0.0000,0.0002,0.1948,0.0000,-0.0738,0.0496,-0.3038,0.0000,0.3810,1.6380,-1.4432,0.0531
2017,141,Cole Martin,Wisconsin,2,0,0.7678,22.0000,-0.7678,-0.0222,-0.0679,0.0000,0.0000,0.0000,0.0000,-0.0022,-0.6754,0.0000,-0.0843,-0.0222,-0.5184,0.0000,-0.1428,0.3239,-0.9993,-0.7678
2017,141,Colton McCrystal,Nebraska,5,3,3.3272,9.0000,-0.3272,-0.0748,0.2735,0.0000,0.0000,0.0000,0.0000,0.0133,-0.5392,0.0000,-0.0430,-0.0748,-0.5343,0.0000,0.3249,2.4549,-2.9941,-0.3272
2017,141,Colton Schilling,Cal Poly,2,0,0.8752,17.0000,-0.8752,-0.0228,-0.4302,0.0000,0.0000,0.0000,0.0000,-0.0199,-0.4022,0.0000,-0.4104,-0.0228,-0.8985,0.0000,0.4565,0.9116,-1.3138,-0.8752
2017,141,Dean Heil,Oklahoma State,5,5,4.4857,1.0000,0.5143,0.0160,-0.1785,0.0000,0.0000,0.0000,0.0000,0.3378,0.3390,0.0000,0.1243,0.0160,0.2556,0.0000,0.1184,1.0583,-0.7192,0.5143
2017,141,Dylan Caruana,Binghamton University,2,0,0.5875,30.0000,-0.5875,0.0145,-0.2175,0.0000,0.0000,0.0000,0.0000,-0.0035,-0.3810,0.0000,-0.1569,0.0145,-0.6705,0.0000,0.2254,0.2400,-0.6210,-0.5875
2017,141,George DiCamillo,Virginia,5,4,3.0142,6.0000,0.9858,-0.0286,0.2876,0.0000,0.0000,0.0000,0.0000,0.0031,0.6665,0.0572,-0.0498,-0.0286,0.5830,0.0000,0.4812,1.8111,-1.1447,0.9858
2017,141,Jared Prince,Navy,4,2,1.6255,16.0000,0.3745,-0.0414,-0.0916,0.0000,0.0000,0.0000,0.0000,-0.0088,0.5163,0.0000,-0.4821,-0.0414,0.5754,0.0000,0.3226,1.6483,-1.1320,0.3745
2017,141,Javier Gasca III,Michigan State,1,0,0.6890,13.0000,-0.6890,0.0146,-0.2183,0.0000,0.0000,0.0000,0.0739,-0.0001,-0.5592,0.0000,-0.0540,0.0146,-0.5451,0.0000,-0.1046,0.0002,-0.5594,-0.6890
2017,141,Jaydin Eierman,Missouri,7,5,2.9936,8.0000,2.0064,-0.0512,0.9180,0.0000,0.0000,0.0000,0.0000,-0.3228,1.4624,0.0000,0.0378,-0.0512,1.8532,0.0000,0.1665,3.2092,-1.7468,2.0064
2017,141,Jimmy Gulibon,Penn State,5,3,1.2737,20.0000,1.7263,-0.0322,0.5468,0.0000,0.0000,0.0000,-0.0739,0.0073,1.2783,0.0000,0.0985,-0.0322,1.1142,0.0000,0.5457,2.2757,-0.9974,1.7263
2017,141,Joey McKenna,Stanford,5,3,4.1814,3.0000,-1.1814,0.1434,-1.0789,0.0000,0.0000,-0.6275,0.0000,-0.0017,0.3833,0.0000,-0.6516,0.1434,-0.5651,-0.6275,0.5194,1.0876,-0.7043,-1.1814
2017,141,Johnathan Hathaway,Oregon State,4,2,1.2798,26.0000,0.7202,-0.1010,0.0792,0.0000,0.0000,0.0000,0.0000,-0.0029,-0.5427,1.2876,0.1139,-0.1010,-0.1321,0.0000,0.8395,0.2968,-0.8395,0.7202
2017,141,Joseph Ward,North Carolina,2,0,1.6402,7.0000,-1.6402,-0.0276,-0.2959,0.0000,0.0000,0.0000,0.0000,0.0000,-0.3775,-0.9392,-1.1827,-0.0276,-0.4925,0.0000,0.0626,0.3201,-0.6976,-1.6402
2017,141,Kevin Jack,NC State,7,6,6.0203,2.0000,-0.0203,0.0420,-1.2019,0.0000,0.0000,0.0000,0.0000,0.0123,0.2015,0.9257,-0.0087,0.0420,-0.0918,0.0000,0.0381,1.9179,-1.7164,-0.0203
2017,141,Logan Everett,Army,2,0,0.7021,25.0000,-0.7021,0.0061,-0.2715,0.0000,0.0000,0.0000,0.0000,-0.0044,-0.4323,0.0000,-0.5081,0.0061,0.0481,0.0000,-0.2483,0.2461,-0.6784,-0.7021
2017,141,Luke Pletcher,Ohio State,4,2,2.4084,12.0000,-0.4084,-0.0655,-0.1647,0.0000,0.0000,0.0000,0.0000,-0.0037,-0.1744,0.0000,-0.7742,-0.0655,0.1378,0.0000,0.2936,2.6629,-2.8373,-0.4084
2017,141,Mason Smith,Central Michigan,3,1,0.9025,28.0000,0.0975,0.0009,0.0289,0.0000,0.0000,0.0000,0.0000,0.0001,0.0676,0.0000,-0.0556,0.0009,0.0798,0.0000,0.0723,0.4321,-0.3645,0.0975
2017,141,Matthew Kolodzik,Princeton,6,4,4.6113,4.0000,-0.6113,0.0671,-0.8179,0.0000,0.0000,0.0000,0.0000,-0.0164,0.1560,0.0000,-0.3501,0.0671,-0.3812,0.0000,0.0529,1.0536,-0.8976,-0.6113
2017,141,Mike Longo,Oklahoma,3,1,0.6500,23.0000,0.3500,0.0900,0.0336,0.0000,0.0000,0.0000,0.0000,-0.0007,0.2271,0.0001,-0.5156,0.0900,0.6288,0.0000,0.1468,1.2383,-1.0111,0.3500
2017,141,Noah Forrider,Ohio,3,1,1.2241,24.0000,-0.2241,0.0162,0.0397,0.0000,0.0000,0.0000,0.0000,0.0017,0.0719,-0.3536,-0.1559,0.0162,-0.3627,0.0000,0.2784,0.5080,-0.4360,-0.2241
2017,141,Randy Cruz,Lehigh,4,2,2.0105,11.0000,-0.0105,-0.1202,0.1945,0.0000,0.0000,0.0000,0.0000,0.0014,-0.0290,-0.0572,-0.0966,-0.1202,0.0113,0.0000,0.1950,0.7911,-0.8201,-0.0105
2017,141,Ronald Perry,Lock Haven,3,1,0.9369,31.0000,0.0631,0.0119,-0.0197,0.0000,0.0000,0.0000,0.0000,-0.0002,0.0711,0.0000,-0.1948,0.0119,0.0053,0.0000,0.2407,1.2335,-1.1624,0.0631
2017,141,Russell Rohlfing,CSU Bakersfield,2,0,0.8539,18.0000,-0.8539,-0.0480,0.1848,0.0000,0.0000,-0.4525,0.0000,-0.0019,-0.5363,0.0000,-0.3340,-0.0480,-0.1722,-0.4525,0.1528,1.8912,-2.4275,-0.8539
2017,141,Ryan Diehl,Maryland,2,0,0.1990,29.0000,-0.1990,-0.0034,-0.0004,0.0000,0.0000,0.0000,0.0000,-0.0015,-0.1938,0.0000,-0.0660,-0.0034,-0.1409,0.0000,0.0113,0.0170,-0.2107,-0.1990
2017,141,Salvator Profaci,Michigan,2,0,0.7894,21.0000,-0.7894,0.0175,-0.2214,0.0000,0.0000,0.0000,0.0000,-0.0013,-0.5842,0.0000,-0.1977,0.0175,-0.3053,0.0000,-0.3039,0.4167,-1.0010,-0.7894
2017,141,Thomas Thorn,Minnesota,6,3,1.7867,14.0000,1.2133,0.0593,0.8784,0.0000,0.0000,0.6275,0.0000,0.0024,-0.3543,0.0000,-1.0812,0.0593,1.1442,0.6275,0.4635,1.3311,-1.6854,1.2133
2017,141,Timmy Box,Northern Colorado,3,1,1.3325,19.0000,-0.3325,-0.0265,0.0341,0.0000,0.0000,0.0000,0.0000,-0.0017,-0.3384,0.0000,-0.5081,-0.0265,0.0574,0.0000,0.1447,1.1743,-1.5127,-0.3325
2017,141,Tyler Smith,Bucknell,5,3,2.2321,15.0000,0.7679,0.2319,-0.1103,0.0000,0.0000,0.4525,0.0000,0.0124,0.1763,0.0051,0.3324,0.2319,-0.4202,0.4525,0.1712,2.0434,-1.8672,0.7679
2017,149,Alex Kocer,South Dakota State,6,3,1.2554,25.0000,1.7446,-0.0561,1.9564,0.0000,0.0000,0.0000,0.0001,0.0244,-0.0191,-0.1612,1.2046,-0.0561,0.0464,0.0000,0.5496,1.4462,-1.4653,1.7446
2017,149,Alfred Bannister,Maryland,4,2,2.2846,13.0000,-0.2846,0.0404,-0.4201,0.0000,0.0000,0.0000,0.0000,-0.0377,-0.0055,0.1384,-0.3887,0.0404,-0.0430,0.0000,0.1067,1.1167,-1.1223,-0.2846
2017,149,Andrew Crone,Wisconsin,5,3,1.5891,21.0000,1.4109,0.0582,0.4832,0.0000,-0.2686,0.0000,0.0000,0.0342,1.1038,0.0000,0.1217,0.0582,0.5377,0.0000,0.6933,2.5884,-1.4846,1.4109
2017,149,Anthony Collica,Oklahoma State,3,1,2.7694,2.0000,-1.7694,0.0328,-0.1866,0.0000,0.0000,-0.6616,0.0000,0.0105,-0.9644,0.0000,-0.5119,0.0328,-0.0147,-0.6616,-0.6140,0.2817,-1.2461,-1.7694
2017,149,Brandon Sorensen,Iowa,6,5,3.3402,5.0000,1.6598,0.0809,0.5365,0.0000,0.0000,0.0000,0.0000,0.0039,1.0697,-0.0311,0.0278,0.0809,1.1543,0.0000,0.3968,1.2541,-0.1844,1.6598
2017,149,Cole Mendenhall,Wyoming,3,1,0.9369,31.0000,0.0631,-0.0026,0.2852,0.0000,0.0000,-0.4597,0.0000,-0.0124,0.2527,0.0000,0.0848,-0.0026,0.1636,-0.4597,0.2770,1.0460,-0.7933,0.0631
2017,149,Coleman Hammond,CSU Bakersfield,3,1,0.9253,27.0000,0.0747,0.0326,0.2011,0.0000,0.0000,0.0000,0.0000,-0.0010,-0.1579,0.0000,-0.2499,0.0326,-0.1151,0.0000,0.4072,1.1005,-1.2584,0.0747
2017,149,Davion Jeffries,Oklahoma,2,0,1.4645,11.0000,-1.4645,0.0095,-0.0802,0.0000,0.0000,0.0000,0.0000,0.0052,-1.3991,0.0000,-0.3202,0.0095,-0.0715,0.0000,-1.0823,0.6007,-1.9998,-1.4645
2017,149,Eric Barone,Illinois,2,0,0.4262,24.0000,-0.4262,-0.0632,0.0411,0.0000,0.0000,0.0000,0.0000,-0.0000,-0.3728,-0.0313,-0.3062,-0.0632,-0.3171,0.0000,0.2603,0.3106,-0.6835,-0.4262
2017,149,Hunter Ladnier,Harvard,2,0,0.8110,20.0000,-0.8110,-0.0144,-0.2399,0.0000,0.0000,0.0000,0.0000,-0.0070,-0.5497,0.0000,-0.3452,-0.0144,-0.6282,0.0000,0.1768,0.2081,-0.7578,-0.8110
2017,149,Joey Delgado,Oregon State,3,1,0.9253,22.0000,0.0747,0.0078,-0.3070,0.0000,0.0000,0.0000,0.0000,-0.0052,0.4115,-0.0324,0.6545,0.0078,-0.3586,0.0000,-0.2289,1.4411,-1.0296,0.0747
2017,149,Jordan Laster,Princeton,4,2,1.6255,16.0000,0.3745,0.0694,-0.5166,0.0000,0.0000,0.4597,0.0000,0.0147,0.3472,-0.0000,-0.4592,0.0694,0.3734,0.4597,-0.0689,1.0570,-0.7098,0.3745
2017,149,Joshua Maruca,Arizona State,4,2,0.8390,32.0000,1.1610,0.0444,-0.2693,0.0000,0.0000,0.0000,0.0000,-0.0053,1.3913,-0.0000,-0.7143,0.0444,0.9109,0.0000,0.9201,2.0045,-0.6132,1.1610
2017,149,Justin Oliver,Central Michigan,5,3,3.3959,9.0000,-0.3959,-0.0442,-0.7690,0.0000,0.0000,0.0000,0.0000,-0.0045,0.3905,0.0313,-0.2798,-0.0442,-0.2868,0.0000,0.2149,1.2774,-0.8869,-0.3959
2017,149,Kenny Theobold,Rutgers,6,4,2.5860,15.0000,1.4140,0.0051,0.5019,0.0000,0.0000,0.6616,0.0000,-0.0083,0.0925,0.1612,0.5840,0.0051,-0.3956,0.6616,0.5588,2.0598,-1.9672,1.4140
2017,149,Laike Gardner,Lehigh,4,2,1.8711,10.0000,0.1289,0.0827,0.5803,0.0000,0.0000,0.0000,0.0000,-0.0026,-0.5315,0.0000,0.2079,0.0827,-0.3573,0.0000,0.1956,1.3795,-1.9110,0.1289
2017,149,Lavion Mayes,Missouri,5,4,3.3601,3.0000,0.6399,-0.0266,0.0552,0.0000,0.0000,0.3725,0.0000,0.0012,0.2377,-0.0000,-0.1885,-0.0266,0.1586,0.3725,0.3239,1.2557,-1.0181,0.6399
2017,149,Matthew Cimato,Drexel,2,0,0.4040,26.0000,-0.4040,0.0578,-0.0401,0.0000,0.0000,0.0000,0.0000,0.0015,-0.4232,0.0000,-0.3196,0.0578,-0.1093,0.0000,-0.0330,0.0260,-0.4492,-0.4040
2017,149,Matthew Zovistoski,Appalachian State,4,2,1.2567,28.0000,0.7433,-0.0032,0.4473,0.0000,0.0000,0.0000,0.0000,0.0208,0.2903,-0.0118,-0.2223,-0.0032,0.7695,0.0000,0.1994,2.3563,-2.0660,0.7433
2017,149,Max Thomsen,Northern Iowa,6,4,3.2603,7.0000,0.7397,-0.1189,0.1574,0.0000,0.0000,0.0000,0.0000,0.0018,0.6994,0.0000,0.1072,-0.1189,0.1649,0.0000,0.5865,2.5945,-1.8951,0.7397
2017,149,Micah Jordan,Ohio State,7,5,5.0247,4.0000,-0.0247,-0.1154,-0.3012,0.0000,0.0000,0.0000,-0.0001,0.0052,0.3869,0.0000,-0.5759,-0.1154,0.5571,0.0000,0.1096,1.4903,-1.1034,-0.0247
2017,149,Michael Hayes,Old Dominion,2,0,0.8325,19.0000,-0.8325,0.0203,-0.2615,0.0000,0.0000,0.0000,0.0000,0.0004,-0.5916,0.0000,-0.1806,0.0203,-0.9822,0.0000,0.3101,0.3893,-0.9809,-0.8325
2017,149,Nick Barber,Eastern Michigan,2,0,0.8752,17.0000,-0.8752,-0.0919,0.1899,0.0000,0.0000,0.0000,0.0000,-0.0039,-0.9693,0.0000,-0.0369,-0.0919,-1.2183,0.0000,0.4719,0.3332,-1.3025,-0.8752
2017,149,Patricio Lugo,Edinboro,3,1,2.1588,8.0000,-1.1588,0.0284,-0.7308,0.0000,0.0000,0.0000,0.0000,-0.0010,-0.4554,0.0000,-0.6819,0.0284,-0.6166,0.0000,0.1113,1.0337,-1.4891,-1.1588
2017,149,Sahid Kargbo,George Mason,3,1,0.8985,30.0000,0.1015,0.0120,0.1234,0.0000,0.0000,0.0000,0.0000,-0.0064,0.1110,-0.1384,-0.2703,0.0120,0.1959,0.0000,0.1640,0.5314,-0.4203,0.1015
2017,149,Sam Speno,NC State,2,0,1.4211,12.0000,-1.4211,-0.1090,-0.5208,0.0000,0.2686,0.0000,0.0000,-0.0163,-1.0436,0.0000,-0.2604,-0.1090,-1.2318,0.0000,0.1800,1.1681,-2.2118,-1.4211
2017,149,Samuel Krivus,Virginia,2,0,0.8539,18.0000,-0.8539,0.0144,-0.2074,0.0000,0.0000,0.0000,0.0000,-0.0004,-0.6605,0.0000,-0.3029,0.0144,-0.4488,0.0000,-0.1166,0.3144,-0.9750,-0.8539
2017,149,Solomon Chishko,Virginia Tech,7,4,4.3709,6.0000,-0.3709,0.0298,-0.9182,0.0000,0.0000,0.0000,0.0000,-0.0043,0.4893,0.0324,-1.3506,0.0298,0.7408,0.0000,0.2090,2.6361,-2.1468,-0.3709
2017,149,Steve Bleise,Northern Illinois,5,3,2.8314,14.0000,0.1686,0.0082,0.1026,0.0000,0.0000,-0.3725,0.0000,-0.0194,0.4498,0.0000,-0.2166,0.0082,1.4253,-0.3725,-0.6758,2.1172,-1.6674,0.1686
2017,149,Troy Heilmann,North Carolina,3,1,0.9441,29.0000,0.0559,-0.0013,0.0884,0.0000,0.0000,0.0000,0.0000,0.0092,-0.0404,-0.0000,-0.0929,-0.0013,-0.2259,0.0000,0.3760,0.4948,-0.5353,0.0559
2017,149,Zain Retherford,Penn State,5,5,4.4628,1.0000,0.5372,0.0121,0.0190,0.0000,0.0000,0.0000,0.0000,0.0028,0.4604,0.0429,0.1410,0.0121,0.2221,0.0000,0.1620,0.7245,-0.2641,0.5372
2017,157,Aaron Walker,The Citadel,2,0,0.5875,30.0000,-0.5875,0.0329,-0.0680,0.0000,0.0000,0.0000,0.0000,-0.0039,-0.5070,-0.0416,-0.0693,0.0329,-0.7063,0.0000,0.1552,0.2355,-0.7425,-0.5875
2017,157,Alex Griffin,Purdue,4,2,1.0245,28.0000,0.9755,0.0203,0.8107,0.0000,0.0000,0.0000,0.0000,-0.0084,0.1529,0.0000,-0.9617,0.0203,0.5148,0.0000,1.4021,2.1715,-2.0186,0.9755
2017,157,Andrew Atkinson,Virginia,2,0,0.7460,23.0000,-0.7460,0.0729,0.2919,0.0000,0.0000,-0.4123,0.0000,-0.0080,-0.6904,0.0000,-0.0130,0.0729,-0.0782,-0.4123,-0.3153,1.0221,-1.7125,-0.7460
2017,157,Archie Colgan,Wyoming,5,3,3.1074,15.0000,-0.1074,-0.0350,-0.5619,0.0000,0.0000,-0.5475,0.0000,0.4870,0.5500,0.0000,-0.4731,-0.0350,0.6359,-0.5475,0.3122,2.0996,-1.5496,-0.1074
2017,157,Bryant Clagon,Rider,4,2,0.7899,,1.2101,0.0328,0.2102,0.0000,0.0000,0.0000,0.0000,0.0409,0.9269,-0.0006,0.2000,0.0328,1.2250,0.0000,-0.2478,2.7145,-1.7876,1.2101
2017,157,Casey Sparkman,Kent State,3,1,1.3325,19.0000,-0.3325,-0.0604,-0.0048,0.0000,0.0000,0.0000,0.0000,0.0028,-0.2701,0.0000,-0.2712,-0.0604,-0.0708,0.0000,0.0699,0.6514,-0.9215,-0.3325
2017,157,Chase Delande,Edinboro,4,2,1.1177,18.0000,0.8823,-0.0119,0.4804,0.0000,0.0000,0.0000,0.0000,0.0458,0.3680,-0.0000,0.1987,-0.0119,0.0806,0.0000,0.6149,0.6499,-0.2819,0.8823
2017,157,Clark Glass,Oklahoma,2,0,1.4211,12.0000,-1.4211,0.0195,-0.5830,0.0000,0.0000,0.0000,0.0000,-0.0082,-0.8495,0.0000,-0.2670,0.0195,-1.1320,0.0000,-0.0417,0.2050,-1.0545,-1.4211
2017,157,Clayton Ream,North Dakota State University,1,0,0.8425,6.0000,-0.8425,-0.0596,-0.4467,0.0000,0.0000,0.0000,0.0000,-0.0037,-0.3325,0.0000,-0.2336,-0.0596,-0.7697,0.0000,0.2204,0.2515,-0.5840,-0.8425
2017,157,Colin Heffernan,Central Michigan,3,1,1.5932,10.0000,-0.5932,-0.0012,-0.5966,0.0000,0.0000,-0.0677,0.0000,0.0091,0.0632,0.0000,-0.0397,-0.0012,-0.3391,-0.0677,-0.1454,0.8830,-0.8197,-0.5932
2017,157,Colt Shorts,Cal Poly,1,0,0.5000,25.0000,-0.5000,-0.0243,-0.0544,0.0000,0.0000,0.0000,0.0000,0.0000,-0.4214,0.0000,-0.1447,-0.0243,-0.3710,0.0000,0.0400,0.2877,-0.7090,-0.5000
2017,157,Dylan Palacio,Cornell,6,3,2.7320,7.0000,0.2680,0.0644,0.0645,0.0000,0.0000,0.0000,0.0000,0.0204,-0.4228,0.5415,-0.4433,0.0644,-0.4708,0.0000,1.1177,1.7782,-2.2010,0.2680
2017,157,Jake Danishek,Indiana,2,0,0.4156,31.0000,-0.4156,0.0283,-0.1707,0.0000,0.0000,0.0000,0.0000,-0.0033,-0.2698,0.0000,-0.1643,0.0283,-0.5475,0.0000,0.2680,0.3466,-0.6164,-0.4156
2017,157,Jake Faust,Duke,2,0,0.4262,24.0000,-0.4262,0.0101,-0.0535,0.0000,0.0000,0.0000,0.0000,-0.0024,-0.3804,0.0000,-0.1158,0.0101,-0.3071,0.0000,-0.0134,0.0795,-0.4599,-0.4262
2017,157,Jake Short,Minnesota,5,3,3.3376,8.0000,-0.3376,-0.0782,-0.2623,0.0000,0.0000,0.4800,0.0000,-0.0560,-0.4211,0.0000,-0.0956,-0.0782,-0.7769,0.4800,0.1331,0.8819,-1.3030,-0.3376
2017,157,Jason Nolf,Penn State,5,5,4.4299,1.0000,0.5701,0.0347,-0.2023,0.0000,0.0000,0.0000,0.0000,-0.0001,0.7372,0.0006,-0.2215,0.0347,0.7176,0.0000,0.0393,0.9592,-0.2220,0.5701
2017,157,Joey Lavallee,Missouri,5,4,3.6115,3.0000,0.3885,-0.0582,-0.3458,0.0000,0.0000,0.3725,0.0000,-0.0425,0.4209,0.0416,-0.3659,-0.0582,0.0703,0.3725,0.3697,1.6634,-1.2425,0.3885
2017,157,John Van Brill,Rutgers,3,1,1.9026,13.0000,-0.9026,0.1064,-0.3771,0.0000,0.0000,0.0000,0.0000,0.0014,-0.6332,0.0000,-0.4610,0.1064,-0.9533,0.0000,0.4053,0.7107,-1.3439,-0.9026
2017,157,Joseph Smith,Oklahoma State,7,5,4.4392,5.0000,0.5608,0.0682,0.5078,0.0000,0.0000,-0.9152,0.0000,0.0268,0.8731,0.0000,-1.0772,0.0682,1.7029,-0.9152,0.7820,1.8279,-0.9548,0.5608
2017,157,Joshua Shields,Arizona State,3,1,2.3277,9.0000,-1.3277,-0.0430,-0.7048,0.0000,0.0000,0.0000,0.0000,-0.0018,-0.5781,0.0000,-0.0486,-0.0430,-1.4584,0.0000,0.2223,1.0614,-1.6395,-1.3277
2017,157,Kyle Langenderfer,Illinois,4,2,1.4226,20.0000,0.5774,0.0316,0.4038,0.0000,0.0000,0.0000,0.0000,-0.0063,0.1483,0.0000,-0.0788,0.0316,0.5350,0.0000,0.0896,1.4923,-1.3440,0.5774
2017,157,May Bethea,Pennsylvania,5,3,1.4859,21.0000,1.5141,-0.0529,0.4757,0.0000,0.0000,0.0000,0.0000,0.0061,1.0851,0.0000,-0.1325,-0.0529,1.5570,0.0000,0.1424,2.2258,-1.1407,1.5141
2017,157,Michael Kemerer,Iowa,7,6,5.8819,2.0000,0.1181,-0.0152,-0.0925,0.0000,0.0000,0.4322,0.0000,0.0019,0.3331,-0.5415,-0.5528,-0.0152,0.3197,0.4322,-0.0658,0.9034,-0.5704,0.1181
2017,157,Mike D`Angelo,Princeton,3,1,1.2678,22.0000,-0.2678,0.0480,-0.2025,0.0000,0.0000,0.0000,0.0000,-0.0079,-0.1053,0.0000,-0.2487,0.0480,-0.5713,0.0000,0.5042,1.1636,-1.2689,-0.2678
2017,157,Paul Fox,Stanford,6,4,1.2608,27.0000,2.7392,-0.0012,1.3221,0.0000,0.0000,0.5475,0.0000,0.0108,0.8600,0.0000,-0.9599,-0.0012,2.4517,0.5475,0.7011,2.7127,-1.8527,2.7392
2017,157,Russell Parsons,Army,3,1,2.1967,11.0000,-1.1967,-0.0082,-0.9523,0.0000,0.0000,0.0000,0.0000,-0.0003,-0.2360,0.0000,-0.6690,-0.0082,-1.4024,0.0000,0.8828,1.1981,-1.4341,-1.1967
2017,157,Ryan Mosley,Gardner-Webb,2,0,0.4226,29.0000,-0.4226,-0.1171,-0.0889,0.0000,0.0000,0.0000,0.0000,-0.0022,-0.2143,0.0000,-0.0327,-0.1171,-0.2327,0.0000,-0.0401,0.0000,-0.2144,-0.4226
2017,157,Sal Mastriani,Virginia Tech,7,4,3.5450,14.0000,0.4550,-0.0454,0.2379,0.0000,0.0000,-0.3725,0.0000,0.0072,0.6278,-0.0000,-0.1701,-0.0454,0.0907,-0.3725,0.9522,3.3615,-2.7337,0.4550
2017,157,Taleb Rahmani,Pittsburgh,4,2,1.2579,26.0000,0.7421,0.0060,0.6265,0.0000,0.0000,0.0000,0.0000,-0.0018,0.1114,0.0000,-0.5047,0.0060,0.7174,0.0000,0.5235,1.9684,-1.8571,0.7421
2017,157,Thomas Bullard,NC State,2,0,0.5313,32.0000,-0.5313,-0.0104,-0.2858,0.0000,0.0000,0.0000,0.0000,-0.0081,-0.2271,0.0000,-0.5331,-0.0104,0.2060,0.0000,-0.1938,0.5125,-0.7396,-0.5313
2017,157,Timothy Ruschell,Wisconsin,3,1,1.3752,17.0000,-0.3752,-0.0074,-0.0724,0.0000,0.0000,0.0000,0.0000,-0.0354,-0.2599,0.0000,-0.3078,-0.0074,-0.7156,0.0000,0.6556,1.1269,-1.3868,-0.3752
2017,157,Tyler Berger,Nebraska,6,4,3.5148,4.0000,0.4852,0.0041,0.1082,0.0000,0.0000,0.4830,0.0000,0.0317,-0.1418,0.0000,-0.1906,0.0041,-0.0208,0.4830,0.2095,0.8166,-0.9584,0.4852
2017,157,Victor Lopez,Bucknell,3,1,1.1529,16.0000,-0.1529,0.0493,0.5865,0.0000,0.0000,0.0000,0.0000,-0.4916,-0.2971,0.0000,-0.2535,0.0493,0.0994,0.0000,-0.0481,0.7725,-1.0696,-0.1529
2017,165,Andrew Fogarty,North Dakota State University,3,1,0.9701,24.0000,0.0299,0.0007,-0.1518,0.0000,0.0000,0.0000,0.0000,0.0012,0.1963,-0.0164,-0.1584,0.0007,-0.4052,0.0000,0.5929,1.2386,-1.0423,0.0299
2017,165,Andrew Mendel,Army,2,0,0.7678,22.0000,-0.7678,-0.0389,-0.2970,0.0000,0.0000,0.0000,0.0000,0.0008,-0.4326,0.0000,-0.0331,-0.0389,-0.7238,0.0000,0.0280,0.5788,-1.0114,-0.7678
2017,165,Anthony Valencia,Arizona State,4,2,2.3216,7.0000,-0.3216,-0.0026,-0.4854,0.0000,0.0000,0.0000,0.0000,0.0127,0.1537,0.0000,-0.1455,-0.0026,0.3218,0.0000,-0.4953,1.7113,-1.5576,-0.3216
2017,165,Austin Matthews,Edinboro,4,2,2.2235,12.0000,-0.2235,0.0126,0.2111,0.0000,0.0000,0.0000,0.0000,0.0165,0.1170,-0.5806,-0.6792,0.0126,0.4640,0.0000,-0.0209,0.8074,-0.6904,-0.2235
2017,165,Brandon Womack,Cornell,7,4,2.9464,13.0000,1.0536,-0.0096,0.8399,0.0000,0.0000,0.0000,0.0000,0.0401,-0.2768,0.4600,1.2761,-0.0096,-1.0951,0.0000,0.8822,2.9048,-3.1817,1.0536
2017,165,Branson Ashworth,Wyoming,3,1,1.4964,14.0000,-0.4964,0.1529,-0.4935,0.0000,0.0000,0.0000,0.0000,-0.0024,-0.1534,0.0000,-0.1788,0.1529,-0.9827,0.0000,0.5122,0.7429,-0.8963,-0.4964
2017,165,Brian Hamann,NC State,3,1,1.1435,19.0000,-0.1435,-0.0487,0.3325,0.0000,0.0000,0.5000,0.0000,-0.0016,-0.9258,0.0000,-0.3792,-0.0487,-0.1734,0.5000,-0.0422,0.1682,-1.0939,-0.1435
2017,165,Brooks Martino,Pennsylvania,2,0,0.7021,25.0000,-0.7021,0.0110,0.0394,0.0000,0.0000,0.0000,0.0000,-0.0063,-0.7462,0.0000,-0.6524,0.0110,-0.0482,0.0000,-0.0125,0.6368,-1.3830,-0.7021
2017,165,Bryce Steiert,Northern Iowa,5,3,2.9764,11.0000,0.0236,-0.0182,-0.1525,0.0000,0.0000,0.0000,0.0000,-0.0111,0.2054,0.0000,-0.2564,-0.0182,0.2727,0.0000,0.0256,1.4919,-1.2865,0.0236
2017,165,Chad Walsh,Rider,6,4,4.2065,5.0000,-0.2065,-0.0230,-1.4646,0.0000,0.0000,0.0000,0.0000,-0.0477,1.2082,0.1206,-0.5993,-0.0230,0.0642,0.0000,0.3517,3.4448,-2.2366,-0.2065
2017,165,Chandler Rogers,Oklahoma State,7,5,2.8312,9.0000,2.1688,0.1543,1.0998,0.0000,0.0000,0.0000,0.0000,0.0250,0.6573,0.2324,-0.8248,0.1543,1.5353,0.0000,1.3040,3.2632,-2.6059,2.1688
2017,165,Cody Burcher,Ohio State,2,0,0.6799,26.0000,-0.6799,0.0727,-0.2437,0.0000,0.0000,0.0000,0.0000,-0.0035,-0.5054,0.0000,-0.1612,0.0727,-0.7059,0.0000,0.1145,0.0000,-0.5054,-0.6799
2017,165,Cole Walter,Lehigh,3,1,1.0572,21.0000,-0.0572,0.0474,-0.0033,0.0000,0.0000,0.0000,0.0000,0.0139,-0.1152,0.0000,-0.1701,0.0474,-0.2328,0.0000,0.2984,1.1537,-1.2689,-0.0572
2017,165,Daniel Lewis,Missouri,7,4,4.3217,6.0000,-0.3217,-0.0264,-0.0548,0.0000,0.0000,0.0000,0.0000,-0.0068,-0.2336,0.0000,-0.2285,-0.0264,-0.9737,0.0000,0.9070,2.1896,-2.4232,-0.3217
2017,165,Drew Hughes,Michigan State,5,3,1.9942,15.0000,1.0058,-0.0236,0.3751,0.0000,0.0000,0.0000,0.0000,0.0067,0.6477,-0.0000,0.9266,-0.0236,0.0575,0.0000,0.0454,1.8686,-1.2209,1.0058
2017,165,Dylan Cottrell,West Virginia,3,1,2.1286,8.0000,-1.1286,0.0745,-0.0731,0.0000,0.0000,0.0000,0.0000,0.0051,-0.0861,-1.0490,-0.2618,0.0745,-1.1791,0.0000,0.2378,0.3482,-0.4343,-1.1286
2017,165,Isaac Jordan,Wisconsin,6,4,3.3710,4.0000,0.6290,-0.0555,0.0953,0.0000,0.0000,0.0000,0.0000,0.0085,0.5807,0.0000,-0.4944,-0.0555,0.8343,0.0000,0.3445,1.1493,-0.5686,0.6290
2017,165,Isaiah Martinez,Illinois,5,4,4.3607,1.0000,-0.3607,0.0209,-0.3312,0.0000,0.0000,0.0000,0.0000,0.0008,-0.0164,-0.0348,-0.4111,0.0209,-0.5752,0.0000,0.6047,1.1439,-1.1603,-0.3607
2017,165,Johnny Sebastian,Northwestern,2,0,0.6348,28.0000,-0.6348,-0.0350,-0.0913,0.0000,0.0000,0.0000,0.0000,-0.0141,-0.4944,0.0000,-0.1747,-0.0350,-0.3459,0.0000,-0.0792,0.2999,-0.7943,-0.6348
2017,165,Joseph Gunther,Iowa,4,2,1.4113,20.0000,0.5887,-0.1733,0.3501,0.0000,0.0000,0.0000,0.0000,0.0002,0.4117,0.0000,-0.6004,-0.1733,0.9901,0.0000,0.3723,1.4172,-1.0056,0.5887
2017,165,Keaton Subjeck,Stanford,2,0,0.5875,30.0000,-0.5875,-0.0005,0.0846,0.0000,0.0000,-0.5000,0.0000,0.0015,-0.1730,0.0000,-0.0057,-0.0005,-0.0439,-0.5000,-0.0374,0.1184,-0.2914,-0.5875
2017,165,Keilan Torres,Northern Colorado,3,1,1.2290,18.0000,-0.2290,-0.0345,-0.0610,0.0000,0.0000,0.0000,0.0000,-0.0031,-0.1331,0.0026,-0.3241,-0.0345,-0.0151,0.0000,0.1447,0.6828,-0.8159,-0.2290
2017,165,Logan Massa,Michigan,6,5,4.6643,2.0000,0.3357,-0.0228,-0.4154,0.0000,0.0000,0.0000,0.0000,0.0075,0.7663,0.0000,-0.3475,-0.0228,0.2525,0.0000,0.4535,1.7156,-0.9492,0.3357
2017,165,Lorenzo De La Riva,CSU Bakersfield,2,0,0.6116,29.0000,-0.6116,0.0440,-0.1571,0.0000,0.0000,0.0000,0.0000,-0.0052,-0.4932,0.0000,-0.2219,0.0440,-0.5558,0.0000,0.1221,0.2340,-0.7272,-0.6116
2017,165,Luke Zilverberg,South Dakota State,3,1,0.9469,,0.0531,0.0335,0.1908,0.0000,0.0000,0.0000,0.0000,-0.0203,-0.1510,0.0000,-0.3037,0.0335,0.2219,0.0000,0.1014,0.3908,-0.5418,0.0531
2017,165,Nicholas Wanzek,Minnesota,5,3,2.1630,16.0000,0.8370,-0.0033,0.3442,0.0000,0.0000,0.0000,0.0000,0.0015,0.4946,0.0000,-0.0157,-0.0033,0.1742,0.0000,0.6818,1.3322,-0.8376,0.8370
2017,165,Quentin Perez,Campbell,2,0,0.8752,17.0000,-0.8752,0.0052,-0.0823,0.0000,0.0000,0.0000,0.0000,-0.0012,-0.7969,0.0000,-0.3881,0.0052,-0.4479,0.0000,-0.0444,0.3457,-1.1426,-0.8752
2017,165,Seldon Wright,Old Dominion,2,0,0.5617,31.0000,-0.5617,0.0042,-0.0242,0.0000,0.0000,0.0000,0.0000,0.0000,-0.5390,-0.0027,-0.2652,0.0042,-0.2314,0.0000,-0.0693,0.1056,-0.6445,-0.5617
2017,165,Shaun`Qae McMurtry,Northern Illinois,3,1,0.8852,32.0000,0.1148,0.0252,-0.2519,0.0000,0.0000,0.0000,0.0000,-0.0035,0.3450,0.0000,-0.1871,0.0252,0.3177,0.0000,-0.0409,1.0540,-0.7090,0.1148
2017,165,Te`Shan Campbell,Pittsburgh,4,2,2.5369,10.0000,-0.5369,0.0569,-0.1267,0.0000,0.0000,0.0000,0.0000,-0.0173,-0.4497,0.0000,0.1704,0.0569,-0.1683,0.0000,-0.5958,1.4414,-1.8912,-0.5369
2017,165,Vincenzo Joseph,Penn State,5,5,3.0711,3.0000,1.9289,-0.0220,0.6043,0.0000,0.0000,0.0000,0.0000,0.0005,1.3114,0.0348,-0.8359,-0.0220,2.3158,0.0000,0.4710,3.1927,-1.8813,1.9289
2017,165,Yoanse Mejias,Oklahoma,4,2,1.3232,23.0000,0.6768,-0.1779,0.3937,0.0000,0.0000,0.0000,0.0000,0.0016,-0.3736,0.8331,-0.3321,-0.1779,1.0813,0.0000,0.1055,0.3219,-0.6956,0.6768
2017,174,Alex Meyer,Iowa,4,2,1.6532,11.0000,0.3468,0.0280,0.7534,0.0000,0.0000,0.0000,0.0000,0.0859,-0.5205,0.0000,-0.2283,0.0280,0.3652,0.0000,0.1819,2.7536,-3.2741,0.3468
2017,174,Austin Dewey,Boise State,2,0,0.7678,22.0000,-0.7678,-0.0429,-0.0288,0.0000,0.0000,0.0000,0.0000,-0.0001,-0.6960,0.0000,-0.1674,-0.0429,-0.7345,0.0000,0.1770,0.1876,-0.8835,-0.7678
2017,174,Austin Trott,Gardner-Webb,2,0,0.7021,25.0000,-0.7021,-0.0043,-0.1756,0.0000,0.0000,0.0000,0.0000,-0.0013,-0.5208,0.0000,-0.2514,-0.0043,-0.5304,0.0000,0.0841,0.0948,-0.6156,-0.7021
2017,174,Bo Jordan,Ohio State,5,4,3.5694,3.0000,0.4306,-0.0781,-0.7088,0.0000,0.0000,0.0000,0.0000,0.0018,1.2158,0.0000,-0.0244,-0.0781,0.0100,0.0000,0.5230,2.6295,-1.4137,0.4306
2017,174,Brian Realbuto,Cornell,6,4,4.9031,2.0000,-0.9031,0.0607,-0.5644,0.0000,0.0000,0.0000,0.0000,-0.0001,-0.4546,0.0552,-0.8611,0.0607,-0.2276,0.0000,0.1248,1.2912,-1.7458,-0.9031
2017,174,Casey Kent,Pennsylvania,3,1,1.7357,12.0000,-0.7357,0.1132,-0.3903,0.0000,0.0000,0.0000,0.0000,-0.0038,-0.4548,0.0000,-0.2489,0.1132,-1.0877,0.0000,0.4877,0.7086,-1.1634,-0.7357
2017,174,Christian Brucki,Central Michigan,4,2,1.5683,16.0000,0.4317,0.0011,-0.0378,0.0000,0.0000,0.0000,0.0000,0.0011,0.4667,0.0005,0.1242,0.0011,-0.0687,0.0000,0.3751,1.0945,-0.6278,0.4317
2017,174,Christopher Pfarr,Minnesota,2,0,0.5313,32.0000,-0.5313,-0.0377,-0.2597,0.0000,0.0000,0.0000,0.0000,-0.0086,-0.2253,0.0000,-0.2159,-0.0377,-0.4218,0.0000,0.1442,0.1546,-0.3800,-0.5313
2017,174,Connor Bass,Duke,3,1,1.2290,17.0000,-0.2290,0.0258,0.3612,0.0000,0.0000,0.0000,0.0000,-0.0015,-0.6140,-0.0005,-0.5088,0.0258,0.2555,0.0000,-0.0015,1.1675,-1.7815,-0.2290
2017,174,David Kocer,South Dakota State,2,0,0.4242,28.0000,-0.4242,0.0017,-0.0131,0.0000,0.0000,0.0000,0.0000,-0.0007,-0.4122,0.0000,-0.1066,0.0017,-0.3853,0.0000,0.0659,0.0679,-0.4800,-0.4242
2017,174,Devin Skatzka,Indiana,2,0,0.5617,31.0000,-0.5617,0.0247,-0.2327,0.0000,0.0000,0.0000,0.0000,0.0000,-0.2957,-0.0580,-0.2389,0.0247,-0.1823,0.0000,-0.1652,0.5233,-0.8190,-0.5617
2017,174,Ethan Ramos,North Carolina,3,1,1.7949,8.0000,-0.7949,-0.0723,-0.0748,0.0000,0.0000,0.0000,0.0000,-0.0005,-0.6473,0.0000,-0.1648,-0.0723,-0.8118,0.0000,0.2540,0.8638,-1.5110,-0.7949
2017,174,Jacob Morrissey,Purdue,2,0,0.4259,23.0000,-0.4259,0.0007,-0.0215,0.0000,0.0000,0.0000,0.0000,-0.0017,-0.4033,0.0000,-0.1095,0.0007,-0.4017,0.0000,0.0847,0.1033,-0.5066,-0.4259
2017,174,Jadaen Bernstein,Navy,5,3,1.4812,21.0000,1.5188,-0.0721,0.7376,0.0000,0.0000,0.0000,0.0000,0.0092,0.8448,-0.0006,-0.1292,-0.0721,1.3006,0.0000,0.4196,2.0473,-1.2025,1.5188
2017,174,Jake Residori,SIUE,7,4,1.7953,26.0000,2.2047,-0.0168,2.0387,0.0000,0.0000,0.0000,0.0000,0.0184,-0.1140,0.2784,-0.2106,-0.0168,1.1642,0.0000,1.2678,2.4038,-2.5178,2.2047
2017,174,Jonathan Schleifer,Princeton,3,1,1.2290,18.0000,-0.2290,-0.0624,0.3401,0.0000,0.0000,0.0000,0.0000,-0.0002,-0.2858,-0.2208,-0.3661,-0.0624,0.2750,0.0000,-0.0755,1.4299,-1.7156,-0.2290
2017,174,Jordan Pagano,Rutgers,3,1,1.1575,27.0000,-0.1575,-0.0134,-0.1071,0.0000,0.0000,0.0000,0.0000,-0.0110,-0.0260,0.0000,-0.3710,-0.0134,0.1554,0.0000,0.0715,0.5792,-0.6052,-0.1575
2017,174,Josef Johnson,Harvard,3,1,0.8985,30.0000,0.1015,0.0390,-0.0205,0.0000,0.0000,0.0000,0.0000,0.0027,0.0803,0.0000,-0.1027,0.0390,-0.0399,0.0000,0.2051,0.7767,-0.6964,0.1015
2017,174,Kyle Crutchmer,Oklahoma State,7,5,4.9515,7.0000,0.0485,0.0454,-1.2662,0.0000,0.0000,0.0000,0.0000,0.0011,1.2682,0.0000,-0.6820,0.0454,-0.0705,0.0000,0.7557,4.2515,-2.9833,0.0485
2017,174,Lelund Weatherspoon,Iowa State,3,1,1.4964,14.0000,-0.4964,0.0316,-0.4128,0.0000,0.0000,0.0000,0.0000,0.0021,-0.1172,0.0000,-0.1604,0.0316,0.0891,0.0000,-0.4567,0.6498,-0.7670,-0.4964
2017,174,Mark Hall,Penn State,5,5,2.7293,5.0000,2.2707,0.0494,0.9894,0.0000,0.0000,0.0000,0.0000,0.0017,1.2295,0.0006,-0.2913,0.0494,1.9339,0.0000,0.5786,1.3611,-0.1316,2.2707
2017,174,Myles Amine,Michigan,7,5,2.7986,9.0000,2.2014,0.0572,0.9232,0.0000,0.0000,0.0000,0.0000,0.0037,1.1536,0.0638,-0.6809,0.0572,1.9453,0.0000,0.8798,2.5391,-1.3855,2.2014
2017,174,Nick Reenan,NC State,2,0,0.6116,29.0000,-0.6116,0.0385,-0.0523,0.0000,0.0000,-0.5000,0.0000,0.0047,-0.1025,0.0000,0.2475,0.0385,-0.0572,-0.5000,-0.3404,0.1496,-0.2522,-0.6116
2017,174,Peter Galli,Stanford,2,0,0.8325,19.0000,-0.8325,-0.0230,0.0517,0.0000,0.0000,0.0000,0.0000,-0.0047,-0.8566,0.0000,-0.1609,-0.0230,-0.6368,0.0000,-0.0118,0.3385,-1.1950,-0.8325
2017,174,Ryan Christensen,Wisconsin,4,2,1.3010,20.0000,0.6990,-0.0851,0.5768,0.0000,0.0000,0.5000,0.0000,-0.0062,-0.2866,0.0000,0.8519,-0.0851,-0.3713,0.5000,-0.1965,0.6186,-0.9052,0.6990
2017,174,Ryan Preisch,Lehigh,5,3,3.6391,6.0000,-0.6391,0.0116,-0.4823,0.0000,0.0000,0.0000,0.0000,-0.0792,-0.0893,0.0000,-0.2015,0.0116,-1.0753,0.0000,0.6260,1.5340,-1.6233,-0.6391
2017,174,Taylor Lujan,Northern Iowa,4,2,2.2846,13.0000,-0.2846,-0.0868,-0.3470,0.0000,0.0000,0.0000,0.0000,-0.0050,0.1542,0.0000,-0.3261,-0.0868,0.4687,0.0000,-0.3404,1.3703,-1.2161,-0.2846
2017,174,Trace Engelkes,Northern Illinois,4,2,2.0456,15.0000,-0.0456,0.0195,-0.2801,0.0000,0.0000,0.0000,0.0000,0.0097,0.2050,0.0002,0.0058,0.0195,-0.6176,0.0000,0.5467,2.0394,-1.8344,-0.0456
2017,174,Ty Schoffstall,Edinboro,3,1,1.2241,24.0000,-0.2241,-0.0127,-0.3587,0.0000,0.0000,0.0000,0.0000,-0.0230,0.1703,0.0000,-0.4293,-0.0127,-0.0945,0.0000,0.3124,0.5586,-0.3882,-0.2241
2017,174,Zac Brunson,Illinois,7,4,3.0898,10.0000,0.9102,0.0088,0.3003,0.0000,0.0000,0.0000,0.0000,0.0026,0.7278,-0.1293,-0.3648,0.0088,0.7156,0.0000,0.5506,1.9751,-1.2473,0.9102
2017,174,Zach Epperly,Virginia Tech,4,2,3.1130,4.0000,-1.1130,0.0589,-0.8805,0.0000,0.0000,0.0000,0.0000,0.0020,-0.2933,0.0000,-0.4963,0.0589,-0.3862,0.0000,-0.2893,1.1146,-1.4079,-1.1130
2017,174,Zahid Valencia,Arizona State,6,5,5.4549,1.0000,-0.4549,-0.0083,-0.3575,0.0000,0.0000,0.0000,0.0000,0.0010,-0.1006,0.0105,-0.1503,-0.0083,-0.4776,0.0000,0.1814,0.3087,-0.4093,-0.4549
2017,184,Alexander DeCiantis,Drexel,2,0,0.7241,24.0000,-0.7241,-0.0280,-0.2291,0.0000,0.0000,0.0000,0.0000,-0.0018,-0.4651,0.0000,-0.2208,-0.0280,-0.4140,0.0000,-0.0614,0.4906,-0.9557,-0.7241
2017,184,Bo Nickal,Penn State,5,5,3.5228,2.0000,1.4772,0.0489,0.3919,0.0000,0.0000,0.0000,0.0000,-0.0002,0.8313,0.2054,-0.0845,0.0489,1.1781,0.0000,0.3347,1.3746,-0.5433,1.4772
2017,184,Bryce Carr,Chattanooga,3,1,1.5956,13.0000,-0.5956,-0.0456,0.2186,0.0000,0.0000,-0.9627,0.0000,-0.0180,0.2122,0.0000,0.2158,-0.0456,0.9653,-0.9627,-0.7685,0.6255,-0.4133,-0.5956
2017,184,Christian LaFragola,Brown,2,0,0.8752,17.0000,-0.8752,-0.0734,-0.2906,0.0000,0.0000,0.0000,0.0000,-0.0052,-0.5059,0.0000,-0.4677,-0.0734,-0.4889,0.0000,0.1549,0.6900,-1.1959,-0.8752
2017,184,Dakota Geer,Edinboro,4,2,1.7693,14.0000,0.2307,-0.0285,0.3208,0.0000,0.0000,0.0000,0.0000,0.0081,-0.0595,-0.0102,-0.0250,-0.0285,-0.3415,0.0000,0.6257,0.4943,-0.5538,0.2307
2017,184,Drew Foster,Northern Iowa,6,4,2.3970,12.0000,1.6030,-0.0312,1.1268,0.0000,0.0000,0.0000,0.0000,0.0257,0.4817,0.0000,0.0338,-0.0312,0.9550,0.0000,0.6454,3.0694,-2.5877,1.6030
2017,184,Dylan Gabel,Northern Colorado,3,1,0.9481,25.0000,0.0519,0.0566,0.0833,0.0000,0.0000,0.0000,0.0000,-0.0023,-0.0856,0.0000,-0.0117,0.0566,-0.3098,0.0000,0.3169,0.8048,-0.8903,0.0519
2017,184,Emery Parker,Illinois,4,2,1.7196,11.0000,0.2804,-0.0308,0.5900,0.0000,0.0000,-0.4813,0.0000,0.0016,0.9357,-0.7348,-0.2607,-0.0308,0.6935,-0.4813,0.3597,1.5489,-0.6132,0.2804
2017,184,Gabe Dean,Cornell,5,4,4.2708,1.0000,-0.2708,-0.0340,-0.6722,0.0000,0.0000,0.3426,0.0000,0.0086,0.0842,0.0000,-0.3086,-0.0340,-0.3181,0.3426,0.0472,0.9979,-0.9137,-0.2708
2017,184,Garrett Hoffman,Bucknell,2,0,0.6575,27.0000,-0.6575,-0.0163,-0.0492,0.0000,0.0000,0.0000,0.0000,-0.0015,-0.5905,0.0000,-0.2420,-0.0163,-0.3207,0.0000,-0.0785,0.3221,-0.9125,-0.6575
2017,184,Hunter Gamble,Gardner-Webb,4,2,1.4025,22.0000,0.5975,-0.0302,-0.1518,0.0000,0.0000,0.0000,0.0000,0.0000,-0.0607,0.8402,-0.1294,-0.0302,0.2527,0.0000,0.5044,1.1086,-1.1693,0.5975
2017,184,Hunter Ritter,Wisconsin,3,1,0.9441,29.0000,0.0559,0.0143,-0.1624,0.0000,0.0000,0.0000,0.0000,-0.0083,-0.0260,0.2384,-0.3521,0.0143,-0.2897,0.0000,0.6834,0.4316,-0.4576,0.0559
2017,184,Jack Dechow,Old Dominion,4,2,1.8685,8.0000,0.1315,-0.0324,0.3837,0.0000,0.0000,-0.3290,0.0000,-0.0178,0.1270,0.0000,0.3367,-0.0324,-0.0847,-0.3290,0.2410,0.9242,-0.7972,0.1315
2017,184,Jason Grimes,American,2,0,0.8539,18.0000,-0.8539,0.0578,-0.4366,0.0000,0.0000,0.0000,0.0000,0.0007,-0.4757,0.0000,-0.2743,0.0578,-0.8950,0.0000,0.2577,0.3914,-0.8672,-0.8539
2017,184,Joe Heyob,Pennsylvania,3,1,0.7923,28.0000,0.2077,-0.0329,0.2089,0.0000,0.0000,0.0000,0.0000,-0.0001,0.0318,-0.0000,-0.0148,-0.0329,0.0440,0.0000,0.2114,0.4805,-0.4486,0.2077
2017,184,Jordan Ellingwood,Central Michigan,4,2,1.6255,16.0000,0.3745,0.0275,0.1597,0.0000,0.0000,0.0000,0.0000,-0.0010,0.1883,0.0000,0.0136,0.0275,-0.0099,0.0000,0.3433,0.6411,-0.4528,0.3745
2017,184,Michael Coleman,Navy,4,2,1.1311,32.0000,0.8689,0.0250,0.5533,0.0000,0.0000,0.0000,0.0000,0.0244,0.2662,0.0000,-0.2061,0.0250,0.5087,0.0000,0.5413,1.2330,-0.9668,0.8689
2017,184,Michael Macchiavello,NC State,5,3,3.2194,10.0000,-0.2194,0.0607,-0.5412,0.0000,0.0000,0.4123,0.0000,-0.0008,-0.1504,0.0000,-0.4102,0.0607,-0.3692,0.4123,0.0869,0.7320,-0.8825,-0.2194
2017,184,Michale Fagg-Daves,Rider,2,0,0.6799,26.0000,-0.6799,-0.0005,0.0059,0.0000,0.0000,0.0000,0.0000,0.0000,-0.4439,-0.2414,-0.3214,-0.0005,-0.3572,0.0000,-0.0008,0.0000,-0.4439,-0.6799
2017,184,Mitch Sliga,Northwestern,3,1,0.9369,31.0000,0.0631,-0.0529,0.1017,0.0000,0.0000,0.0000,0.0000,-0.0001,0.0144,-0.0000,-0.2789,-0.0529,0.2102,0.0000,0.1848,0.5648,-0.5504,0.0631
2017,184,Myles Martin,Ohio State,8,6,5.0752,6.0000,0.9248,-0.0435,-0.3856,0.0000,0.0000,0.4760,0.0000,0.0051,0.8727,0.0000,-0.9304,-0.0435,1.5256,0.4760,-0.1030,2.9960,-2.1233,0.9248
2017,184,Nathan Jackson,Indiana,7,4,4.2697,9.0000,-0.2697,0.0668,-0.0780,0.0000,0.0000,-0.0083,0.0000,-0.0109,-0.2573,0.0179,-0.6322,0.0668,0.5440,-0.0083,-0.2401,2.1707,-2.4280,-0.2697
2017,184,Nicholas Gravina,Rutgers,5,3,1.5784,30.0000,1.4216,0.0740,0.5454,0.0000,0.0000,0.5626,0.0000,0.0432,0.1964,0.0000,-0.0477,0.0740,0.3124,0.5626,0.5204,1.0768,-0.8804,1.4216
2017,184,Nick Corba,Cleveland State,2,1,0.7241,21.0000,0.2759,0.0000,-0.0206,0.0000,0.0000,0.0000,0.0000,0.0000,0.0731,0.2234,-0.0911,0.0000,0.1161,0.0000,0.2509,0.2679,-0.1948,0.2759
2017,184,Nolan Boyd,Oklahoma State,6,3,3.8739,4.0000,-0.8739,0.0303,-0.7410,0.0000,0.0000,0.4002,0.0000,-0.0001,-0.5632,0.0000,0.0073,0.0303,-1.2224,0.4002,-0.0893,1.3066,-1.8698,-0.8739
2017,184,Robert Steveson,Minnesota,2,0,0.7894,,-0.7894,0.0146,-0.2268,0.0000,0.0000,0.0000,0.0000,-0.0066,-0.5706,0.0000,-0.1862,0.0146,-0.5727,0.0000,-0.0452,0.0000,-0.5706,-0.7894
2017,184,Sammy Brooks,Iowa,6,4,4.3073,3.0000,-0.3073,0.0684,-0.5810,0.0000,0.0000,0.0000,0.0000,0.0019,-0.0499,0.2532,-0.4029,0.0684,-0.4201,0.0000,0.4473,0.9537,-1.0035,-0.3073
2017,184,Samson Imonode,Army,2,0,0.8110,20.0000,-0.8110,0.0144,-0.3040,0.0000,0.0000,0.0000,0.0000,-0.0156,-0.2674,-0.2384,-0.8625,0.0144,-0.0638,0.0000,0.1009,0.3963,-0.6638,-0.8110
2017,184,Steven Schneider,Binghamton University,3,1,1.3994,15.0000,-0.3994,0.0157,-0.0913,0.0000,0.0000,0.0000,0.0000,-0.0220,-0.3018,-0.0000,-0.4097,0.0157,-0.0950,0.0000,0.0896,0.3476,-0.6494,-0.3994
2017,184,TJ Dudley,Nebraska,7,6,3.7052,7.0000,2.2948,-0.0529,0.8380,0.0000,0.0000,0.0000,0.0000,0.0028,1.2204,0.2865,-0.0441,-0.0529,1.0920,0.0000,1.2999,2.0651,-0.8447,2.2948
2017,184,Ville Heino,Campbell,1,0,0.2460,23.0000,-0.2460,-0.0343,0.1353,0.0000,0.0000,-0.4123,0.0000,0.0035,0.0619,0.0000,-0.0570,-0.0343,0.0643,-0.4123,0.1933,0.1938,-0.1319,-0.2460
2017,184,Zach Nevills,Stanford,2,0,0.8325,19.0000,-0.8325,-0.0026,-0.2133,0.0000,0.0000,0.0000,0.0000,-0.0112,-0.6054,-0.0000,-0.3392,-0.0026,-0.4388,0.0000,-0.0518,0.0000,-0.6054,-0.8325
2017,184,Zachary Zavatsky,Virginia Tech,3,1,2.4538,5.0000,-1.4538,-0.0049,-0.4883,0.0000,0.0000,0.0000,0.0000,-0.0020,-0.1184,-0.8402,-0.1264,-0.0049,-1.4505,0.0000,0.1280,0.4916,-0.6100,-1.4538
2017,197,Aaron Studebaker,Nebraska,8,6,4.5217,7.0000,1.4783,0.1150,0.8379,0.0000,0.0000,0.0000,0.0027,0.0099,1.3617,-0.8490,-0.1513,0.1150,-0.4737,0.0000,1.9882,2.3792,-1.0174,1.4783
2017,197,Austin Severn,Central Michigan,2,0,1.2497,16.0000,-1.2497,0.0213,-0.2029,0.0000,0.0000,-0.5403,0.0000,-0.0048,-0.4285,-0.0945,-0.2971,0.0213,-0.6292,-0.5403,0.1956,0.8165,-1.2449,-1.2497
2017,197,Benjamin Honis,Cornell,3,1,1.0572,22.0000,-0.0572,-0.0086,0.1327,0.0000,0.0000,0.0000,0.0000,0.0001,-0.1815,0.0000,0.1003,-0.0086,-0.2084,0.0000,0.0595,0.6270,-0.8085,-0.0572
2017,197,Brad Johnson,Oklahoma,4,2,1.0955,18.0000,0.9045,0.0596,0.4875,0.0000,0.0000,0.0000,0.0000,0.0012,0.3562,0.0000,-0.3608,0.0596,1.0157,0.0000,0.1900,0.8227,-0.4665,0.9045
2017,197,Brett Harner,Princeton,3,1,1.1799,26.0000,-0.1799,0.0420,-0.2146,0.0000,0.0000,0.0000,0.0000,0.0001,-0.1196,0.1123,-0.8022,0.0420,0.4145,0.0000,0.1659,0.8617,-0.9814,-0.1799
2017,197,Brett Pfarr,Minnesota,5,4,3.6312,2.0000,0.3688,-0.0164,0.0585,0.0000,0.0000,0.0000,0.0000,0.0160,0.3107,0.0000,0.0843,-0.0164,0.1039,0.0000,0.1970,1.7067,-1.3960,0.3688
2017,197,Cash Wilcke,Iowa,5,3,1.4580,20.0000,1.5420,0.0333,0.1144,0.0000,0.0000,1.1331,0.0000,0.0087,0.2525,0.0000,0.0365,0.0333,0.4594,1.1331,-0.1203,0.9801,-0.7276,1.5420
2017,197,Christian Brunner,Purdue,3,1,0.9025,28.0000,0.0975,0.0323,-0.0817,0.0000,0.0000,0.0000,0.0000,-0.0070,0.3247,-0.1708,0.0752,0.0323,-0.4502,0.0000,0.4401,0.9031,-0.5784,0.0975
2017,197,Corey Griego,Oregon State,3,1,1.4964,14.0000,-0.4964,0.0008,-0.3751,0.0000,0.0000,0.0000,0.0000,-0.0230,-0.0992,0.0000,-0.3179,0.0008,-0.4671,0.0000,0.2878,1.3485,-1.4477,-0.4964
2017,197,Daniel Chaid,North Carolina,5,3,1.5837,24.0000,1.4163,-0.0382,0.6893,0.0000,0.0000,0.5000,0.0000,0.0027,0.2625,0.0000,-0.4157,-0.0382,0.4487,0.5000,0.9216,2.2982,-2.0358,1.4163
2017,197,Frank Mattiace,Pennsylvania,4,2,2.4084,12.0000,-0.4084,0.0879,-0.3619,0.0000,0.0000,-0.5706,0.0000,-0.0011,0.4373,0.0000,-0.1309,0.0879,0.0381,-0.5706,0.1671,1.0225,-0.5852,-0.4084
2017,197,J`den Cox,Missouri,5,5,4.2906,1.0000,0.7094,0.0099,-0.0516,0.0000,0.0000,0.0000,0.0000,0.0039,0.7429,0.0043,0.0155,0.0099,0.5797,0.0000,0.1043,0.7773,-0.0344,0.7094
2017,197,Jacob Berkowitz,Northwestern,2,0,0.7894,21.0000,-0.7894,-0.0680,0.1419,0.0000,0.0000,0.0000,0.0000,-0.0035,-0.8598,0.0000,-0.5118,-0.0680,-0.1630,0.0000,-0.0466,0.5053,-1.3651,-0.7894
2017,197,Jacob Holschlag,Northern Iowa,2,0,0.4262,25.0000,-0.4262,0.0529,0.0384,0.0000,0.0000,0.0000,0.0000,0.0111,-0.5286,0.0000,-0.2554,0.0529,-0.4015,0.0000,0.1778,-0.0849,-0.4438,-0.4262
2017,197,Jake Tindle,SIUE,2,0,0.7460,23.0000,-0.7460,0.0000,-0.0667,0.0000,0.0000,0.0000,0.0000,0.0000,-0.5148,-0.1645,-0.2780,0.0000,-0.5976,0.0000,0.1296,0.1296,-0.6444,-0.7460
2017,197,Jared Haught,Virginia Tech,6,4,3.5662,4.0000,0.4338,0.0357,0.2796,0.0000,0.0000,0.0000,0.0000,0.0141,0.2847,-0.1804,-0.5178,0.0357,0.7610,0.0000,0.1548,0.9747,-0.6900,0.4338
2017,197,Jeric Kasunic,American,3,1,0.9064,32.0000,0.0936,-0.0460,-0.0116,0.0000,0.0000,0.0000,0.0000,0.0010,0.0601,0.0902,-0.1429,-0.0460,-0.0434,0.0000,0.3260,0.9142,-0.8541,0.0936
2017,197,Josh Marchok,Stanford,3,1,1.3325,19.0000,-0.3325,-0.0109,-0.0953,0.0000,0.0000,0.0000,0.0000,-0.0030,-0.4831,0.2598,-0.3791,-0.0109,-0.3845,0.0000,0.4420,1.0087,-1.4918,-0.3325
2017,197,Kevin Beazley,Old Dominion,6,3,2.8793,10.0000,0.1207,-0.0312,-0.2745,0.0000,0.0000,0.0000,0.0000,-0.0274,-0.4474,0.9012,-0.5441,-0.0312,0.0206,0.0000,0.6756,0.7589,-1.2062,0.1207
2017,197,Kollin Moore,Ohio State,6,5,4.0821,3.0000,0.9179,-0.0220,0.0348,0.0000,0.0000,0.0000,0.0000,0.0004,0.7243,0.1804,-0.5468,-0.0220,1.3223,0.0000,0.1644,2.6081,-1.8838,0.9179
2017,197,Malik McDonald,NC State,2,0,0.5875,30.0000,-0.5875,-0.0025,-0.0112,0.0000,0.0000,0.0000,0.0000,-0.0003,-0.3137,-0.2598,-0.2806,-0.0025,-0.3395,0.0000,0.0352,0.0375,-0.3513,-0.5875
2017,197,Marcus Harrington,Iowa State,2,0,0.6575,27.0000,-0.6575,0.1114,-0.3566,0.0000,0.0000,0.0000,0.0000,-0.0004,-0.4119,0.0000,-0.5109,0.1114,-0.0555,0.0000,-0.2025,0.2424,-0.6544,-0.6575
2017,197,Matt Correnti,Rutgers,1,0,0.0617,31.0000,-0.0617,-0.0005,-0.0035,0.0000,0.0000,0.0000,0.0000,-0.0051,-0.0526,0.0000,-0.0217,-0.0005,-0.0637,0.0000,0.0242,0.0244,-0.0770,-0.0617
2017,197,Matt McCutcheon,Penn State,4,2,2.6196,5.0000,-0.6196,-0.0267,-0.1802,0.0000,0.0000,0.0000,0.0000,0.0006,-0.5841,0.1708,-0.4948,-0.0267,-0.2151,0.0000,0.1170,0.7841,-1.3682,-0.6196
2017,197,Matt Williams,CSU Bakersfield,4,2,1.0228,29.0000,0.9772,-0.0935,0.9171,0.0000,0.0000,0.0000,0.0000,0.0373,0.5210,-0.4048,-0.1798,-0.0935,0.6302,0.0000,0.6203,1.1356,-0.6145,0.9772
2017,197,Nate Rotert,South Dakota State,3,1,1.9835,9.0000,-0.9835,-0.0650,-0.9115,0.0000,0.0000,0.0000,0.0000,-0.0124,0.0053,0.0000,-0.7415,-0.0650,-0.7285,0.0000,0.5515,0.6724,-0.6671,-0.9835
2017,197,Preston Weigel,Oklahoma State,7,4,4.2630,6.0000,-0.2630,-0.1596,0.2550,0.0000,0.0000,0.0000,0.0000,0.0256,-0.3841,0.0000,-0.4689,-0.1596,-0.8053,0.0000,1.1709,1.1387,-1.5228,-0.2630
2017,197,Ricky Robertson,Wisconsin,3,1,1.9384,15.0000,-0.9384,-0.0538,-0.2245,0.0000,0.0000,-0.5475,0.0000,-0.0160,-0.3155,0.2189,-0.1256,-0.0538,-0.6182,-0.5475,0.4067,0.9907,-1.3062,-0.9384
2017,197,Ryan Wolfe,Rider,6,4,3.3268,8.0000,0.6732,-0.0992,0.4911,0.0000,0.0000,0.0000,-0.0027,0.0008,0.2832,0.0000,-0.5647,-0.0992,1.4114,0.0000,-0.0742,1.7783,-1.4951,0.6732
2017,197,Shawn Scott,Northern Illinois,5,3,2.9443,11.0000,0.0557,0.1145,-0.4702,0.0000,0.0000,0.0000,0.0000,-0.0273,0.0340,0.4048,-0.5157,0.1145,-0.1600,0.0000,0.6170,1.2805,-1.2465,0.0557
2017,197,Steban Cervantes,Navy,4,2,1.2603,17.0000,0.7397,-0.0192,0.1441,0.0000,0.0000,0.5877,0.0000,0.0137,0.0134,0.0000,0.0617,-0.0192,0.1925,0.5877,-0.0830,1.6733,-1.6599,0.7397
2017,197,Tanner Orndorff,Utah Valley University,1,0,0.3539,,-0.3539,0.0284,-0.1576,0.0000,0.0000,0.0000,0.0000,0.0000,-0.0058,-0.2189,-0.4199,0.0284,0.0337,0.0000,0.0040,0.4296,-0.4354,-0.3539
2017,197,Tom Sleigh,Bucknell,2,0,1.3780,13.0000,-1.3780,0.0162,-0.5714,0.0000,0.0000,-0.5626,0.0000,-0.0159,-0.2444,0.0000,-0.2567,0.0162,-0.6272,-0.5626,0.0523,0.3677,-0.6121,-1.3780
2017,285,Austin Myers,Missouri,2,0,0.7021,25.0000,-0.7021,-0.1467,-0.3781,0.0000,0.0000,0.0000,0.0000,-0.0053,-0.1720,0.0000,-0.2306,-0.1467,-0.1994,0.0000,-0.1252,0.0000,-0.1720,-0.7021
2017,285,Austin Schafer,Oklahoma State,3,1,2.5275,6.0000,-1.5275,0.0346,-0.6273,0.0000,0.0000,0.0000,0.0000,-0.0273,-0.9076,0.0000,-0.4481,0.0346,-0.8986,0.0000,-0.2153,0.1496,-1.0572,-1.5275
2017,285,Benjamin Tynan,North Dakota State University,2,0,0.5875,30.0000,-0.5875,-0.0149,-0.1407,0.0000,0.0000,0.0000,0.0000,-0.0067,-0.4251,0.0000,-0.1769,-0.0149,-0.3914,0.0000,-0.0042,0.0639,-0.4890,-0.5875
2017,285,Cody Crawford,Oregon State,4,2,1.3239,24.0000,0.6761,0.0751,0.6500,0.0000,0.0000,0.0000,0.0000,0.0061,-0.0551,0.0000,0.1264,0.0751,0.1156,0.0000,0.3589,0.5206,-0.5757,0.6761
2017,285,Collin Jensen,Nebraska,3,1,1.9026,13.0000,-0.9026,0.0712,-0.4648,0.0000,0.0000,0.0000,0.0393,-0.0082,-0.5177,-0.0223,-0.4074,0.0712,-0.7151,0.0000,0.1487,1.6803,-2.1980,-0.9026
2017,285,Conan Jennings,Northwestern,4,2,0.7368,22.0000,1.2632,0.0466,0.6719,0.0000,0.0000,0.0000,0.0000,-0.0017,0.5464,0.0000,0.3199,0.0466,0.4436,0.0000,0.4531,0.7722,-0.2258,1.2632
2017,285,Connor Medbery,Wisconsin,5,4,3.5228,2.0000,0.4772,-0.0171,0.2090,0.0000,0.0000,0.0000,0.0000,0.0183,0.2670,0.0000,-0.1839,-0.0171,0.2290,0.0000,0.4492,1.1270,-0.8600,0.4772
2017,285,Cory Gilliland-Daniel,North Carolina,2,0,0.7894,21.0000,-0.7894,-0.0098,-0.0171,0.0000,0.0000,0.0000,0.0000,0.0050,-0.7675,0.0000,-0.1338,-0.0098,-0.7362,0.0000,0.0904,0.2816,-1.0491,-0.7894
2017,285,Denzel Dejournette,Appalachian State,7,4,4.4697,9.0000,-0.4697,0.0171,-0.0333,0.0000,0.0000,-0.4896,0.0000,0.0084,0.2264,-0.1987,-0.0930,0.0171,-0.0348,-0.4896,0.1306,1.4768,-1.2504,-0.4697
2017,285,Doug Vollaro,Lehigh,5,3,1.3269,28.0000,1.6731,-0.1133,0.6935,0.0000,0.0000,0.0000,0.0000,0.0064,1.0866,0.0000,-0.2823,-0.1133,2.0814,0.0000,-0.0126,2.1858,-1.0992,1.6731
2017,285,Dustin Dennison,Utah Valley University,3,1,0.9040,26.0000,0.0960,-0.0627,0.2012,0.0000,0.0000,0.0000,0.0000,-0.0004,-0.0421,0.0000,-0.3663,-0.0627,0.5648,0.0000,-0.0398,1.1314,-1.1734,0.0960
2017,285,Gage Hutchison,Eastern Michigan,2,0,0.4226,29.0000,-0.4226,-0.0553,0.3103,0.0000,0.0000,0.0000,0.0000,0.0080,-0.6856,0.0000,-0.1481,-0.0553,-0.1741,0.0000,-0.0451,0.6420,-1.3276,-0.4226
2017,285,Garrett Ryan,Columbia,3,1,1.3007,16.0000,-0.3007,-0.0004,-0.4033,0.0000,0.0000,0.4597,0.0000,-0.0143,-0.3423,-0.0000,-0.3884,-0.0004,-0.5263,0.4597,0.1547,0.5204,-0.8628,-0.3007
2017,285,Jacob Kasper,Duke,6,3,3.7248,4.0000,-0.7248,0.0443,-0.5731,0.0000,0.0000,-0.5170,0.0000,0.0009,0.3203,0.0000,-0.5557,0.0443,-0.2462,-0.5170,0.5499,1.7780,-1.4577,-0.7248
2017,285,Jake Gunning,Buffalo,2,0,0.5313,32.0000,-0.5313,0.0006,-0.0767,0.0000,0.0000,0.0000,0.0000,-0.0003,-0.2743,-0.1806,-0.2605,0.0006,-0.2982,0.0000,0.0268,0.0268,-0.3011,-0.5313
2017,285,Jared Johnson,Chattanooga,2,0,1.4645,11.0000,-1.4645,-0.0961,-0.6172,0.0000,0.0000,0.0000,0.0000,-0.0232,-0.7281,0.0000,-0.0183,-0.0961,-1.1960,0.0000,-0.1541,0.2455,-0.9735,-1.4645
2017,285,Jere Heino,Campbell,4,2,1.2147,27.0000,0.7853,-0.0286,0.2678,0.0000,0.0000,0.5706,0.0000,0.0199,-0.0444,0.0000,-0.0763,-0.0286,0.2591,0.5706,0.0605,0.7808,-0.8252,0.7853
2017,285,Joseph Goodhart,Drexel,2,0,0.7460,23.0000,-0.7460,0.0205,0.0594,0.0000,0.0000,-0.4123,0.0000,-0.0021,-0.4115,0.0000,-0.0308,0.0205,-0.5155,-0.4123,0.1922,0.3256,-0.7371,-0.7460
2017,285,Kyle Snyder,Ohio State,5,5,4.2708,1.0000,0.7292,-0.0453,0.0803,0.0000,0.0000,0.0000,0.0000,0.0002,0.6939,0.0000,-0.2750,-0.0453,0.9257,0.0000,0.1237,0.9692,-0.2753,0.7292
2017,285,Michael Kroells,Minnesota,6,4,3.1554,8.0000,0.8446,0.0383,0.0471,0.0000,0.0000,0.4896,0.0000,0.0102,0.2594,0.0000,-0.0937,0.0383,-0.3175,0.4896,0.7279,1.2868,-1.0274,0.8446
2017,285,Mike Kosoy,NC State,3,1,0.9226,20.0000,0.0774,-0.0625,0.4272,0.0000,0.0000,-0.5000,-0.0393,0.0011,0.2508,0.0000,-0.3649,-0.0625,0.6405,-0.5000,0.3643,0.7065,-0.4557,0.0774
2017,285,Nathan Butler,Stanford,3,1,1.9101,10.0000,-0.9101,0.0068,-0.5321,0.0000,0.0000,-0.0563,0.0000,-0.0043,-0.3242,0.0000,-0.3647,0.0068,-0.1949,-0.0563,-0.3010,0.2387,-0.5629,-0.9101
2017,285,Newton Smerchek,Central Michigan,3,1,1.2290,17.0000,-0.2290,0.0091,-0.0546,0.0000,0.0000,-0.4597,0.0000,0.0040,0.0916,0.1806,-0.3531,0.0091,0.2860,-0.4597,0.2886,0.3571,-0.2655,-0.2290
2017,285,Nick Nevills,Penn State,7,5,4.2598,5.0000,0.7402,0.1375,-0.0450,0.0000,0.0000,0.5170,0.0000,0.0091,0.1215,0.0000,-0.0402,0.1375,-0.7557,0.5170,0.8814,2.4882,-2.3668,0.7402
2017,285,Ray O`Donnell,Princeton,2,0,0.5617,31.0000,-0.5617,-0.0011,-0.0270,0.0000,0.0000,0.0000,0.0000,-0.0005,-0.2994,-0.2337,-0.2785,-0.0011,-0.2821,0.0000,0.0000,0.0000,-0.2994,-0.5617
2017,285,Ross Larson,Oklahoma,4,2,1.4531,18.0000,0.5469,-0.0334,0.1003,0.0000,0.0000,0.0000,0.0000,0.0054,0.2408,0.2337,-0.4700,-0.0334,0.5962,0.0000,0.4541,0.9036,-0.6628,0.5469
2017,285,Ryan Solomon,Pittsburgh,5,3,2.2670,15.0000,0.7330,-0.0154,0.3593,0.0000,0.0000,0.0000,0.0000,0.0024,0.3867,0.0000,-0.2387,-0.0154,0.3769,0.0000,0.6102,0.6432,-0.2565,0.7330
2017,285,Tanner Hall,Arizona State,7,6,3.7052,7.0000,2.2948,0.1478,0.6756,0.0000,0.0000,1.0338,0.0000,-0.0178,0.2568,0.1987,-0.2841,0.1478,0.3673,1.0338,1.0300,2.2023,-1.9455,2.2948
2017,285,Thomas Haines,Lock Haven,4,2,1.9718,14.0000,0.0282,-0.0063,-0.3897,0.0000,0.0000,0.0000,0.0000,-0.0016,0.4034,0.0223,-0.1246,-0.0063,-0.4008,0.0000,0.5599,1.5969,-1.1935,0.0282
2017,285,Ty Walz,Virginia Tech,6,4,4.3856,3.0000,-0.3856,-0.0337,-0.3992,0.0000,0.0000,-0.5651,0.0000,0.0023,0.6101,0.0000,-0.3824,-0.0337,0.5994,-0.5651,-0.0038,2.2297,-1.6196,-0.3856
2017,285,William Miller,Edinboro,3,1,1.6978,12.0000,-0.6978,0.0193,-0.1912,0.0000,0.0000,-0.5706,0.0000,-0.0062,0.0508,0.0000,-0.0559,0.0193,-0.0214,-0.5706,-0.0693,0.7120,-0.6612,-0.6978
2017,285,Youssif Hemida,Maryland,5,3,2.0124,19.0000,0.9876,0.0736,0.2176,0.0000,0.0000,0.5000,0.0000,0.0121,0.1842,0.0000,-0.2862,0.0736,0.4187,0.5000,0.2815,0.8096,-0.6254,0.9876
2018,125,Alonzo Allen,Chattanooga,2,0,0.5875,30.0000,-0.5875,-0.0057,-0.1702,0.0000,0.0000,0.0000,0.0000,-0.0004,-0.4093,-0.0019,-0.2146,-0.0057,-0.2646,0.0000,-0.1026,0.2886,-0.6978,-0.5875
2018,125,Barlow McGhee,Missouri,2,0,0.7021,25.0000,-0.7021,-0.0047,-0.1042,0.0000,0.0000,0.0000,0.0000,0.0003,-0.5935,0.0000,-0.1632,-0.0047,-0.5829,0.0000,0.0487,0.0600,-0.6535,-0.7021
2018,125,Brock Hudkins,Northern Illinois,3,1,0.8820,26.0000,0.1180,-0.0116,0.0955,0.0000,0.0000,0.0000,0.0000,-0.0042,-0.1142,0.1526,-0.0992,-0.0116,-0.0993,0.0000,0.3280,0.3888,-0.5031,0.1180
2018,125,Christian Moody,Oklahoma,2,0,0.8539,18.0000,-0.8539,-0.0355,-0.2251,0.0000,0.0000,0.0000,0.0000,-0.0085,-0.5848,0.0000,-0.1233,-0.0355,-0.0626,0.0000,-0.6324,0.4641,-1.0488,-0.8539
2018,125,Connor Brown,South Dakota State,3,1,1.1435,19.0000,-0.1435,-0.0315,0.0167,0.0000,0.0000,0.0000,0.0000,0.0003,-0.1290,0.0000,-0.6012,-0.0315,0.0017,0.0000,0.4876,1.6301,-1.7591,-0.1435
2018,125,Darian Cruz,Lehigh,6,4,5.4292,1.0000,-1.4292,-0.1203,-1.1863,0.0000,-0.0049,0.0000,0.0000,-0.0580,-0.0598,0.0000,0.3373,-0.1203,-1.0346,0.0000,-0.6116,0.7784,-0.8382,-1.4292
2018,125,Drew Mattin,Michigan,4,2,1.1085,17.0000,0.8915,-0.0261,0.2817,0.0000,0.0000,0.0000,0.0000,0.0007,-0.3018,0.9370,-0.1207,-0.0261,0.3615,0.0000,0.6767,0.6574,-0.9592,0.8915
2018,125,Elijah Oliver,Indiana,3,1,0.9701,24.0000,0.0299,-0.0265,0.3454,0.0000,0.0000,0.0000,0.0000,-0.0004,-0.2793,-0.0093,0.1038,-0.0265,0.1435,0.0000,-0.1909,0.6945,-0.9738,0.0299
2018,125,Ethan Lizak,Minnesota,8,6,4.3111,8.0000,1.6889,-0.0509,1.5640,-0.6051,0.3084,-0.9053,0.0000,0.0862,1.1768,0.1148,1.7849,-0.0509,-0.3219,-0.9053,1.1821,2.9811,-1.8044,1.6889
2018,125,Gabe Townsell,Stanford,3,1,1.0617,31.0000,-0.0617,0.0120,0.0061,0.0000,0.0000,0.0000,0.0000,0.0023,-0.0640,-0.0180,-0.1543,0.0120,0.1283,0.0000,-0.0476,0.4163,-0.4803,-0.0617
2018,125,Gage Curry,American,2,0,0.7678,22.0000,-0.7678,0.0093,-0.2017,0.0000,0.0000,0.0000,0.0000,-0.0025,-0.5728,0.0000,-0.2758,0.0093,-0.4898,0.0000,-0.0114,-0.0070,-0.5658,-0.7678
2018,125,Gerald (JR) Wert,Rider,2,0,0.6116,29.0000,-0.6116,-0.0089,0.0209,0.0000,0.0000,0.0000,0.0000,-0.0107,-0.6127,-0.0000,-0.1609,-0.0089,-0.5933,0.0000,0.1516,1.0612,-1.6739,-0.6116
2018,125,Ibrahim Bunduka,George Mason,2,0,0.7460,23.0000,-0.7460,-0.0040,-0.1151,0.0000,0.0000,0.0000,0.0000,-0.0006,-0.4737,-0.1526,-0.3022,-0.0040,-0.4228,0.0000,-0.0170,0.0000,-0.4738,-0.7460
2018,125,Jacob Schwarm,Northern Iowa,2,0,1.2497,16.0000,-1.2497,-0.0237,-0.1959,0.0000,0.0000,0.0000,0.0000,0.0000,-0.0478,-0.9823,-1.5050,-0.0237,0.7124,0.0000,-0.4334,1.5688,-1.6166,-1.2497
2018,125,Kyle Norstrem,Virginia Tech,3,1,1.1435,20.0000,-0.1435,0.0180,-0.1569,0.0000,0.0000,0.0000,0.0522,0.0015,0.0882,-0.1465,-0.3235,0.0180,0.0123,0.0000,0.1496,1.6328,-1.5446,-0.1435
2018,125,Louie Hayes,Virginia,4,2,1.6676,12.0000,0.3324,-0.0148,-0.2445,0.0000,0.0000,0.5754,0.0000,-0.0116,0.0279,0.0000,-0.2683,-0.0148,-0.3218,0.5754,0.3618,0.7741,-0.7462,0.3324
2018,125,Luke Welch,Purdue,5,3,2.2867,14.0000,0.7133,0.0316,0.7083,0.0000,0.0000,-0.4570,0.0000,-0.0164,0.3003,0.1464,0.0260,0.0316,0.0995,-0.4570,1.0132,2.2871,-1.9869,0.7133
2018,125,Michael McGee,Old Dominion,3,1,0.9025,28.0000,0.0975,0.0098,0.3660,0.0000,0.0000,-0.3570,0.0000,-0.0071,0.0857,0.0000,-0.3324,0.0098,0.8518,-0.3570,-0.0748,1.7402,-1.6544,0.0975
2018,125,Nathan Tomasello,Ohio State,6,5,4.8196,2.0000,0.1804,0.0670,-1.0298,0.6051,-0.3032,0.3949,0.0000,-0.0188,0.4025,0.0627,-0.5452,0.0670,0.9649,0.3949,-0.7012,2.0950,-1.6925,0.1804
2018,125,Nicholas Piccininni,Oklahoma State,4,2,2.4184,6.0000,-0.4184,0.0180,-0.1411,0.0000,0.0000,0.0000,0.0000,0.0048,-0.3495,0.0495,-0.5310,0.0180,-0.0739,0.0000,0.1685,0.4612,-0.8107,-0.4184
2018,125,Nick Suriano,Rutgers,5,4,3.0726,4.0000,0.9274,0.0695,0.4455,0.0000,0.0000,0.0000,0.0000,0.0048,0.3753,0.0322,0.0991,0.0695,0.6317,0.0000,0.1270,0.6372,-0.2620,0.9274
2018,125,Paul Bianchi,North Dakota State,2,0,0.7894,21.0000,-0.7894,-0.0295,-0.2752,0.0000,0.0000,0.0000,0.0000,-0.0009,-0.4838,0.0000,-0.4332,-0.0295,-0.7213,0.0000,0.3945,0.7306,-1.2144,-0.7894
2018,125,RayVon Foley,Michigan State,1,0,0.0313,32.0000,-0.0313,0.0027,0.0034,0.0000,0.0000,0.0000,0.0000,0.0007,-0.0381,0.0000,-0.0026,0.0027,0.0093,0.0000,-0.0406,0.0785,-0.1166,-0.0313
2018,125,Ronnie Bresser,Oregon State,5,3,2.5071,9.0000,0.4929,0.0502,-0.6128,0.0000,0.0000,0.9674,0.0000,0.0031,0.0850,0.0000,-0.6294,0.0502,0.2929,0.9674,-0.1882,1.2365,-1.1514,0.4929
2018,125,Ryan Millhof,Arizona State,4,2,1.7727,15.0000,0.2273,0.0322,-0.0155,0.0000,-0.0004,0.0000,0.0000,-0.0043,0.2160,-0.0008,0.4384,0.0322,-0.6575,0.0000,0.4142,1.0626,-0.8466,0.2273
2018,125,Sean Fausz,NC State,3,1,2.4538,5.0000,-1.4538,-0.0415,-0.2516,0.0000,0.0000,-0.2184,0.0000,0.0376,-0.9800,0.0000,0.2002,-0.0415,-0.9709,-0.2184,-0.4232,0.8638,-1.8438,-1.4538
2018,125,Sean Russell,Edinboro,4,2,2.3795,11.0000,-0.3795,-0.0176,-0.4124,0.0000,0.0000,0.0000,0.0000,0.0053,0.0452,0.0000,-0.0981,-0.0176,-0.2176,0.0000,-0.0462,0.9418,-0.8966,-0.3795
2018,125,Sebastian Rivera,Northwestern,8,5,3.8196,10.0000,1.1804,0.0485,0.4791,0.0000,0.0000,0.0000,0.0000,0.0168,0.6710,-0.0349,-0.0691,0.0485,1.3034,0.0000,-0.1023,2.4650,-1.7940,1.1804
2018,125,Sergio Mendez,CSU Bakersfield,2,1,0.7290,,0.2710,0.0327,0.1886,0.0000,0.0000,0.0000,0.0000,0.0000,0.0044,0.0453,0.2589,0.0327,-0.7402,0.0000,0.7195,1.6827,-1.6783,0.2710
2018,125,Spencer Lee,Iowa,5,5,3.3862,3.0000,1.6138,-0.0360,0.3919,0.0000,0.0000,0.0000,0.0000,0.0001,1.2540,0.0038,0.1748,-0.0360,1.0559,0.0000,0.4191,1.4126,-0.1586,1.6138
2018,125,Taylor LaMont,Utah Valley,4,2,2.3216,7.0000,-0.3216,0.0497,-0.4859,0.0000,-0.0144,0.0000,0.0000,0.0063,0.1226,0.0000,-0.1155,0.0497,-0.7288,0.0000,0.4730,2.5135,-2.3909,-0.3216
2018,125,Travis Piotrowski,Illinois,4,2,1.1033,27.0000,0.8967,0.0743,0.2645,0.0000,0.0000,0.0000,0.0000,-0.0360,0.6450,-0.0512,0.1847,0.0743,0.5413,0.0000,0.0963,0.9006,-0.2557,0.8967
2018,125,Zeke Moisey,West Virginia,6,4,2.9710,13.0000,1.0290,-0.0368,0.6465,0.0000,0.0144,0.0000,-0.0522,0.0095,0.5945,-0.1469,-0.6687,-0.0368,1.1935,0.0000,0.5410,2.1226,-1.5281,1.0290
2018,133,Ali Naser,Arizona State,2,0,1.2922,15.0000,-1.2922,0.0084,-0.3324,0.0000,0.0000,-0.5475,0.0000,-0.0039,-0.4168,0.0000,0.0350,0.0084,-0.8204,-0.5475,0.0322,0.3905,-0.8072,-1.2922
2018,133,Anthony Tutolo,Kent State,3,1,0.9156,18.0000,0.0844,0.0288,0.2906,0.0000,0.0000,-0.5000,0.0000,0.0025,0.2625,0.0000,-0.0506,0.0288,0.6790,-0.5000,-0.0728,0.8343,-0.5718,0.0844
2018,133,Austin DeSanto,Drexel,3,1,1.6487,7.0000,-0.6487,-0.0161,-0.1535,0.6177,-0.4187,-0.6177,0.0216,-0.0606,-0.0214,0.0000,0.2601,-0.0161,0.1358,-0.6177,-0.4108,0.7242,-0.7455,-0.6487
2018,133,Ben Thornton,Purdue,2,0,0.7021,25.0000,-0.7021,-0.0078,-0.2189,0.0000,0.0000,0.0000,0.0000,-0.0019,-0.4735,0.0000,-0.1869,-0.0078,-0.7158,0.0000,0.2084,0.2507,-0.7242,-0.7021
2018,133,Bryan Lantry,Buffalo,3,1,1.5956,13.0000,-0.5956,-0.0097,-0.5966,0.0000,0.0000,0.0000,0.0000,-0.0011,0.0543,-0.0424,-0.2897,-0.0097,-0.8139,0.0000,0.5177,0.8589,-0.8046,-0.5956
2018,133,Cam Sykora,North Dakota State,2,0,0.6575,27.0000,-0.6575,-0.0124,-0.1116,0.0000,0.0000,-0.3704,0.0000,0.0207,-0.1838,0.0000,-0.3868,-0.0124,0.2123,-0.3704,-0.1002,1.0649,-1.2488,-0.6575
2018,133,Charles Tucker,Cornell,3,1,0.9701,24.0000,0.0299,0.0462,0.0263,0.0000,0.0000,0.0000,0.0000,-0.0317,-0.0109,0.0000,-0.3765,0.0462,0.2028,0.0000,0.1574,0.5846,-0.5954,0.0299
2018,133,Colin Valdiviez,Northwestern,4,2,1.2783,20.0000,0.7217,0.1914,0.3017,0.0000,0.0000,0.0000,0.0000,-0.0000,0.2287,0.0000,0.0522,0.1914,0.1718,0.0000,0.3063,1.6682,-1.4395,0.7217
2018,133,Corey Keener,Penn State,3,1,1.2678,22.0000,-0.2678,-0.0139,0.7489,0.0000,0.0000,0.0000,0.0000,-0.0146,-0.4686,-0.5195,-0.3937,-0.0139,0.0377,0.0000,0.1022,1.6975,-2.1661,-0.2678
2018,133,Dennis Gustafson,Virginia Tech,3,1,2.0190,9.0000,-1.0190,-0.0659,-0.0997,0.0000,0.0000,0.0000,0.0000,0.0227,-0.8760,0.0000,-0.6342,-0.0659,-1.1095,0.0000,0.7907,1.2199,-2.0960,-1.0190
2018,133,Dom Forys,Pittsburgh,3,1,1.3693,11.0000,-0.3693,-0.0201,-0.3323,0.0000,0.0000,0.0000,0.0000,0.0022,-0.0374,0.0182,-0.0355,-0.0201,0.3086,0.0000,-0.6224,1.6106,-1.6480,-0.3693
2018,133,Dylan Duncan,Illinois,2,0,0.6116,29.0000,-0.6116,-0.0687,-0.0821,0.0000,0.0000,0.0000,0.0000,0.0012,-0.4619,0.0000,-0.1094,-0.0687,-0.4720,0.0000,0.0386,0.6649,-1.1268,-0.6116
2018,133,Jack Mueller,Virginia,5,3,2.9421,10.0000,0.0579,0.0215,0.1939,0.0000,0.0000,0.0000,-0.0151,0.0092,-0.1516,0.0000,-0.2014,0.0215,0.2647,0.0000,-0.0269,1.5043,-1.6559,0.0579
2018,133,John Erneste,Missouri,5,3,3.7742,5.0000,-0.7742,0.1821,-1.1158,0.0000,0.0000,0.0000,0.0000,-0.0317,0.1299,0.0613,-0.0119,0.1821,-1.7544,0.0000,0.8101,2.0310,-1.9011,-0.7742
2018,133,Josh Finesilver,Duke,2,0,0.8752,17.0000,-0.8752,0.0030,-0.1613,0.0000,-0.0015,0.0000,0.0000,-0.0055,-0.7099,0.0000,-0.3007,0.0030,-0.8324,0.0000,0.2550,0.2744,-0.9843,-0.8752
2018,133,Josh Terao,American,2,0,0.9872,12.0000,-0.9872,-0.0187,-0.2837,0.0000,0.0000,0.0000,0.0000,-0.0003,-0.6542,-0.0303,-0.5907,-0.0187,-0.4874,0.0000,0.1096,0.6025,-1.2567,-0.9872
2018,133,Kaid Brock,Oklahoma State,7,5,5.2712,4.0000,-0.2712,0.0297,-1.0959,0.0000,0.0000,0.0000,0.0000,-0.0047,0.7997,0.0000,-0.7209,0.0297,-0.2066,0.0000,0.6266,3.5397,-2.7401,-0.2712
2018,133,Korbin Myers,Edinboro,3,1,1.4964,14.0000,-0.4964,-0.0884,-0.0366,0.0000,0.0000,0.0000,0.0000,-0.0044,-0.3669,0.0000,-0.1897,-0.0884,-0.2131,0.0000,-0.0053,0.5790,-0.9459,-0.4964
2018,133,Luke Pletcher,Ohio State,6,4,4.2987,3.0000,-0.2987,-0.0057,-0.3859,0.0000,-0.0000,0.0000,0.0000,0.0388,0.0541,0.0000,-1.1219,-0.0057,0.5067,0.0000,0.3221,3.2159,-3.1618,-0.2987
2018,133,Mason Pengilly,Stanford,2,0,0.5875,30.0000,-0.5875,0.0014,-0.3233,0.0000,0.0000,0.0000,0.0000,-0.0303,-0.2353,0.0000,-0.2514,0.0014,-0.6903,0.0000,0.3527,0.4987,-0.7341,-0.5875
2018,133,Matthew Schmitt,West Virginia,4,2,1.2773,32.0000,0.7227,-0.0205,0.0242,0.0000,0.0000,0.5000,0.0000,-0.0015,0.2206,0.0000,-0.1385,-0.0205,0.3377,0.5000,0.0440,0.9042,-0.6837,0.7227
2018,133,Mitch McKee,Minnesota,5,3,2.1630,16.0000,0.8370,0.0335,-0.3032,0.0000,0.0015,0.0000,0.0000,0.0130,1.0922,0.0000,0.6283,0.0335,-0.0883,0.0000,0.2635,2.2062,-1.1140,0.8370
2018,133,Montorie Bridges,Wyoming,6,3,2.5808,8.0000,0.4192,-0.0519,0.7127,0.0000,0.0000,0.0000,0.0000,0.0003,-0.2420,0.0000,-0.4790,-0.0519,0.7881,0.0000,0.1620,1.9333,-2.1753,0.4192
2018,133,Rico Montoya,Northern Colorado,4,2,1.7894,21.0000,0.2106,0.0349,-0.1101,0.0000,0.0000,0.0000,0.0000,-0.0190,0.1314,0.1734,-0.4447,0.0349,-0.1517,0.0000,0.7720,1.7055,-1.5741,0.2106
2018,133,Scott Delvecchio,Rutgers,8,5,2.5925,19.0000,2.4075,0.0383,1.0450,-0.6177,0.4187,0.6177,0.0000,0.0509,0.5153,0.3394,-0.0656,0.0383,1.2936,0.6177,0.5235,2.3137,-1.7984,2.4075
2018,133,Scott Parker,Lehigh,6,4,4.0235,6.0000,-0.0235,-0.0058,-0.3460,0.0000,0.0000,0.3704,0.0000,-0.0080,-0.0341,0.0000,0.0812,-0.0058,-0.5626,0.3704,0.0933,1.4271,-1.4611,-0.0235
2018,133,Sean Nickell,CSU Bakersfield,3,1,0.8452,23.0000,0.1548,-0.0115,0.1952,0.0000,0.0000,0.0000,0.0000,-0.0085,-0.0205,-0.0000,-0.8464,-0.0115,0.8811,0.0000,0.1316,2.1586,-2.1790,0.1548
2018,133,Seth Gross,South Dakota State,5,5,4.4441,1.0000,0.5559,0.0055,0.0239,0.0000,0.0000,0.2523,-0.0087,0.0020,0.2809,0.0000,0.4295,0.0055,-0.3211,0.2523,0.1897,0.9819,-0.7010,0.5559
2018,133,Stevan Micic,Michigan,5,4,3.5683,2.0000,0.4317,0.0050,0.0167,0.0000,0.0000,0.0000,0.0022,-0.0008,0.4085,0.0000,0.0397,0.0050,0.2752,0.0000,0.1118,1.5738,-1.1653,0.4317
2018,133,Tariq Wilson,NC State,6,5,1.3651,28.0000,3.6349,-0.1259,2.0477,0.0000,0.0000,-0.2523,0.0000,0.0652,1.9001,0.0000,-1.0515,-0.1259,3.1369,-0.2523,1.9277,3.8317,-1.9316,3.6349
2018,133,Zachary Sherman,North Carolina,3,1,0.7908,31.0000,0.2092,-0.0867,0.4621,0.0000,0.0000,0.5475,0.0000,-0.0003,-0.7132,0.0000,0.0023,-0.0867,0.0074,0.5475,-0.2612,0.4762,-1.1894,0.2092
2018,141,Alex Madrigal,Old Dominion,2,0,0.6116,29.0000,-0.6116,0.0221,-0.2843,0.0000,0.0000,0.0000,0.0000,-0.0046,-0.3448,-0.0000,-0.2201,0.0221,-0.5332,0.0000,0.1197,0.0941,-0.4389,-0.6116
2018,141,Austin Headlee,North Carolina,2,0,0.4156,31.0000,-0.4156,-0.0160,0.0087,0.0000,0.0000,0.0000,0.1488,-0.0002,-0.5568,0.0000,0.0759,-0.0160,-0.2441,0.0000,-0.2314,0.1469,-0.7037,-0.4156
2018,141,Brent Moore,Virginia Tech,3,1,1.0572,21.0000,-0.0572,0.0174,0.0989,0.0000,0.0000,0.0000,0.0000,-0.0049,-0.1686,0.0000,0.0129,0.0174,-0.0696,0.0000,-0.0179,0.9727,-1.1414,-0.0572
2018,141,Brock Zacherl,Clarion,4,2,2.0639,7.0000,-0.0639,-0.1242,0.1333,0.0000,0.0000,0.0000,0.0503,0.0176,-0.0041,-0.1368,-0.3690,-0.1242,0.4408,0.0000,-0.0115,1.1184,-1.1226,-0.0639
2018,141,Bryce Meredith,Wyoming,5,4,4.4497,1.0000,-0.4497,0.1397,-0.0795,0.0000,0.0000,0.0000,0.0000,0.0014,-0.5229,0.0116,-0.0028,0.1397,-0.8177,0.0000,0.2311,0.7373,-1.2602,-0.4497
2018,141,Chad Red,Nebraska,7,5,2.4722,26.0000,2.5278,0.2953,0.9775,0.0000,0.0000,-0.3570,0.0000,0.0113,1.1701,0.4305,0.4210,0.2953,0.8030,-0.3570,1.3655,2.1736,-1.0035,2.5278
2018,141,Cole Weaver,Indiana,4,2,2.1712,16.0000,-0.1712,-0.0700,0.1334,0.0000,0.0489,0.0000,0.0000,0.0213,-0.3048,0.0000,-0.5547,-0.0700,0.4726,0.0000,-0.0192,1.7520,-2.0568,-0.1712
2018,141,Colton Schilling,Cal Poly,2,0,0.4064,32.0000,-0.4064,0.0194,-0.1040,0.0000,-0.0489,0.0000,0.0000,-0.0138,-0.2590,0.0000,0.1232,0.0194,-0.2626,0.0000,-0.2864,0.8059,-1.0649,-0.4064
2018,141,Dean Heil,Oklahoma State,4,2,2.6856,6.0000,-0.6856,0.0546,-0.1668,0.0000,0.0000,0.0000,0.0000,0.0072,-0.1500,-0.4305,-0.2927,0.0546,-0.5380,0.0000,0.0905,1.7779,-1.9279,-0.6856
2018,141,Eli Stickley,Wisconsin,3,1,0.7908,18.0000,0.2092,0.0442,0.2712,0.0000,0.0000,0.0000,0.0000,-0.0020,-0.0806,-0.0235,-0.0840,0.0442,-0.5197,0.0000,0.7687,0.5720,-0.6526,0.2092
2018,141,Evan Cheek,Cleveland State,2,0,0.6575,27.0000,-0.6575,-0.1135,0.3918,0.0000,0.0000,0.0000,0.0000,-0.0028,-0.5395,-0.3935,-0.0491,-0.1135,-0.2641,0.0000,-0.2308,0.3967,-0.9362,-0.6575
2018,141,Henry Pohlmeyer,South Dakota State,3,1,0.9025,22.0000,0.0975,0.0929,-0.1477,0.0000,0.0000,0.0000,0.0000,0.0000,-0.2413,0.3935,0.0045,0.0929,-0.2787,0.0000,0.2787,0.4174,-0.6586,0.0975
2018,141,Irvin Enriquez,Appalachian State,1,0,0.3325,19.0000,-0.3325,0.0147,-0.0879,0.0000,0.0000,0.0000,0.0000,0.0005,-0.2598,0.0000,-0.0478,0.0147,-0.3837,0.0000,0.0842,0.0723,-0.3321,-0.3325
2018,141,Jaydin Eierman,Missouri,6,4,4.6891,2.0000,-0.6891,-0.0246,-0.6597,0.0000,-0.0001,-0.5298,0.0000,-0.0155,0.3802,0.1603,0.1463,-0.0246,-0.3017,-0.5298,0.0206,2.2315,-1.8513,-0.6891
2018,141,Joey McKenna,Ohio State,6,5,3.5371,4.0000,1.4629,-0.1055,0.6766,0.0000,0.0001,0.0000,0.0000,0.0168,0.8747,0.0001,-0.2531,-0.1055,1.2730,0.0000,0.5484,1.3565,-0.4817,1.4629
2018,141,Josh Alber,Northern Iowa,2,0,1.2431,9.0000,-1.2431,0.0483,-0.6549,0.0000,0.0000,0.0000,0.0000,0.0001,-0.6366,0.0000,-0.3946,0.0483,-1.6755,0.0000,0.7786,0.7986,-1.4352,-1.2431
2018,141,Kevin Jack,NC State,8,5,5.8344,5.0000,-0.8344,0.0394,-0.8384,0.0000,0.0000,-0.7568,-0.0503,0.0076,0.7641,0.0000,-0.3504,0.0394,-0.6775,-0.7568,0.9108,2.4747,-1.7106,-0.8344
2018,141,Kyle Shoop,Lock Haven,1,0,0.5000,,-0.5000,-0.0082,-0.1310,0.0000,0.0000,0.0000,0.0000,-0.0016,-0.3592,0.0000,-0.2275,-0.0082,-0.2643,0.0000,-0.0000,0.0007,-0.3600,-0.5000
2018,141,Luke Karam,Lehigh,3,1,1.5956,13.0000,-0.5956,-0.0378,-0.0786,0.0000,0.0000,-0.5626,0.0000,-0.0050,0.0885,-0.0001,-0.0439,-0.0378,-0.1747,-0.5626,0.2234,0.9643,-0.8758,-0.5956
2018,141,Mason Smith,Central Michigan,3,1,1.5932,10.0000,-0.5932,0.1920,-0.2039,0.0000,0.0000,0.0000,0.0000,0.0033,-0.5845,0.0000,-0.1336,0.1920,-0.9199,0.0000,0.2684,0.5022,-1.0868,-0.5932
2018,141,Michael Carr,Illinois,5,3,3.1117,11.0000,-0.1117,-0.0277,-0.7492,0.0000,0.0000,0.0000,0.0000,-0.1000,0.7651,0.0000,-0.5359,-0.0277,0.6693,0.0000,-0.2175,3.2752,-2.5101,-0.1117
2018,141,Nate Limmex,Purdue,3,1,1.9384,15.0000,-0.9384,0.1149,-0.8327,0.0000,0.0000,0.0000,-0.1488,-0.0057,-0.0661,0.0000,-0.8988,0.1149,-0.0459,0.0000,-0.1085,0.8527,-0.9188,-0.9384
2018,141,Nicholas Gil,Navy,4,2,1.9197,14.0000,0.0803,0.0154,0.1354,0.0000,0.0000,0.0000,0.0000,0.0196,-0.0902,0.0000,-0.4817,0.0154,0.2466,0.0000,0.3000,1.2672,-1.3574,0.0803
2018,141,Nick Lee,Penn State,8,6,4.5985,8.0000,1.4015,-0.0461,0.6008,0.0000,0.0000,0.5384,0.0000,0.0088,1.0820,-0.7824,-1.2675,-0.0461,1.6140,0.5384,0.5627,3.6225,-2.5405,1.4015
2018,141,Nick Zanetta,Pittsburgh,4,2,1.0333,30.0000,0.9667,-0.0027,0.2892,0.0000,0.0000,0.5626,0.0000,0.0024,0.1152,0.0000,-0.0477,-0.0027,0.3264,0.5626,0.1282,0.4948,-0.3795,0.9667
2018,141,Russell Rohlfing,CSU Bakersfield,2,0,0.6348,28.0000,-0.6348,-0.0109,0.0335,0.0000,0.0000,0.0000,0.0000,-0.0052,-0.6522,0.0000,-0.0717,-0.0109,-0.5374,0.0000,-0.0147,-0.0019,-0.6503,-0.6348
2018,141,Ryan Diehl,Maryland,3,1,1.2021,25.0000,-0.2021,-0.1036,-0.3780,0.0000,0.0000,0.0000,0.0000,-0.0217,-0.4813,0.7824,-0.5562,-0.1036,-0.2402,0.0000,0.6979,0.8649,-1.3461,-0.2021
2018,141,Sa`Derian Perry,Eastern Michigan,6,3,1.7252,24.0000,1.2748,-0.0421,1.1350,0.0000,0.0000,0.0000,0.0000,0.0797,0.1137,-0.0116,-0.4630,-0.0421,1.4673,0.0000,0.3126,3.0644,-2.9507,1.2748
2018,141,Tejon Anthony,George Mason,3,1,1.1435,20.0000,-0.1435,-0.0219,0.0701,0.0000,0.0000,0.0000,0.0000,0.0079,-0.1997,0.0000,-0.4338,-0.0219,-0.0219,0.0000,0.3341,1.0183,-1.2179,-0.1435
2018,141,Thomas Thorn,Minnesota,2,0,0.7460,23.0000,-0.7460,-0.0695,-0.1102,0.0000,0.0000,0.0000,0.0000,-0.0023,-0.5640,0.0000,-0.4243,-0.0695,-0.1948,0.0000,-0.0574,0.1400,-0.7040,-0.7460
2018,141,Tyler Smith,Bucknell,4,2,1.6062,12.0000,0.3938,-0.0351,0.0123,0.0000,0.0000,0.5754,0.0000,-0.0250,-0.1339,0.0000,-0.3214,-0.0351,0.0505,0.5754,0.1243,0.8720,-1.0059,0.3938
2018,141,Vincent Turk,Iowa,4,2,1.2603,17.0000,0.7397,-0.2395,0.4116,0.0000,0.0000,0.0000,0.0000,-0.0045,0.5721,0.0000,-0.0483,-0.2395,0.0299,0.0000,0.9976,1.2854,-0.7133,0.7397
2018,141,Yianni Diakomihalis,Cornell,5,5,3.0711,3.0000,1.9289,-0.0116,0.1273,0.0000,-0.0000,0.5298,0.0000,0.0093,1.2742,0.0000,-0.1284,-0.0116,1.5718,0.5298,-0.0326,3.6556,-2.3814,1.9289
2018,149,Alfred Bannister,Maryland,3,1,1.3007,16.0000,-0.3007,-0.1994,-0.2391,0.0000,0.0000,0.4597,0.0000,-0.0026,-0.3109,-0.0085,-0.3396,-0.1994,-0.3646,0.4597,0.1432,0.9053,-1.2162,-0.3007
2018,149,Beau Donahue,NC State,3,1,1.3043,14.0000,-0.3043,0.0469,-0.0056,0.0000,0.0000,0.0726,0.0000,0.0056,-0.4238,0.0000,-0.0662,0.0469,-0.5499,0.0726,0.1924,0.6122,-1.0360,-0.3043
2018,149,Boo Lewallen,Oklahoma State,6,3,2.6376,8.0000,0.3624,0.0394,-0.0746,0.0000,0.0000,0.0000,0.0000,-0.0473,0.4450,-0.0000,-0.1324,0.0394,0.3661,0.0000,0.0893,1.8132,-1.3682,0.3624
2018,149,Brandon Sorensen,Iowa,8,6,6.4764,2.0000,-0.4764,0.0220,-0.7229,0.0000,0.0000,0.0000,0.0000,0.0147,0.2098,0.0000,-0.1571,0.0220,-0.8400,0.0000,0.4987,1.4931,-1.2833,-0.4764
2018,149,Cole Martin,Wisconsin,2,0,0.8325,19.0000,-0.8325,-0.0440,-0.1007,0.0000,0.0000,-0.4451,0.0000,-0.0142,-0.2286,0.0000,-0.1788,-0.0440,-0.3093,-0.4451,0.1447,0.2083,-0.4368,-0.8325
2018,149,Colton McCrystal,Nebraska,4,2,2.1954,13.0000,-0.1954,-0.0260,-0.0555,0.0000,0.0000,0.0000,0.0000,-0.0014,-0.1126,0.0000,-0.2278,-0.0260,0.4344,0.0000,-0.3761,1.8416,-1.9542,-0.1954
2018,149,Cortlandt Schuyler,Lehigh,4,2,1.4531,18.0000,0.5469,0.1154,0.3999,0.0000,0.0000,0.0000,0.0000,-0.0047,0.0363,0.0000,0.0094,0.1154,0.0103,0.0000,0.4117,1.8024,-1.7661,0.5469
2018,149,Dane Robbins,Air Force,2,0,0.7460,23.0000,-0.7460,0.0094,-0.0303,0.0000,0.0000,-0.9123,0.0000,0.0214,0.1658,0.0000,-0.5705,0.0094,1.1132,-0.9123,-0.3858,1.2406,-1.0748,-0.7460
2018,149,Davion Jeffries,Oklahoma,2,0,0.7021,25.0000,-0.7021,0.0490,-0.0533,0.0000,0.0000,0.0000,0.0000,-0.0085,-0.6893,0.0000,-0.3131,0.0490,-0.4319,0.0000,-0.0062,0.8100,-1.4993,-0.7021
2018,149,Eleazar Deluca,Rutgers,2,1,0.5617,,0.4383,-0.0224,0.1103,0.0000,0.0375,0.0000,0.0000,0.0020,0.3109,0.0000,-0.0559,-0.0224,0.4727,0.0000,0.0439,0.4098,-0.0989,0.4383
2018,149,Frank Garcia,Binghamton,3,1,0.9040,26.0000,0.0960,-0.0488,0.2115,0.0000,0.0000,0.5000,0.0000,-0.0233,-0.5434,0.0000,0.3508,-0.0488,-1.3353,0.5000,0.6292,1.0677,-1.6111,0.0960
2018,149,Grant Leeth,Missouri,7,4,5.0411,3.0000,-1.0411,-0.0942,-0.3431,0.0000,0.0000,0.3725,0.0000,-0.1741,-0.8022,0.0000,0.3292,-0.0942,-1.5958,0.3725,-0.0529,1.1894,-1.9917,-1.0411
2018,149,Jared Prince,Navy,2,0,0.5617,31.0000,-0.5617,-0.0107,-0.1832,0.0000,0.0000,0.0000,0.0000,-0.0009,-0.3669,0.0000,-0.1312,-0.0107,-0.2603,0.0000,-0.1595,0.4607,-0.8276,-0.5617
2018,149,Jarrett Degen,Iowa State,5,3,1.6685,20.0000,1.3315,0.0889,-0.2427,0.0000,-0.0469,0.5000,0.0000,-0.0029,1.0351,0.0000,0.5209,0.0889,0.3072,0.5000,-0.0855,2.7299,-1.6948,1.3315
2018,149,Jason Tsirtsis,Arizona State,6,4,3.2010,10.0000,0.7990,0.0461,0.2872,0.0000,0.0469,0.4123,0.0000,0.0569,-0.0505,0.0000,0.1989,0.0461,-0.3967,0.4123,0.5384,1.5093,-1.5598,0.7990
2018,149,Justin Oliver,Central Michigan,5,3,3.6291,6.0000,-0.6291,-0.0705,-0.9750,0.0000,0.0000,0.0000,0.0000,-0.0256,0.4419,0.0000,-0.5776,-0.0705,-0.2402,0.0000,0.2592,1.6395,-1.1976,-0.6291
2018,149,Ke-Shawn Hayes,Ohio State,4,2,2.3317,5.0000,-0.3317,-0.0787,-0.1470,0.0000,0.0000,-0.1259,0.0000,-0.0209,0.0408,0.0000,-0.0476,-0.0787,-0.4020,-0.1259,0.3224,0.6023,-0.5615,-0.3317
2018,149,Khristian Olivas,Fresno State,3,1,0.9040,24.0000,0.0960,-0.0986,0.1430,0.0000,0.0000,0.0000,0.0000,-0.0071,0.0587,0.0000,-0.1433,-0.0986,0.3014,0.0000,0.0366,1.7970,-1.7383,0.0960
2018,149,Kyle Springer,Eastern Michigan,1,0,0.0313,32.0000,-0.0313,-0.0020,0.0076,0.0000,0.0000,0.0000,0.0000,-0.0024,-0.0345,0.0000,-0.0082,-0.0020,-0.0262,0.0000,0.0051,0.0087,-0.0431,-0.0313
2018,149,Malik Amine,Michigan,3,1,0.7923,28.0000,0.2077,0.0541,0.1741,0.0000,0.0000,-0.3570,0.0000,0.0001,0.3363,0.0000,0.2275,0.0541,0.1813,-0.3570,0.1018,1.3540,-1.0177,0.2077
2018,149,Matthew Kolodzik,Princeton,6,5,2.2860,11.0000,2.7140,0.0595,1.7560,0.0000,0.0000,0.0000,0.0000,0.2055,0.6930,0.0000,0.3798,0.0595,1.8740,0.0000,0.4007,2.4487,-1.7557,2.7140
2018,149,Max Thomsen,Northern Iowa,5,3,3.0441,9.0000,-0.0441,0.1621,-0.5459,0.0000,0.0000,0.0000,0.0000,-0.0223,0.3619,0.0000,0.0257,0.1621,0.4053,0.0000,-0.6374,2.0627,-1.7008,-0.0441
2018,149,Michael Sprague,American,2,0,0.7894,21.0000,-0.7894,-0.0737,0.3714,0.0000,0.0000,-0.4294,0.0470,0.0240,-0.7286,0.0000,-0.2299,-0.0737,-0.6704,-0.4294,0.6140,1.0063,-1.7349,-0.7894
2018,149,Ronald Perry,Lock Haven,5,4,1.5826,15.0000,2.4174,-0.0454,0.7062,0.0000,0.0000,0.0000,0.0000,0.0043,1.7522,0.0000,-0.1901,-0.0454,2.6998,0.0000,-0.0469,2.9359,-1.1837,2.4174
2018,149,Ryan Blees,Virginia Tech,3,1,1.6978,12.0000,-0.6978,0.0538,-0.5342,0.0000,0.0000,0.4294,-0.0470,-0.0189,-0.5809,-0.0000,-1.4431,0.0538,0.1789,0.4294,0.0832,0.5224,-1.1033,-0.6978
2018,149,Ryan Deakin,Northwestern,4,2,2.4688,7.0000,-0.4688,-0.0027,-0.2457,0.0000,0.0000,0.0000,0.0000,0.0082,-0.2285,0.0000,-0.3082,-0.0027,-0.2301,0.0000,0.0723,0.6793,-0.9078,-0.4688
2018,149,Sam Krivus,Virginia,4,2,1.4469,27.0000,0.5531,-0.0078,0.6226,0.0000,0.0610,0.0000,0.0000,0.0093,-0.1321,0.0000,-0.3049,-0.0078,0.1996,0.0000,0.6662,0.8038,-0.9358,0.5531
2018,149,Sam Turner,Wyoming,2,0,0.8752,17.0000,-0.8752,0.1235,-0.1068,0.0000,-0.0375,-0.4597,0.0000,0.0043,-0.3989,0.0000,-0.1740,0.1235,-0.6795,-0.4597,0.3145,0.3145,-0.7134,-0.8752
2018,149,Steve Bleise,Minnesota,3,1,1.0875,30.0000,-0.0875,-0.0226,0.7142,0.0000,0.0000,-0.5000,0.0000,0.0134,-0.2925,0.0000,0.0872,-0.0226,0.1921,-0.5000,0.1558,1.1000,-1.3925,-0.0875
2018,149,Taylor Ortz,Clarion,2,0,0.7678,22.0000,-0.7678,-0.0252,-0.3734,0.0000,-0.0610,0.0000,0.0000,-0.0094,-0.2987,0.0000,-0.2882,-0.0252,-0.6058,0.0000,0.1515,0.1630,-0.4617,-0.7678
2018,149,Troy Heilmann,North Carolina,6,4,3.7124,4.0000,0.2876,0.0061,-0.4425,0.0000,0.0000,0.4830,0.0000,0.0122,0.2288,0.0000,-0.3967,0.0061,-0.0856,0.4830,0.2808,1.6767,-1.4480,0.2876
2018,149,Tyshawn Williams,Southern Illinois Edwardsville,2,0,0.4226,29.0000,-0.4226,-0.0144,-0.0898,0.0000,0.0000,0.0000,0.0000,0.0001,-0.3184,0.0000,-0.1893,-0.0144,-0.1085,0.0000,-0.1104,0.1799,-0.4983,-0.4226
2018,149,Zain Retherford,Penn State,5,5,4.5444,1.0000,0.4556,0.0107,0.0072,0.0000,0.0000,0.0000,0.0000,0.0041,0.4250,0.0086,-0.0675,0.0107,0.3955,0.0000,0.1169,0.5041,-0.0791,0.4556
2018,157,Alec Pantaleo,Michigan,6,4,3.6339,5.0000,0.3661,-0.1192,0.5727,0.0000,0.0000,0.0000,0.0000,0.0036,-0.0909,0.0000,-0.5081,-0.1192,0.9526,0.0000,0.0408,1.4939,-1.5848,0.3661
2018,157,Alex Klucker,Lock Haven,2,0,0.4156,18.0000,-0.4156,0.0397,-0.0623,0.0000,0.0000,0.0000,0.0000,0.0000,-0.3334,-0.0596,-0.2646,0.0397,0.2434,0.0000,-0.4340,0.2693,-0.6027,-0.4156
2018,157,Andrew Crone,Wisconsin,3,1,1.4964,14.0000,-0.4964,0.0084,-0.5148,0.0000,0.0000,0.0000,0.0000,0.0008,-0.7143,0.7235,0.3067,0.0084,-1.1372,0.0000,0.3257,0.9165,-1.6308,-0.4964
2018,157,Andrew Shomers,Edinboro,2,0,0.7460,23.0000,-0.7460,0.0285,-0.2494,0.0000,0.0000,0.0000,0.0000,-0.0017,-0.5234,0.0000,-0.3087,0.0285,-0.4609,0.0000,-0.0049,0.0629,-0.5864,-0.7460
2018,157,Archie Colgan,Wyoming,3,1,2.0190,9.0000,-1.0190,0.0227,-0.7378,0.0000,0.0000,-0.0866,0.0000,-0.0037,-0.2136,0.0000,-0.1021,0.0227,-0.3238,-0.0866,-0.5291,0.2175,-0.4311,-1.0190
2018,157,Casey Sparkman,Kent State,2,0,0.7894,21.0000,-0.7894,-0.0273,-0.0799,0.0000,0.0000,-0.5000,0.0000,-0.0014,-0.1807,0.0000,-0.1254,-0.0273,-0.1981,-0.5000,0.0614,0.1435,-0.3242,-0.7894
2018,157,Clayton Ream,North Dakota State,3,1,1.9914,11.0000,-0.9914,-0.0613,-0.5487,0.0000,0.0000,0.0000,0.0000,0.0008,-0.3822,0.0000,-0.5075,-0.0613,-0.3536,0.0000,-0.0691,0.5600,-0.9422,-0.9914
2018,157,Coleman Hammond,CSU Bakersfield,2,0,0.4253,27.0000,-0.4253,0.0415,-0.0217,0.0000,0.0000,0.0000,0.0000,-0.0002,-0.4097,-0.0351,-0.0811,0.0415,-0.6407,0.0000,0.2551,0.2126,-0.6222,-0.4253
2018,157,Colin Heffernan,Central Michigan,2,0,0.5875,30.0000,-0.5875,0.0122,0.0391,0.0000,0.0000,0.0000,0.0000,0.0000,-0.6388,0.0000,-0.0120,0.0122,-0.5701,0.0000,-0.0175,0.1368,-0.7756,-0.5875
2018,157,Garett Hammond,Drexel,3,1,0.9064,32.0000,0.0936,-0.0403,-0.1132,0.0000,0.0000,0.0000,0.0000,-0.0021,-0.0761,0.3253,-0.3171,-0.0403,0.1878,0.0000,0.2631,0.3096,-0.3858,0.0936
2018,157,Hayden Hidlay,NC State,5,4,4.4007,1.0000,-0.4007,-0.0133,-0.4677,0.0000,0.0000,0.0000,0.0000,0.0048,0.0755,0.0000,-0.0277,-0.0133,-0.6022,0.0000,0.2425,0.9574,-0.8819,-0.4007
2018,157,Hunter Willits,Oregon State,2,0,0.7241,24.0000,-0.7241,0.0210,-0.2157,0.0000,0.0000,-0.4030,0.0000,0.0051,-0.1314,0.0000,-0.2125,0.0210,0.1399,-0.4030,-0.2694,0.1411,-0.2726,-0.7241
2018,157,Ian Brown,Lehigh,3,1,1.1348,28.0000,-0.1348,0.0317,-0.1429,0.0000,0.0000,0.5000,0.0000,-0.0010,-0.5225,0.0000,-0.1622,0.0317,-0.8700,0.5000,0.3657,0.3970,-0.9195,-0.1348
2018,157,Jake Short,Minnesota,4,2,1.4441,29.0000,0.5559,-0.0670,0.1926,0.0000,0.0000,0.0000,0.0000,-0.0074,0.4378,0.0000,-0.1673,-0.0670,0.5767,0.0000,0.2135,1.6901,-1.2523,0.5559
2018,157,Jason Nolf,Penn State,5,5,3.3601,3.0000,1.6399,0.0685,0.3807,0.0000,0.0000,0.0000,0.0000,0.0017,1.1889,0.0001,-0.2969,0.0685,1.3798,0.0000,0.4886,1.5846,-0.3956,1.6399
2018,157,Joey Lavallee,Missouri,5,3,4.4929,2.0000,-1.4929,0.0296,-1.0888,0.0000,0.0000,0.0000,0.0000,-0.0019,-0.4562,0.0244,-0.2593,0.0296,-1.4822,0.0000,0.2190,0.7938,-1.2500,-1.4929
2018,157,John Van Brill,Rutgers,4,2,1.7647,15.0000,0.2353,-0.0089,0.3213,0.0000,0.0000,-0.3856,0.0000,-0.0001,0.2733,0.0352,1.2026,-0.0089,-1.6390,-0.3856,1.0661,2.6025,-2.3292,0.2353
2018,157,Joseph Velliquette,Pennsylvania,3,1,0.9481,25.0000,0.0519,-0.0530,0.3966,0.0000,0.0000,0.0000,0.0000,-0.0003,-0.2914,0.0000,0.2663,-0.0530,-0.3416,0.0000,0.1803,0.2775,-0.5689,0.0519
2018,157,Joshua Shields,Arizona State,7,5,5.5177,4.0000,-0.5177,-0.0256,-1.2068,0.0000,-0.0077,0.3856,0.0000,0.0102,0.3267,0.0000,-0.5159,-0.0256,-0.2523,0.3856,-0.1094,3.7105,-3.3839,-0.5177
2018,157,Justin Staudenmayer,Brown,2,0,0.8110,20.0000,-0.8110,0.0357,-0.1322,0.0000,0.0000,0.0000,0.0000,-0.0014,-0.7131,0.0000,-0.1449,0.0357,-0.7602,0.0000,0.0584,0.1676,-0.8806,-0.8110
2018,157,Kennedy Monday,North Carolina,5,3,1.4726,31.0000,1.5274,-0.0025,1.1314,0.0000,0.0000,0.0000,0.0000,0.0032,0.3953,0.0000,-0.4588,-0.0025,1.3665,0.0000,0.6222,2.5331,-2.1378,1.5274
2018,157,Larry Early,Old Dominion,3,1,0.9441,,0.0559,-0.0263,0.4017,0.0000,0.0000,0.0000,0.0000,-0.0004,0.4045,-0.7235,-0.3464,-0.0263,1.0224,0.0000,-0.5938,1.6840,-1.2794,0.0559
2018,157,Luke Weiland,Army West Point,4,2,0.9657,26.0000,1.0343,-0.0517,0.7631,0.0000,0.0000,0.0000,0.0000,0.0032,0.3197,0.0000,0.5790,-0.0517,0.1366,0.0000,0.3705,0.6528,-0.3331,1.0343
2018,157,Luke Zilverberg,South Dakota State,6,3,2.4292,13.0000,0.5708,0.0179,-0.0579,0.0000,0.0000,0.0000,0.0022,-0.0045,0.6131,0.0000,-0.5305,0.0179,0.4973,0.0000,0.5860,2.3513,-1.7382,0.5708
2018,157,Markus Scheidel,Columbia,4,2,2.6642,10.0000,-0.6642,0.0384,-0.4153,0.0000,0.0000,0.0000,0.0000,-0.0001,-0.2561,-0.0311,-0.3089,0.0384,-0.6944,0.0000,0.3008,1.1710,-1.4271,-0.6642
2018,157,Micah Jordan,Ohio State,6,3,3.3872,7.0000,-0.3872,-0.1441,-0.0258,0.0000,0.0000,-0.5114,0.0000,-0.0042,0.2673,0.0310,-0.4539,-0.1441,0.5739,-0.5114,0.1482,1.4214,-1.1541,-0.3872
2018,157,Michael Kemerer,Iowa,7,5,3.7158,6.0000,1.2842,0.0150,0.6366,0.0000,0.0077,0.0000,0.0416,0.0048,0.9799,-0.4014,-0.3208,0.0150,1.4358,0.0000,0.1542,1.9575,-0.9776,1.2842
2018,157,Mike D`Angelo,Princeton,2,0,1.2497,16.0000,-1.2497,-0.0128,-0.0010,0.0000,0.0000,0.0000,0.0000,0.0000,-0.5284,-0.7074,-0.6870,-0.0128,-0.4544,0.0000,-0.0956,0.2987,-0.8272,-1.2497
2018,157,Mitch Finesilver,Duke,4,2,1.6959,12.0000,0.3041,0.0484,0.3982,0.0000,0.0000,0.0000,0.0000,0.0022,-0.1447,0.0000,-0.0568,0.0484,0.0319,0.0000,0.2806,0.8200,-0.9647,0.3041
2018,157,Paul Fox,Stanford,5,3,1.6273,22.0000,1.3727,-0.0131,0.8564,0.0000,0.0000,0.0000,0.0000,-0.0134,0.5437,-0.0009,-0.4589,-0.0131,1.6732,0.0000,0.1714,2.0037,-1.4600,1.3727
2018,157,Taleb Rahmani,Pittsburgh,3,1,0.4681,17.0000,0.5319,0.0111,0.0579,0.0000,0.0000,0.0000,0.0000,-0.0095,0.0902,0.3822,0.0977,0.0111,0.0377,0.0000,0.3854,0.6121,-0.5219,0.5319
2018,157,Tyler Berger,Nebraska,7,6,3.7711,8.0000,2.2289,0.1964,-0.0663,0.0000,0.0000,1.0010,-0.0438,0.0131,0.6912,0.4374,0.4183,0.1964,0.5253,1.0010,0.0879,1.6488,-0.9576,2.2289
2018,165,Alex Marinelli,Iowa,6,3,3.1802,5.0000,-0.1802,-0.0328,0.2651,0.0000,0.0000,0.0000,0.0000,-0.0003,-0.2120,-0.2001,-0.5646,-0.0328,0.3745,0.0000,0.0427,2.2293,-2.4413,-0.1802
2018,165,Andrew Atkinson,Virginia,3,1,1.2290,17.0000,-0.2290,-0.0065,-0.0858,0.0000,0.0000,0.0000,0.0000,0.0065,-0.1431,0.0000,-0.1426,-0.0065,-0.5489,0.0000,0.4689,0.5718,-0.7149,-0.2290
2018,165,Andrew Fogarty,North Dakota State,3,1,1.2290,18.0000,-0.2290,0.0154,-0.0483,0.0000,0.0000,0.0000,0.0000,-0.0102,-0.1860,0.0000,-0.3443,0.0154,-0.1285,0.0000,0.2283,0.4071,-0.5931,-0.2290
2018,165,Anthony Valencia,Arizona State,4,2,1.7156,15.0000,0.2844,-0.0803,0.5268,0.0000,0.0000,0.0000,0.0000,-0.0227,-0.1394,0.0000,0.2110,-0.0803,0.5295,0.0000,-0.3758,1.2371,-1.3765,0.2844
2018,165,Branson Ashworth,Wyoming,4,2,1.7693,14.0000,0.2307,-0.0122,0.1256,0.0000,0.0000,0.0000,0.0000,0.0139,0.1035,0.0000,-0.1165,-0.0122,0.1179,0.0000,0.2415,1.2077,-1.1042,0.2307
2018,165,Bryce Martin,Indiana,2,0,0.4262,24.0000,-0.4262,-0.0254,0.1090,0.0000,0.0000,0.0000,0.0000,0.0001,-0.5098,-0.0000,-0.0973,-0.0254,-0.2879,0.0000,-0.0155,0.0376,-0.5475,-0.4262
2018,165,Chad Walsh,Rider,4,2,2.8930,4.0000,-0.8930,0.0236,-0.9938,0.0000,0.0000,0.0000,0.0000,-0.0076,0.0847,0.0000,0.0946,0.0236,-1.2524,0.0000,0.2411,2.9818,-2.8971,-0.8930
2018,165,Chance Marsteller,Lock Haven,7,5,3.2284,9.0000,1.7716,-0.0389,0.9246,0.0000,0.0000,0.0000,0.0000,0.0130,1.6766,-0.8038,-0.9234,-0.0389,2.0323,0.0000,0.7016,3.0257,-1.3491,1.7716
2018,165,Chandler Rogers,Oklahoma State,7,4,4.3114,8.0000,-0.3114,0.0846,-0.9900,0.0000,0.0000,0.5114,0.0000,0.0184,0.0642,0.0000,-0.1473,0.0846,-0.6011,0.5114,-0.1590,5.4214,-5.3572,-0.3114
2018,165,Connor Flynn,Missouri,3,1,1.1435,19.0000,-0.1435,-0.0687,-0.2632,0.0000,0.0000,0.5000,0.0000,-0.0124,-0.2992,0.0000,0.4503,-0.0687,-0.6500,0.5000,-0.3751,0.7497,-1.0490,-0.1435
2018,165,David McFadden,Virginia Tech,6,4,4.7741,2.0000,-0.7741,-0.0027,-1.1568,0.0000,0.0000,0.0000,0.0000,0.0004,0.1845,0.2006,-0.2042,-0.0027,-1.2098,0.0000,0.6427,1.4227,-1.2382,-0.7741
2018,165,Dawaylon Barnes,Oklahoma,2,0,0.8110,20.0000,-0.8110,-0.0300,-0.3280,0.0000,-0.0008,0.0000,-0.0063,-0.0281,-0.4180,0.0000,-0.3028,-0.0300,-0.1113,0.0000,-0.3670,0.2597,-0.6777,-0.8110
2018,165,Demetrius Romero,Utah Valley,3,1,1.0572,22.0000,-0.0572,-0.0065,-0.1203,0.0000,0.0000,0.0000,0.0000,-0.0023,0.0719,0.0000,-0.3268,-0.0065,0.0830,0.0000,0.1931,0.6492,-0.5772,-0.0572
2018,165,Drew Daniels,Navy,4,2,1.6211,23.0000,0.3789,-0.0446,0.2753,0.0000,0.0000,0.0000,0.0000,0.0172,0.1309,0.0000,-0.4879,-0.0446,0.6627,0.0000,0.2486,2.0523,-1.9214,0.3789
2018,165,Evan Wick,Wisconsin,7,6,3.3199,10.0000,2.6801,0.0978,0.6938,0.0000,-0.0000,0.0000,0.0000,0.0079,0.2874,1.5931,0.2480,0.0978,0.0596,0.0000,2.2747,2.8117,-2.5243,2.6801
2018,165,Gordon Wolf,Lehigh,3,1,0.9441,29.0000,0.0559,0.0685,0.2087,0.0000,0.0008,0.0000,0.0063,0.0159,-0.2441,0.0000,0.3372,0.0685,-0.4085,0.0000,0.0587,1.3236,-1.5678,0.0559
2018,165,Isaiah Martinez,Illinois,5,4,4.3935,1.0000,-0.3935,0.0102,-0.3420,0.0000,0.0000,0.0000,0.0000,0.0001,-0.0618,0.0000,-0.2988,0.0102,-0.2468,0.0000,0.1419,0.5933,-0.6551,-0.3935
2018,165,Isaiah White,Nebraska,4,2,1.8998,11.0000,0.1002,-0.0105,0.3674,0.0000,0.0000,-0.3819,0.0000,0.0047,0.1205,0.0000,0.1214,-0.0105,0.3353,-0.3819,0.0359,0.4738,-0.3532,0.1002
2018,165,Jacob Morrissey,Purdue,2,0,0.6348,28.0000,-0.6348,0.0181,-0.1091,0.0000,0.0000,0.0000,0.0000,0.0000,-0.4090,-0.1347,-0.2434,0.0181,-0.5484,0.0000,0.1389,0.1158,-0.5249,-0.6348
2018,165,Jonathan Schleifer,Princeton,2,0,0.5875,30.0000,-0.5875,0.0282,-0.0503,0.0000,0.0000,-0.5000,0.0000,0.0123,-0.0777,0.0000,0.0945,0.0282,0.3006,-0.5000,-0.5107,0.4284,-0.5060,-0.5875
2018,165,Jonathan Viruet,Brown,3,1,0.9262,25.0000,0.0738,0.0217,0.7049,0.0000,0.0000,0.0000,0.0000,-0.0004,-0.6524,0.0000,-0.1544,0.0217,-0.2202,0.0000,0.4268,1.1930,-1.8454,0.0738
2018,165,Jonathon Chavez,Cornell,7,5,2.9528,16.0000,2.0472,-0.0716,0.4879,0.0000,0.0000,0.5391,0.0000,-0.0098,1.1015,0.0000,-0.6653,-0.0716,1.7168,0.5391,0.5282,1.9068,-0.8053,2.0472
2018,165,Keilan Torres,Northern Colorado,3,1,0.9469,21.0000,0.0531,0.0323,0.1345,0.0000,0.0000,0.0000,0.0000,0.0004,-0.2484,0.1343,-0.1739,0.0323,0.2051,0.0000,-0.0104,0.6876,-0.9359,0.0531
2018,165,Logan Massa,Michigan,3,1,1.9539,7.0000,-0.9539,-0.0555,-0.3728,0.0000,0.0000,-0.5114,0.0000,-0.0011,-0.0131,0.0000,-0.2285,-0.0555,0.4433,-0.5114,-0.6019,1.7577,-1.7708,-0.9539
2018,165,Nate Higgins,Southern Illinois Edwardsville,2,0,0.6799,26.0000,-0.6799,0.0189,-0.1243,0.0000,0.0000,0.0000,0.0000,0.0008,-0.5753,0.0000,-0.2812,0.0189,-0.6923,0.0000,0.2747,0.7509,-1.3262,-0.6799
2018,165,Nicholas Wanzek,Minnesota,5,3,2.6682,12.0000,0.3318,-0.0171,0.7599,0.0000,0.0000,0.0000,0.0000,0.0289,0.3495,-0.7893,-0.2879,-0.0171,0.2315,0.0000,0.4054,1.7217,-1.3722,0.3318
2018,165,Quentin Perez,Campbell,2,0,0.6575,27.0000,-0.6575,-0.0140,-0.1104,0.0000,0.0000,0.0000,0.0000,-0.0010,-0.5321,0.0000,-0.1376,-0.0140,-0.6124,0.0000,0.1064,0.1358,-0.6679,-0.6575
2018,165,Richie Lewis,Rutgers,5,3,3.6808,6.0000,-0.6808,0.0106,-0.3842,0.0000,0.0000,-0.5529,0.0000,-0.0007,0.2464,0.0000,0.0238,0.0106,-0.2217,-0.5529,0.0594,1.3915,-1.1451,-0.6808
2018,165,Te`shan Campbell,Ohio State,4,2,2.0699,13.0000,-0.0699,0.0333,-0.1017,0.0000,0.0000,0.0000,0.0000,-0.0297,0.0282,0.0000,0.0500,0.0333,0.0795,0.0000,-0.2328,1.0931,-1.0650,-0.0699
2018,165,Vincenzo Joseph,Penn State,5,5,3.2023,3.0000,1.7977,0.0460,0.3749,0.0000,0.0000,0.3957,0.0000,-0.0060,0.9871,0.0000,-0.1853,0.0460,1.3315,0.3957,0.2098,1.2940,-0.3069,1.7977
2018,165,Zach Finesilver,Duke,2,0,0.5617,31.0000,-0.5617,-0.0026,-0.1687,0.0000,0.0000,0.0000,0.0000,0.0000,-0.3905,0.0000,-0.2501,-0.0026,-0.4138,0.0000,0.1047,0.0582,-0.4487,-0.5617
2018,165,Zachary Carson,Eastern Michigan,2,0,0.5313,32.0000,-0.5313,0.0104,-0.2085,0.0000,0.0000,0.0000,0.0000,-0.0082,-0.3249,-0.0000,-0.2068,0.0104,-0.3492,0.0000,0.0142,0.0160,-0.3409,-0.5313
2018,174,Austin Rose,Drexel,2,0,0.5617,31.0000,-0.5617,0.0378,-0.3512,0.0000,0.0000,0.0000,0.0000,-0.0071,-0.2411,0.0000,-0.3246,0.0378,-0.3566,0.0000,0.0818,0.1119,-0.3530,-0.5617
2018,174,Ben Harvey,Army West Point,4,3,1.3816,28.0000,1.6184,-0.0494,0.2645,0.0000,0.0000,0.0000,0.0000,0.0011,1.4022,0.0000,-0.0691,-0.0494,1.2228,0.0000,0.5141,2.9158,-1.5136,1.6184
2018,174,Bo Jordan,Ohio State,6,4,3.8473,6.0000,0.1527,0.0066,-0.1996,-0.3704,0.0000,0.3704,0.0000,0.1477,0.1980,0.0000,-0.5580,0.0066,0.1796,0.3704,0.1541,1.1205,-0.9225,0.1527
2018,174,Brandon Womack,Cornell,2,0,0.6575,27.0000,-0.6575,-0.0452,-0.1656,0.3704,0.0000,-0.3704,0.0000,-0.1605,-0.2862,0.0000,-0.2049,-0.0452,-0.3379,-0.3704,0.3008,0.4665,-0.7527,-0.6575
2018,174,Christian Brucki,Central Michigan,3,1,1.3007,16.0000,-0.3007,-0.0113,0.1076,0.0000,0.0000,0.0000,0.0000,-0.0005,-0.3964,0.0000,-0.0460,-0.0113,-0.5816,0.0000,0.3382,0.5416,-0.9380,-0.3007
2018,174,Daniel Bullard,NC State,3,1,1.1435,19.0000,-0.1435,-0.0144,0.2721,0.0000,0.0000,-0.8825,0.0000,-0.0080,0.4892,0.0001,0.2035,-0.0144,0.6682,-0.8825,-0.1183,1.3523,-0.8631,-0.1435
2018,174,Daniel Lewis,Missouri,6,4,4.0053,3.0000,-0.0053,-0.0060,0.1475,0.0000,0.0000,-0.5383,-0.0643,0.0173,0.3317,0.1069,0.1931,-0.0060,-0.0605,-0.5383,0.4065,1.1015,-0.7698,-0.0053
2018,174,David Kocer,South Dakota State,7,5,3.7524,11.0000,1.2476,-0.1017,-0.1769,0.0000,0.0000,0.5290,0.0000,0.0719,0.9253,0.0000,1.1269,-0.1017,-0.2913,0.5290,-0.0153,2.4787,-1.5534,1.2476
2018,174,Dean Sherry,Rider,2,0,0.5875,30.0000,-0.5875,-0.0007,-0.1204,0.0000,0.0000,0.0000,0.0000,0.0000,-0.4377,-0.0287,-0.2967,-0.0007,-0.2894,0.0000,-0.0007,0.0000,-0.4377,-0.5875
2018,174,Devin Skatzka,Indiana,2,0,0.7241,24.0000,-0.7241,0.0522,-0.0700,0.0000,0.0000,0.0000,0.0000,-0.0070,-0.6993,0.0000,-0.1837,0.0522,-0.5985,0.0000,0.0058,0.7349,-1.4343,-0.7241
2018,174,Dylan Lydy,Purdue,5,3,1.9592,15.0000,1.0408,0.0239,0.4360,0.0000,0.0000,0.4525,0.0000,0.0020,0.1264,-0.0000,-0.6272,0.0239,0.8646,0.4525,0.3269,1.1009,-0.9745,1.0408
2018,174,Ethan Ramos,North Carolina,4,2,2.5369,10.0000,-0.5369,0.0527,-0.4275,0.0000,0.0000,0.0000,0.0000,0.0122,-0.1743,0.0000,-1.0371,0.0527,0.6885,0.0000,-0.2409,3.4403,-3.6146,-0.5369
2018,174,Forrest Przybysz,Appalachian State,4,2,2.2235,12.0000,-0.2235,-0.1039,-0.3950,0.0000,0.0000,0.4294,0.0009,0.0008,-0.1558,-0.0000,-0.1579,-0.1039,-0.3690,0.4294,-0.0222,0.9734,-1.1292,-0.2235
2018,174,Hunter Bolen,Virginia Tech,2,0,0.7460,23.0000,-0.7460,-0.0351,0.2578,0.0000,0.0000,0.0000,0.0000,-0.0035,-0.9651,0.0000,-0.1279,-0.0351,-1.1767,0.0000,0.5937,0.9298,-1.8950,-0.7460
2018,174,Jacobe Smith,Oklahoma State,7,4,3.1374,13.0000,0.8626,0.1212,-0.0926,0.0000,0.0000,0.4374,0.0000,0.0165,0.3802,0.0000,-0.0775,0.1212,0.0585,0.4374,0.3231,2.3627,-1.9825,0.8626
2018,174,Jadaen Bernstein,Navy,4,2,2.0346,8.0000,-0.0346,0.0272,0.0516,0.0000,0.0006,-0.0394,0.0000,-0.0522,0.0169,-0.0394,0.0963,0.0272,0.8144,-0.0394,-0.9331,1.8388,-1.8219,-0.0346
2018,174,Johnny Sebastian,Northwestern,4,2,1.7290,18.0000,0.2710,-0.1053,0.6435,0.0000,0.0000,-0.4525,0.0000,0.0030,0.1823,0.0000,-0.4883,-0.1053,1.1051,-0.4525,0.2120,1.5978,-1.4155,0.2710
2018,174,Jordan Kutler,Lehigh,6,4,4.2153,4.0000,-0.2153,-0.0344,-0.0412,0.0000,0.0000,0.0000,0.0643,0.0024,-0.1280,-0.0783,-0.1094,-0.0344,-0.6868,0.0000,0.6152,0.8072,-0.9351,-0.2153
2018,174,Josef Johnson,Harvard,4,2,1.2118,29.0000,0.7882,-0.0030,0.1536,0.0000,0.0000,0.5549,0.0000,0.0013,0.0814,0.0000,-0.1212,-0.0030,0.4007,0.5549,-0.0432,0.6677,-0.5863,0.7882
2018,174,Joseph Gunther,Iowa,2,0,0.8110,20.0000,-0.8110,0.0172,-0.1177,0.0000,0.0000,0.0000,0.0000,0.0022,-0.7127,0.0000,-0.1647,0.0172,-0.6049,0.0000,-0.0586,0.0956,-0.8083,-0.8110
2018,174,Keaton Subjeck,Stanford,3,1,2.0190,9.0000,-1.0190,0.0253,-0.6541,0.0000,0.0000,-0.4896,0.0000,-0.0070,0.1063,0.0000,0.0891,0.0253,-0.8114,-0.4896,0.1675,2.2229,-2.1166,-1.0190
2018,174,Kimball Bastian,Utah Valley,3,1,1.0572,22.0000,-0.0572,0.0399,0.3672,0.0000,0.0000,-0.4294,0.0000,0.0010,-0.0358,0.0000,-0.1116,0.0399,0.3842,-0.4294,0.0598,0.8743,-0.9102,-0.0572
2018,174,Mark Hall,Penn State,5,4,3.5228,2.0000,0.4772,0.0092,0.0627,0.0000,0.0012,0.0000,0.0000,0.0009,0.4032,0.0000,-0.3236,0.0092,0.3947,0.0000,0.3970,1.0004,-0.5972,0.4772
2018,174,Matt Finesilver,Duke,3,1,0.8852,32.0000,0.1148,0.0203,0.0099,0.0000,0.0000,0.0000,0.0000,0.0120,0.0727,0.0000,0.0685,0.0203,-0.1850,0.0000,0.2110,0.4744,-0.4018,0.1148
2018,174,Myles Amine,Michigan,6,5,3.1329,5.0000,1.8671,0.0999,0.4892,0.0000,0.0000,0.5383,-0.0009,0.0014,0.7392,0.0000,-0.1841,0.0999,1.5836,0.5383,-0.1707,1.7854,-1.0462,1.8671
2018,174,Ryan Christensen,Wisconsin,3,1,1.0572,21.0000,-0.0572,0.0698,0.5223,0.0000,0.0008,0.0000,0.0000,-0.0052,-0.6450,0.0000,0.0740,0.0698,-0.2595,0.0000,0.0586,0.5693,-1.2143,-0.0572
2018,174,Seldon Wright,Old Dominion,2,0,0.8752,17.0000,-0.8752,-0.0068,-0.3643,0.0000,0.0000,0.0000,0.0000,-0.0119,-0.4921,0.0000,-0.2536,-0.0068,-0.5297,0.0000,-0.0851,0.0760,-0.5681,-0.8752
2018,174,Taylor Lujan,Northern Iowa,4,2,2.3216,7.0000,-0.3216,0.0082,-0.3544,0.0000,-0.0012,0.0000,0.0000,-0.0163,0.0421,0.0000,0.3029,0.0082,-0.4868,0.0000,-0.1459,3.4675,-3.4254,-0.3216
2018,174,Ty Schoffstall,Edinboro,3,1,0.9481,25.0000,0.0519,-0.0479,0.1392,0.0000,-0.0006,0.0000,0.0000,0.0003,-0.0390,0.0000,-0.3207,-0.0479,0.1618,0.0000,0.2587,0.7117,-0.7507,0.0519
2018,174,Tyrel White,Columbia,2,0,0.6348,,-0.6348,-0.0069,-0.1241,0.0000,-0.0008,0.0000,0.0000,-0.0032,-0.4998,0.0000,-0.2413,-0.0069,-0.3981,0.0000,0.0115,0.0398,-0.5396,-0.6348
2018,174,Will Schany,Virginia,1,0,0.1799,26.0000,-0.1799,-0.0115,-0.0510,0.0000,0.0000,0.0000,0.0000,0.0007,-0.1180,0.0000,-0.0612,-0.0115,-0.2387,0.0000,0.1316,0.1393,-0.2574,-0.1799
2018,174,Yoanse Mejias,Oklahoma,3,1,1.4964,14.0000,-0.4964,0.0113,-0.1890,0.0000,0.0000,-0.1098,0.0000,-0.0125,-0.1964,0.0000,0.4240,0.0113,-0.7133,-0.1098,-0.1086,0.7342,-0.9306,-0.4964
2018,174,Zahid Valencia,Arizona State,5,5,4.3037,1.0000,0.6963,-0.0391,-0.0301,0.0000,-0.0000,0.0000,0.0000,0.0006,0.7256,0.0394,0.1655,-0.0391,0.4490,0.0000,0.1210,1.2957,-0.5701,0.6963
2018,184,Alexander DeCiantis,Drexel,2,0,0.7678,22.0000,-0.7678,-0.0484,-0.2926,0.0000,0.0000,0.0000,0.0000,-0.0032,-0.4235,0.0000,-0.2339,-0.0484,-0.3450,0.0000,-0.1404,0.2492,-0.6726,-0.7678
2018,184,Bo Nickal,Penn State,5,5,4.3162,1.0000,0.6838,-0.0030,0.0073,0.0000,0.0000,0.0000,0.0000,0.0059,0.3565,0.3171,0.2451,-0.0030,0.0749,0.0000,0.3668,0.8327,-0.4762,0.6838
2018,184,Brandon Krone,Minnesota,2,0,0.4242,,-0.4242,0.0535,-0.0641,0.0000,0.0000,0.0000,0.0000,-0.0065,-0.4071,0.0000,-0.1202,0.0535,-0.2986,0.0000,-0.0589,0.0019,-0.4091,-0.4242
2018,184,Bryce Carr,Chattanooga,5,3,2.8592,12.0000,0.1408,-0.0889,0.2944,0.0000,0.0024,-0.0620,0.0000,-0.0378,0.0327,0.0000,0.1392,-0.0889,0.7172,-0.0620,-0.5647,1.7436,-1.7109,0.1408
2018,184,Bryce Gorman,Northern Illinois,2,0,0.4156,31.0000,-0.4156,-0.0197,-0.0676,0.0000,0.0000,0.0000,0.0000,-0.0000,-0.3282,0.0000,-0.1432,-0.0197,-0.2359,0.0000,-0.0167,0.0461,-0.3744,-0.4156
2018,184,Canten Marriott,Missouri,3,1,1.8152,15.0000,-0.8152,-0.0404,-0.1852,0.0000,0.0000,0.0000,0.0000,-0.0008,-0.5887,0.0000,-0.0832,-0.0404,-0.2322,0.0000,-0.4593,1.0308,-1.6195,-0.8152
2018,184,Chaz Polson,Wyoming,2,0,0.4259,26.0000,-0.4259,-0.0088,0.0039,0.0000,0.0000,0.0000,0.0000,-0.0001,-0.4209,-0.0000,-0.1441,-0.0088,-0.2521,0.0000,-0.0209,0.0239,-0.4448,-0.4259
2018,184,Chip Ness,North Carolina,6,4,1.4577,23.0000,2.5423,-0.0450,1.2880,0.0000,-0.0001,0.0000,0.0000,-0.0033,1.3028,0.0000,-0.4291,-0.0450,1.3309,0.0000,1.6856,2.6164,-1.3136,2.5423
2018,184,Christian LaFragola,Brown,4,2,1.6435,19.0000,0.3565,-0.0647,0.4386,0.0000,0.0000,0.0000,0.0000,0.0354,-0.0528,0.0000,-0.3803,-0.0647,0.6560,0.0000,0.1455,1.8682,-1.9210,0.3565
2018,184,Corey Hazel,Lock Haven,3,1,0.9242,21.0000,0.0758,-0.0607,0.1846,0.0000,0.0000,0.5706,-0.0110,-0.0025,-0.6052,0.0000,-0.1397,-0.0607,-0.1232,0.5706,-0.1712,0.8905,-1.4957,0.0758
2018,184,Domenic Abounader,Michigan,6,4,3.5707,5.0000,0.4293,0.0481,-0.4736,0.0000,0.0000,0.5170,0.0665,-0.0046,0.2758,0.0000,1.0367,0.0481,-0.4975,0.5170,-0.6750,3.1143,-2.8384,0.4293
2018,184,Drew Foster,Northern Iowa,3,1,1.8937,8.0000,-0.8937,0.0090,-0.4417,0.0000,0.0000,0.0000,0.0000,-0.0008,-0.4602,0.0000,-0.4077,0.0090,-0.7298,0.0000,0.2348,0.5958,-1.0560,-0.8937
2018,184,Dylan Gabel,Northern Colorado,3,1,0.9040,24.0000,0.0960,0.0367,0.1148,0.0000,0.0000,0.0000,0.0000,0.0146,-0.0701,-0.0000,0.2916,0.0367,-0.2353,0.0000,0.0031,0.7794,-0.8495,0.0960
2018,184,Emory Parker,Illinois,8,7,4.2995,10.0000,2.7005,-0.0259,0.8926,0.0000,0.0000,0.0000,-0.0752,0.0044,1.9047,0.0000,0.0957,-0.0259,2.0589,0.0000,0.5718,4.1221,-2.2173,2.7005
2018,184,Greg Bulsak,Clarion,2,0,0.5875,30.0000,-0.5875,0.0170,-0.0728,0.0000,0.0000,0.0000,0.0000,-0.0402,-0.4915,0.0000,-0.1101,0.0170,-0.4201,0.0000,-0.0742,0.7538,-1.2453,-0.5875
2018,184,Joe Heyob,Pennsylvania,3,1,1.1435,20.0000,-0.1435,-0.0586,0.5368,0.0000,0.0000,0.0000,0.0000,-0.0007,-0.9982,0.3771,-0.1652,-0.0586,-0.9855,0.0000,1.0658,0.8535,-1.8517,-0.1435
2018,184,Jordan Ellingwood,Central Michigan,4,2,1.5050,16.0000,0.4950,0.0453,0.1676,0.0000,0.0000,0.0000,0.0000,-0.0007,0.2828,0.0000,0.3745,0.0453,-0.2934,0.0000,0.3687,1.7251,-1.4423,0.4950
2018,184,Kayne MacCallum,Eastern Michigan,3,1,1.3752,17.0000,-0.3752,-0.0466,0.0180,0.0000,0.0000,0.0000,0.0000,-0.0022,-0.3443,-0.0001,-0.2768,-0.0466,-0.1112,0.0000,0.0594,1.0693,-1.4136,-0.3752
2018,184,Keegan Moore,Oklahoma State,2,0,0.6116,29.0000,-0.6116,0.0282,-0.0283,0.0000,0.0000,0.0000,0.0000,0.0000,-0.2343,-0.3771,-0.3110,0.0282,-0.0219,0.0000,-0.3069,0.1959,-0.4302,-0.6116
2018,184,Kordell Norfleet,Arizona State,2,0,0.7021,25.0000,-0.7021,-0.0669,-0.1313,0.0000,0.0000,0.0000,0.0000,-0.0194,-0.4845,0.0000,-0.1022,-0.0669,-0.1061,0.0000,-0.4268,0.4755,-0.9600,-0.7021
2018,184,Martin Mueller,South Dakota State,2,0,0.5313,32.0000,-0.5313,0.0294,-0.1682,0.0000,0.0000,0.0000,0.0000,0.0017,-0.3941,0.0000,-0.0890,0.0294,-0.2948,0.0000,-0.1768,0.3569,-0.7511,-0.5313
2018,184,Maxwell Dean,Cornell,6,3,3.1364,9.0000,-0.1364,0.0196,-0.6545,0.0000,0.0000,0.0000,0.0000,0.0446,0.4540,0.0000,0.0615,0.0196,-0.6581,0.0000,0.4406,1.9123,-1.4583,-0.1364
2018,184,Michael Coleman,Navy,5,3,2.1575,27.0000,0.8425,-0.0141,0.4516,0.0000,0.0000,0.0000,0.0000,0.0030,0.4020,0.0000,-0.4426,-0.0141,0.9164,0.0000,0.3828,1.9671,-1.5650,0.8425
2018,184,Mitchell Bowman,Iowa,4,2,1.0955,18.0000,0.9045,0.0396,0.2335,0.0000,0.0000,0.0000,-0.0001,0.0011,0.6304,0.0001,0.0708,0.0396,0.3621,0.0000,0.4320,1.2123,-0.5819,0.9045
2018,184,Myles Martin,Ohio State,5,4,3.8839,2.0000,0.1161,-0.0064,0.0323,0.0000,0.0001,0.0000,0.0001,0.0002,0.4069,-0.3171,-0.6796,-0.0064,0.9338,0.0000,-0.1318,1.1576,-0.7508,0.1161
2018,184,Nick Gravina,Rutgers,4,2,1.9462,14.0000,0.0538,0.0025,-0.2637,0.0000,-0.0024,0.0000,0.0000,-0.0047,0.3221,0.0000,-0.7504,0.0025,0.3588,0.0000,0.4429,2.1832,-1.8611,0.0538
2018,184,Pete Renda,NC State,4,2,2.8605,4.0000,-0.8605,0.0034,-0.3728,0.0000,0.0000,-0.5170,0.0000,-0.0194,0.0454,0.0000,0.1992,0.0034,0.2502,-0.5170,-0.7962,1.4717,-1.4263,-0.8605
2018,184,Ricky Robertson,Wisconsin,3,1,1.5975,11.0000,-0.5975,-0.0095,-0.0326,0.0000,0.0000,-0.5085,0.0000,-0.0099,-0.0370,0.0000,0.1679,-0.0095,0.2732,-0.5085,-0.5206,0.8229,-0.8599,-0.5975
2018,184,Ryan Preisch,Lehigh,4,2,3.1851,3.0000,-1.1851,0.0362,-0.6124,0.0000,0.0000,-0.5526,0.0000,0.0079,-0.0642,0.0000,-0.1470,0.0362,-0.6286,-0.5526,0.1069,0.6640,-0.7282,-1.1851
2018,184,Steven Schneider,Binghamton,3,1,1.5956,13.0000,-0.5956,0.0849,-0.5110,0.0000,0.0000,0.0000,0.0000,0.0010,-0.1706,0.0000,-0.2440,0.0849,-1.0078,0.0000,0.5712,0.5716,-0.7422,-0.5956
2018,184,Taylor Venz,Nebraska,8,6,5.2708,7.0000,0.7292,0.0869,0.0943,0.0000,0.0000,0.0000,0.0197,0.0282,0.5001,0.0000,-0.7702,0.0869,0.4678,0.0000,0.9447,2.1125,-1.6124,0.7292
2018,184,Zachary Zavatsky,Virginia Tech,6,3,3.0978,6.0000,-0.0978,0.0675,-0.3859,0.0000,0.0000,0.5526,0.0000,0.0087,-0.3407,0.0000,-0.1779,0.0675,-0.9232,0.5526,0.3832,1.9537,-2.2944,-0.0978
2018,197,Ben Darmstadt,Cornell,6,3,4.6300,2.0000,-1.6300,0.0605,-0.5605,0.0000,0.0036,0.0000,0.0729,0.0074,-0.6022,-0.6118,-0.8700,0.0605,-1.5325,0.0000,0.7120,1.4306,-2.0328,-1.6300
2018,197,Cash Wilcke,Iowa,5,3,2.2248,14.0000,0.7752,0.0689,-0.2402,0.0000,0.0000,0.4451,0.0000,-0.0007,0.3941,0.1081,-0.1219,0.0689,0.0580,0.4451,0.3252,1.4304,-1.0363,0.7752
2018,197,Chris Weiler,Lehigh,4,2,0.9876,23.0000,1.0124,-0.0703,0.5204,0.0000,0.0000,0.0000,0.0000,-0.0298,0.5920,0.0000,0.6072,-0.0703,1.3144,0.0000,-0.8388,1.6207,-1.0287,1.0124
2018,197,Christian Brunner,Purdue,3,1,1.7267,16.0000,-0.7267,0.0094,-0.4375,0.0000,0.0000,0.0000,0.0000,-0.0367,-0.2619,0.0000,-0.2159,0.0094,-0.8939,0.0000,0.3736,0.8343,-1.0962,-0.7267
2018,197,Corey Griego,Oregon State,1,0,0.7322,11.0000,-0.7322,-0.0432,-0.2069,0.0000,0.0000,0.0000,0.0000,-0.0001,-0.4820,0.0000,-0.1406,-0.0432,-0.4754,0.0000,-0.0730,0.2210,-0.7030,-0.7322
2018,197,Daniel Chaid,North Carolina,3,1,0.9242,21.0000,0.0758,0.0208,0.1123,0.0000,0.0000,0.0000,0.0000,0.0006,-0.0579,0.0000,-0.0905,0.0208,0.0412,0.0000,0.1044,0.6302,-0.6881,0.0758
2018,197,Dustin Conti,Clarion,2,0,0.8110,20.0000,-0.8110,0.0504,-0.0754,0.0000,0.0000,-0.5000,0.0000,-0.0133,-0.2727,0.0000,-0.0223,0.0504,-0.4029,-0.5000,0.0638,0.2799,-0.5526,-0.8110
2018,197,Eric Schultz,Nebraska,4,2,1.6435,19.0000,0.3565,0.0506,0.0930,0.0000,0.0000,0.0000,0.0000,-0.0347,0.2476,0.0000,-0.5730,0.0506,1.0736,0.0000,-0.1948,1.7874,-1.5398,0.3565
2018,197,Frank Mattiace,Pennsylvania,5,3,3.5896,7.0000,-0.5896,0.0500,0.1807,0.0000,0.0000,0.0000,0.0000,0.0387,-0.8590,0.0000,-0.1374,0.0500,-0.9884,0.0000,0.4863,1.2747,-2.1337,-0.5896
2018,197,Hunter Ritter,Wisconsin,2,0,0.3820,25.0000,-0.3820,0.0493,-0.1704,0.0000,0.0000,0.0000,-0.0414,-0.0047,-0.2148,0.0000,-0.2863,0.0493,-0.3117,0.0000,0.1668,0.1538,-0.3686,-0.3820
2018,197,Jacob Holschlag,Northern Iowa,8,6,2.8767,27.0000,3.1233,-0.0642,1.8011,0.0000,0.0000,0.0000,0.0000,0.0730,1.0968,0.2166,0.7745,-0.0642,0.2805,0.0000,2.1325,2.9041,-1.8073,3.1233
2018,197,Jacob Seely,Northern Colorado,2,0,0.5875,30.0000,-0.5875,-0.0260,-0.3628,0.0000,0.0000,0.0000,0.0000,-0.0015,-0.1971,0.0000,-0.1020,-0.0260,-0.5940,0.0000,0.1345,0.1995,-0.3966,-0.5875
2018,197,Jacob Smith,West Virginia,4,2,1.2638,31.0000,0.7362,-0.0291,0.7021,0.0000,-0.0036,0.0000,0.0000,0.0010,0.0624,0.0034,0.0687,-0.0291,0.3108,0.0000,0.3858,0.4662,-0.4038,0.7362
2018,197,Jared Haught,Virginia Tech,5,4,3.3862,3.0000,0.6138,-0.0351,0.1078,0.0000,0.0000,0.0000,0.0000,0.0083,0.3348,0.1980,-0.4828,-0.0351,0.8671,0.0000,0.2647,1.4968,-1.1621,0.6138
2018,197,Jeric Kasunic,American,3,1,1.5956,13.0000,-0.5956,-0.0107,-0.2461,0.0000,-0.0000,0.0000,0.0000,0.0104,-0.3492,0.0000,-0.2486,-0.0107,-0.3982,0.0000,0.0619,0.6132,-0.9624,-0.5956
2018,197,Jordan Atienza,Central Michigan,2,0,0.8539,18.0000,-0.8539,0.0000,-0.1492,0.0000,0.0000,0.0000,0.0000,0.0000,-0.6314,-0.0732,-0.3779,0.0000,-0.5275,0.0000,0.0515,0.0515,-0.6829,-0.8539
2018,197,Kollin Moore,Ohio State,7,5,6.3131,1.0000,-1.3131,-0.0456,-0.2957,0.0000,0.0000,0.0000,0.0000,0.0008,-0.1168,-0.8557,-1.7479,-0.0456,0.2104,0.0000,0.2701,1.2547,-1.3716,-1.3131
2018,197,Kyle Conel,Kent State,6,5,1.1003,,3.8997,-0.0866,1.2024,0.0000,0.0000,0.0000,-0.1463,0.0003,1.8957,1.0343,-0.2904,-0.0866,2.3288,0.0000,1.9480,2.6598,-0.7641,3.8997
2018,197,Matt Williams,CSU Bakersfield,4,2,1.5623,15.0000,0.4377,-0.0332,0.2308,0.0000,0.0000,0.0000,-0.0729,0.0345,0.2086,0.0699,-0.3463,-0.0332,0.3153,0.0000,0.5020,0.8896,-0.6809,0.4377
2018,197,Michael Macchiavello,NC State,5,5,3.5459,4.0000,1.4541,-0.0468,-0.1258,0.0000,0.0000,0.0000,0.0000,0.0067,1.6013,0.0186,0.2874,-0.0468,1.1334,0.0000,0.0802,2.4791,-0.8778,1.4541
2018,197,Nate Rotert,South Dakota State,5,3,3.6164,8.0000,-0.6164,0.0127,-0.8591,0.0000,0.0000,0.0000,0.0414,-0.0036,0.1922,0.0000,0.2001,0.0127,-0.8213,0.0000,-0.0079,1.9730,-1.7808,-0.6164
2018,197,Nathan Traxler,Stanford,4,2,1.0472,22.0000,0.9528,0.0082,0.6921,0.0000,0.0000,-0.4451,0.0000,-0.0064,0.7040,0.0000,-0.3088,0.0082,1.0743,-0.4451,0.6242,1.6392,-0.9352,0.9528
2018,197,Patrick Brucki,Princeton,3,1,0.9064,17.0000,0.0936,0.0199,-0.1659,0.0000,0.0000,0.0000,0.0000,-0.0030,0.2426,0.0000,-0.5141,0.0199,0.5623,0.0000,0.0255,0.8673,-0.6248,0.0936
2018,197,Preston Weigel,Oklahoma State,1,0,0.7759,9.0000,-0.7759,0.0716,-0.3903,0.0000,0.0000,0.0000,0.1463,-0.0000,-0.6035,0.0000,-0.0070,0.0716,-0.8115,0.0000,-0.0290,0.0000,-0.6035,-0.7759
2018,197,Randall Diabe,Appalachian State,1,0,0.5000,24.0000,-0.5000,0.0055,-0.1184,0.0000,0.0000,0.0000,0.0000,0.0000,-0.3871,-0.0001,-0.2186,0.0055,-0.2869,0.0000,0.0000,0.0000,-0.3871,-0.5000
2018,197,Rocco Caywood,Army West Point,3,1,0.6280,26.0000,0.3720,0.0259,0.8996,0.0000,0.0000,0.0000,0.0000,-0.0121,-0.5414,0.0000,0.1464,0.0259,0.5459,0.0000,-0.3461,0.6594,-1.2007,0.3720
2018,197,Sawyer Root,The Citadel,2,0,0.4242,28.0000,-0.4242,-0.0030,-0.1055,0.0000,0.0000,0.0000,-0.0093,0.0002,-0.3066,0.0000,-0.2609,-0.0030,-0.0904,0.0000,-0.0698,0.2914,-0.5979,-0.4242
2018,197,Scottie Boykin,Chattanooga,2,0,1.5081,10.0000,-1.5081,-0.0067,-1.1932,0.0000,0.0000,0.0000,0.0000,-0.0209,-0.2872,0.0000,-0.1556,-0.0067,-0.7696,0.0000,-0.5762,0.0934,-0.3806,-1.5081
2018,197,Shakur Rasheed,Penn State,6,4,3.4786,5.0000,0.5214,0.0153,0.3314,0.0000,0.0000,0.0000,0.0000,0.0046,0.1701,0.0000,-0.2645,0.0153,0.3823,0.0000,0.3882,1.9756,-1.8055,0.5214
2018,197,Stephen Loiseau,Drexel,3,1,2.1317,12.0000,-1.1317,-0.0390,-0.5919,0.0000,0.0000,0.0000,0.0093,-0.0022,-0.5079,0.0000,-0.5076,-0.0390,-0.7645,0.0000,0.1794,1.0159,-1.5237,-1.1317
2018,197,Tanner Orndorff,Utah Valley,2,0,0.4064,32.0000,-0.4064,0.0076,-0.1078,0.0000,0.0000,0.0000,0.0000,-0.0019,-0.3044,0.0000,-0.1481,0.0076,-0.1505,0.0000,-0.1154,0.2385,-0.5428,-0.4064
2018,197,Thomas Lane,Cal Poly,3,1,0.9441,29.0000,0.0559,-0.0493,0.1117,0.0000,0.0000,0.5000,0.0000,-0.0022,-0.3962,-0.1081,-0.0847,-0.0493,-0.2576,0.5000,-0.0525,0.1437,-0.5399,0.0559
2018,197,Willie Miklus,Missouri,6,3,3.8963,6.0000,-0.8963,0.0625,-0.5829,0.0000,0.0000,0.0000,0.0000,-0.0129,-0.3629,0.0000,-0.8529,0.0625,-0.4214,0.0000,0.3156,1.5815,-1.9444,-0.8963
2018,285,AJ Nevills,Fresno State,2,0,0.4226,29.0000,-0.4226,-0.0046,0.1511,0.0000,0.0000,0.0000,0.0000,0.0001,-0.5635,-0.0056,-0.2590,-0.0046,-0.3221,0.0000,0.1631,0.1687,-0.7322,-0.4226
2018,285,Adam Coon,Michigan,5,4,3.6695,2.0000,0.3305,0.1031,-0.0614,0.0000,-0.0000,0.0000,0.0000,0.0056,0.2735,0.0097,0.2006,0.1031,-0.2379,0.0000,0.2647,1.0446,-0.7711,0.3305
2018,285,Amar Dhesi,Oregon State,6,5,3.1668,6.0000,1.8332,-0.0874,0.2488,0.0000,0.0000,0.0000,0.0000,0.0216,1.3811,0.2690,0.1868,-0.0874,1.3403,0.0000,0.3934,1.9438,-0.5627,1.8332
2018,285,Andrew Dunn,Virginia Tech,2,0,0.2923,27.0000,-0.2923,0.0032,-0.0088,0.0000,-0.0006,0.0000,0.0000,-0.0049,-0.2812,0.0000,-0.0724,0.0032,-0.2183,0.0000,-0.0048,-0.0066,-0.2745,-0.2923
2018,285,Antonio Pelusi,Franklin & Marshall,3,1,0.9025,28.0000,0.0975,0.0188,-0.0716,0.0000,0.0000,0.5000,0.0000,0.0017,-0.2498,-0.1015,-0.2335,0.0188,-0.1975,0.5000,0.0097,0.1189,-0.3688,0.0975
2018,285,Conan Jennings,Northwestern,2,0,0.8539,18.0000,-0.8539,-0.0970,-0.0155,0.0000,0.0000,-0.5000,0.0000,-0.0012,-0.2401,0.0000,-0.3239,-0.0970,0.2052,-0.5000,-0.1382,0.3806,-0.6207,-0.8539
2018,285,Cory Gilliland-Daniel,North Carolina,2,0,0.7460,23.0000,-0.7460,0.0118,-0.3572,0.0000,0.0000,0.0000,0.0000,-0.0014,-0.3992,0.0000,-0.3886,0.0118,-0.5433,0.0000,0.1741,0.2665,-0.6657,-0.7460
2018,285,Derek White,Oklahoma State,4,2,1.9024,9.0000,0.0976,-0.0297,0.0286,0.0000,0.0000,0.5104,0.0000,-0.0170,-0.3947,0.0000,-0.1749,-0.0297,-0.0763,0.5104,-0.1319,0.5541,-0.9488,0.0976
2018,285,Dustin Dennison,Utah Valley,2,0,0.7241,24.0000,-0.7241,-0.0236,-0.1638,0.0000,0.0000,0.0000,0.0000,-0.0038,-0.5329,0.0000,-0.1713,-0.0236,-0.6175,0.0000,0.0882,0.1297,-0.6626,-0.7241
2018,285,Gage Hutchison,Eastern Michigan,1,0,0.3325,19.0000,-0.3325,0.0000,-0.0148,0.0000,0.0000,0.0000,0.0000,0.0000,-0.2529,-0.0648,-0.1516,0.0000,-0.1809,0.0000,0.0000,0.0000,-0.2529,-0.3325
2018,285,Garrett Ryan,Columbia,3,1,0.9481,25.0000,0.0519,-0.0934,0.4825,0.0000,0.0000,0.0000,0.0000,0.0019,-0.3391,0.0000,-0.0711,-0.0934,0.4723,0.0000,-0.2559,0.7287,-1.0678,0.0519
2018,285,Jacob Kasper,Duke,6,4,3.8977,4.0000,0.1023,0.0908,-0.3780,0.0000,0.0000,0.3415,0.0000,0.0007,0.0579,-0.0106,-0.0553,0.0908,-0.8162,0.3415,0.5415,1.4352,-1.3773,0.1023
2018,285,Jake Gunning,Buffalo,1,0,0.2678,22.0000,-0.2678,0.0300,-0.1533,0.0000,0.0000,0.0000,0.0000,-0.0007,-0.1438,0.0000,-0.2045,0.0300,0.0377,0.0000,-0.1310,-0.1197,-0.0241,-0.2678
2018,285,Jeramy Sweany,Cornell,3,1,0.8820,,0.1180,-0.0464,0.6521,0.0000,0.0000,0.0000,0.0000,-0.0001,-0.4876,-0.0000,0.1438,-0.0464,0.4078,0.0000,-0.3872,0.9579,-1.4455,0.1180
2018,285,Jere Heino,Campbell,5,3,1.1960,17.0000,1.8040,-0.0411,1.1242,0.0000,0.0000,0.0000,0.0000,0.0057,0.7153,-0.0000,-0.6320,-0.0411,1.8390,0.0000,0.6382,1.6992,-0.9839,1.8040
2018,285,Jordan Wood,Lehigh,5,3,3.0921,10.0000,-0.0921,0.0428,-0.0674,0.0000,0.0000,-0.4687,0.0000,0.0007,0.6806,-0.2802,-0.0944,0.0428,-0.0287,-0.4687,0.4568,1.5153,-0.8348,-0.0921
2018,285,Kyle Snyder,Ohio State,5,5,4.3031,1.0000,0.6969,0.0031,-0.2349,0.0000,0.0000,0.0000,0.0000,0.0110,0.9177,0.0000,0.0065,0.0031,0.7043,0.0000,-0.0170,1.4279,-0.5102,0.6969
2018,285,Matt Stencel,Central Michigan,2,0,1.2497,16.0000,-1.2497,0.0760,-0.6514,0.0000,0.0000,0.0000,0.0000,-0.0005,-0.2908,-0.3829,-0.6900,0.0760,-0.6561,0.0000,0.0204,0.2932,-0.5839,-1.2497
2018,285,Matt Voss,George Mason,3,1,1.0617,31.0000,-0.0617,-0.0415,-0.1615,0.0000,0.0000,0.5000,0.0000,-0.0067,-0.3520,0.0000,-0.0704,-0.0415,-0.5280,0.5000,0.0782,0.3180,-0.6700,-0.0617
2018,285,Michael Boykin,NC State,3,1,1.3043,14.0000,-0.3043,-0.0233,0.2310,0.0000,0.0000,-0.3725,0.0000,-0.0004,-0.2039,0.0648,-0.0484,-0.0233,0.0383,-0.3725,0.1016,0.3469,-0.5508,-0.3043
2018,285,Mike Hughes,Hofstra,8,5,3.9606,11.0000,1.0394,-0.0602,0.6449,0.0000,0.0093,0.0000,0.0000,0.0008,0.5304,-0.0858,-0.1128,-0.0602,0.0692,0.0000,1.1432,1.0169,-0.4865,1.0394
2018,285,Nathan Butler,Stanford,4,2,2.0639,7.0000,-0.0639,0.0121,-0.1227,0.0000,0.0000,0.4687,0.0000,-0.0094,-0.4126,0.0000,-0.2727,0.0121,-0.4728,0.4687,0.2008,0.3229,-0.7355,-0.0639
2018,285,Nick Nevills,Penn State,6,4,4.7533,3.0000,-0.7533,0.0208,-0.4013,0.0000,0.0000,-0.1658,0.0000,0.0161,-0.2245,0.0015,-0.1567,0.0208,-0.2827,-0.1658,-0.1688,0.8611,-1.0857,-0.7533
2018,285,Ryan Solomon,Pittsburgh,3,1,0.7603,32.0000,0.2397,-0.0159,0.1121,0.0000,0.0000,0.0000,0.0000,0.0007,-0.2402,0.3829,0.1903,-0.0159,0.2081,0.0000,-0.1429,0.4291,-0.6693,0.2397
2018,285,Samuel Stoll,Iowa,8,6,5.4322,5.0000,0.5678,0.1297,0.3087,0.0000,0.0006,0.5383,0.0000,-0.0054,-0.3456,-0.0586,-0.6087,0.1297,-0.1803,0.5383,0.6887,1.0794,-1.4250,0.5678
2018,285,Shawn Streck,Purdue,4,2,1.0574,20.0000,0.9426,-0.1053,0.5777,0.0000,0.0000,-0.3415,0.0000,0.0198,0.7988,-0.0069,0.0476,-0.1053,1.6185,-0.3415,-0.2767,1.5128,-0.7140,0.9426
2018,285,Stephen Suglio,Kent State,2,0,0.5875,30.0000,-0.5875,0.0334,-0.0737,0.0000,0.0000,0.0000,0.0000,0.0002,-0.5459,-0.0015,-0.1463,0.0334,-0.5051,0.0000,0.0305,0.0893,-0.6352,-0.5875
2018,285,Tanner Hall,Arizona State,4,2,2.9266,8.0000,-0.9266,0.1384,-1.2395,0.0000,0.0000,-0.5104,0.0000,0.0071,0.6778,0.0000,0.4172,0.1384,-0.7728,-0.5104,-0.1990,1.8669,-1.1891,-0.9266
2018,285,Thomas Haines,Lock Haven,4,2,1.7727,15.0000,0.2273,0.0769,0.1793,0.0000,0.0000,0.0000,0.0000,0.0010,-0.0202,-0.0097,0.3998,0.0769,-0.8296,0.0000,0.5802,1.2770,-1.2972,0.2273
2018,285,Tyler Love,Virginia,2,0,0.7894,21.0000,-0.7894,0.0406,0.0107,0.0000,0.0000,-0.5000,0.0000,-0.0017,-0.3390,0.0000,-0.0147,0.0406,-0.3951,-0.5000,0.0798,0.1825,-0.5215,-0.7894
2018,285,William Miller,Edinboro,4,2,2.3501,13.0000,-0.3501,-0.0037,-0.4219,0.0000,-0.0093,0.0000,0.0000,-0.0219,0.1068,0.0000,-0.3748,-0.0037,0.0144,0.0000,0.0141,1.1092,-1.0024,-0.3501
2018,285,Youssif Hemida,Maryland,6,3,2.3311,12.0000,0.6689,-0.1584,-0.1529,0.0000,0.0000,0.0000,0.0000,-0.0193,0.7194,0.2802,-0.3850,-0.1584,0.9058,0.0000,0.3065,1.8190,-1.0997,0.6689
2019,125,Alex Mackall,Iowa State,4,2,1.8088,19.0000,0.1912,0.0048,0.0950,0.0000,0.0000,0.0000,0.0000,-0.0008,0.0098,0.0824,-0.3248,0.0048,0.2021,0.0000,0.3091,1.2744,-1.2647,0.1912
2019,125,Alonzo Allen,Chattanooga,2,0,0.5773,26.0000,-0.5773,-0.0281,-0.1396,0.0000,0.0000,-0.4810,0.0000,0.4806,-0.4091,-0.0002,-0.7116,-0.0281,0.4777,-0.4810,0.1656,0.4223,-0.8314,-0.5773
2019,125,Brent Fleetwood,North Dakota State,5,3,2.9129,10.0000,0.0871,-0.0100,0.1799,0.0000,0.0000,0.0199,0.0000,0.0560,-0.1587,0.0000,-0.2993,-0.0100,-0.7486,0.0199,1.1252,0.5455,-0.7042,0.0871
2019,125,Bryce West,Northern Illinois,2,0,0.3383,30.0000,-0.3383,-0.0005,0.0042,0.0000,0.0000,0.0000,0.0000,-0.0000,-0.2596,-0.0824,-0.1217,-0.0005,-0.0638,0.0000,-0.1523,0.2545,-0.5141,-0.3383
2019,125,Carmen Ferrante,Pennsylvania,3,1,1.0015,23.0000,-0.0015,-0.0156,0.2127,0.0000,0.0000,0.4810,0.0000,-0.4831,-0.1965,0.0000,-0.4421,-0.0156,-0.4930,0.4810,0.4682,1.2143,-1.4107,-0.0015
2019,125,Christian Moody,Oklahoma,2,0,0.3924,29.0000,-0.3924,0.0182,-0.0552,0.0000,0.0000,0.0000,0.0000,0.0002,-0.3370,-0.0186,-0.0904,0.0182,-0.5049,0.0000,0.1847,0.1851,-0.5221,-0.3924
2019,125,Cole Verner,Wyoming,3,1,1.1563,22.0000,-0.1563,0.0382,0.4392,0.0000,0.0000,0.0000,0.0000,0.0034,-0.6371,0.0000,0.0559,0.0382,-0.8608,0.0000,0.6104,1.3937,-2.0308,-0.1563
2019,125,Dack Punke,Missouri,2,0,0.5121,27.0000,-0.5121,-0.0402,-0.1562,0.0000,0.0000,0.0000,0.0000,-0.0023,-0.3134,0.0000,-0.2509,-0.0402,-0.0137,0.0000,-0.2072,0.1939,-0.5073,-0.5121
2019,125,Devin Schroder,Purdue,4,2,2.0533,17.0000,-0.0533,-0.0400,0.0592,0.0000,0.0000,-0.4449,0.0000,-0.0055,0.3778,0.0000,-0.2660,-0.0400,0.2249,-0.4449,0.4726,0.7657,-0.3879,-0.0533
2019,125,Drew Hildebrandt,Central Michigan,3,1,1.5038,13.0000,-0.5038,0.0008,-0.0631,0.0000,0.0000,0.0000,0.0065,0.0015,-0.4495,0.0000,-0.1757,0.0008,-0.8702,0.0000,0.5412,0.5683,-1.0178,-0.5038
2019,125,Drew Mattin,Michigan,4,2,1.6733,16.0000,0.3267,-0.1253,0.4971,0.0000,0.0000,0.0000,0.0000,0.0042,-0.0493,0.0000,0.2656,-0.1253,-0.0357,0.0000,0.2220,0.9204,-0.9697,0.3267
2019,125,Elijah Oliver,Indiana,3,1,1.2191,15.0000,-0.2191,-0.0099,-0.0275,0.0000,0.0000,0.0000,0.0000,-0.0004,-0.1813,0.0000,-0.4100,-0.0099,-0.1825,0.0000,0.3833,0.8779,-1.0592,-0.2191
2019,125,Gabe Townsell,Stanford,3,1,1.3915,20.0000,-0.3915,-0.0520,-0.1234,0.0000,0.0000,0.0000,-0.0065,-0.0013,-0.2079,-0.0004,-0.4291,-0.0520,0.1160,0.0000,-0.0264,0.4612,-0.6692,-0.3915
2019,125,Gage Curry,American,2,0,0.4504,28.0000,-0.4504,-0.0835,-0.0056,0.0000,0.0000,0.0000,0.0000,0.0000,-0.2959,-0.0654,-0.4894,-0.0835,0.2836,0.0000,-0.1610,0.2803,-0.5762,-0.4504
2019,125,Jack Mueller,Virginia,5,4,2.6345,5.0000,1.3655,-0.0360,0.4492,0.0000,0.0000,0.5170,0.0000,0.0398,0.3536,0.0419,-0.1640,-0.0360,0.3458,0.5170,0.7027,0.7694,-0.4158,1.3655
2019,125,Jay Schwarm,Northern Iowa,4,2,1.5788,21.0000,0.4212,0.0815,0.2138,0.0000,0.0000,0.0000,0.0000,0.0015,0.1009,0.0235,0.2244,0.0815,-0.8089,0.0000,0.9242,1.1445,-1.0437,0.4212
2019,125,Korbin Meink,Campbell,3,1,0.5127,31.0000,0.4873,0.0349,0.7183,0.0000,0.0000,0.0000,0.0000,0.0048,-0.2676,-0.0031,0.6795,0.0349,0.1115,0.0000,-0.3386,0.4521,-0.7197,0.4873
2019,125,Malik Heinselman,Ohio State,3,1,0.8498,25.0000,0.1502,-0.0265,0.1811,0.0000,0.0000,0.0000,0.0000,-0.0026,-0.0019,0.0000,-0.4215,-0.0265,0.5369,0.0000,0.0612,0.6357,-0.6375,0.1502
2019,125,Michael McGee,Old Dominion,5,3,2.6877,12.0000,0.3123,0.0096,0.1411,0.0000,0.0000,0.0000,0.0000,-0.0001,0.1617,0.0000,-0.7488,0.0096,0.6115,0.0000,0.4400,1.4489,-1.2872,0.3123
2019,125,Nicholas Piccininni,Oklahoma State,6,4,4.7876,2.0000,-0.7876,0.0330,-0.9167,0.0000,0.0000,0.0000,0.0000,0.0046,-0.7190,0.8104,-0.2201,0.0330,-1.3711,0.0000,0.7706,0.9236,-1.6426,-0.7876
2019,125,Pat Glory,Princeton,7,4,3.2686,7.0000,0.7314,-0.0333,1.1580,0.0000,0.0000,0.0000,0.0000,-0.0037,0.4175,-0.8071,-0.5343,-0.0333,1.0192,0.0000,0.2799,2.7411,-2.3235,0.7314
2019,125,RayVon Foley,Michigan State,7,5,3.8625,9.0000,1.1375,0.1672,0.0534,0.0000,0.0000,0.0000,0.0000,0.0034,0.9136,0.0000,0.3126,0.1672,0.5332,0.0000,0.1245,3.0471,-2.1335,1.1375
2019,125,Rico Montoya,Northern Colorado,2,0,0.7173,24.0000,-0.7173,0.0236,-0.2121,0.0000,0.0000,0.0000,0.0000,0.0000,-0.5289,-0.0000,-0.1677,0.0236,-0.8637,0.0000,0.2904,0.3076,-0.8366,-0.7173
2019,125,Ronnie Bresser,Oregon State,6,3,4.3569,4.0000,-1.3569,0.0440,-1.4600,0.0000,0.0000,-0.0920,0.0000,-0.1425,0.2748,0.0186,-1.4477,0.0440,-0.1638,-0.0920,0.3025,1.6311,-1.3563,-1.3569
2019,125,Sean Fausz,NC State,5,3,2.3880,14.0000,0.6120,0.0227,0.3281,0.0000,0.0000,0.0000,0.0000,0.0001,0.2607,0.0004,-0.1078,0.0227,0.2308,0.0000,0.4663,1.0931,-0.8325,0.6120
2019,125,Sean Russell,Minnesota,4,2,2.4965,6.0000,-0.4965,0.0157,-0.0151,0.0000,0.0000,0.0000,0.0000,0.0030,-0.5001,-0.0000,-0.1366,0.0157,-0.1517,0.0000,-0.2239,0.5655,-1.0656,-0.4965
2019,125,Sebastian Rivera,Northwestern,6,5,5.4099,1.0000,-0.4099,0.0407,-1.3965,0.0000,0.0000,0.0000,0.0000,-0.0362,0.9822,0.0000,-0.4580,0.0407,0.1301,0.0000,-0.1226,2.6662,-1.6840,-0.4099
2019,125,Spencer Lee,Iowa,5,5,3.4778,3.0000,1.5222,0.0208,0.1882,0.0000,0.0000,0.0000,0.0000,0.0042,1.3090,0.0000,-0.2812,0.0208,1.2031,0.0000,0.5795,1.5430,-0.2340,1.5222
2019,125,Travis Piotrowski,Illinois,3,1,1.7865,11.0000,-0.7865,-0.0016,-0.7607,0.0000,0.0000,0.0000,0.0000,-0.0067,-0.0175,0.0000,-0.3947,-0.0016,-0.0774,0.0000,-0.3127,1.2838,-1.3013,-0.7865
2019,125,Trey Chalifoux,Army West Point,2,0,0.2242,33.0000,-0.2242,-0.0007,-0.0226,0.0000,0.0000,0.0000,0.0000,0.0001,-0.2010,-0.0000,-0.0871,-0.0007,-0.1429,0.0000,0.0065,0.0083,-0.2093,-0.2242
2019,125,Vitali Arujau,Cornell,7,5,2.7936,8.0000,2.2064,-0.0455,1.4621,0.0000,0.0000,0.0000,0.0000,0.0831,0.7068,0.0000,-0.3275,-0.0455,1.6935,0.0000,0.8860,2.0158,-1.3090,2.2064
2019,125,Zeke Moisey,Nebraska,2,0,1.1762,18.0000,-1.1762,-0.0071,-1.0266,0.0000,0.0000,0.0000,0.0000,-0.0055,-0.1370,0.0000,-0.1399,-0.0071,-0.3674,0.0000,-0.6620,1.0830,-1.2200,-1.1762
2019,133,Anthony Cefolo,Rider,2,0,0.5121,27.0000,-0.5121,0.0622,-0.4442,0.0000,0.0000,0.0000,0.0000,-0.0317,-0.0984,0.0000,-0.0396,0.0622,0.0684,0.0000,-0.6030,0.3232,-0.4216,-0.5121
2019,133,Austin DeSanto,Iowa,7,5,3.7755,7.0000,1.2245,-0.2040,0.8434,0.0000,0.0000,0.5126,0.0000,-0.0667,0.1123,0.0268,-1.1329,-0.2040,1.6172,0.5126,0.4315,2.2923,-2.1800,1.2245
2019,133,Austin Gomez,Iowa State,5,3,2.3052,13.0000,0.6948,-0.0796,-0.0497,0.0000,0.0000,0.5081,0.0000,0.0085,0.3076,0.0000,-0.1041,-0.0796,0.2283,0.5081,0.1421,0.9254,-0.6178,0.6948
2019,133,Ben Thornton,Purdue,4,2,1.5923,15.0000,0.4077,-0.0091,0.0553,0.0000,0.0000,0.4788,0.0000,0.0055,-0.1228,0.0000,0.2628,-0.0091,-0.9933,0.4788,0.6685,1.1211,-1.2439,0.4077
2019,133,Brandon Paetzell,Lehigh,2,0,1.0216,20.0000,-1.0216,-0.0252,-0.3671,0.0000,0.0000,0.0000,0.0016,-0.0134,-0.6175,0.0000,-0.3275,-0.0252,-0.6005,0.0000,-0.0684,0.0801,-0.6976,-1.0216
2019,133,Cam Sykora,North Dakota State,3,1,1.2280,21.0000,-0.2280,-0.0231,0.1224,0.0000,0.0000,0.0000,0.0000,0.0006,-0.3279,-0.0000,0.3034,-0.0231,-1.0597,0.0000,0.5514,0.7451,-1.0729,-0.2280
2019,133,Charles Tucker,Cornell,3,1,2.1483,9.0000,-1.1483,-0.0691,-0.2262,0.0000,0.0000,0.0000,0.0000,0.0041,-0.8571,0.0000,-0.8092,-0.0691,-0.3109,0.0000,0.0410,0.3202,-1.1772,-1.1483
2019,133,Codi Russell,Appalachian State,3,1,1.0374,26.0000,-0.0374,-0.0578,-0.0757,0.0000,0.0000,0.0000,0.0000,-0.0001,-0.3886,0.4848,-0.0037,-0.0578,-0.6591,0.0000,0.6832,0.5777,-0.9663,-0.0374
2019,133,DJ Fehlman,Lock Haven,4,2,1.5524,24.0000,0.4476,0.0986,-0.1020,0.0000,0.0000,0.0000,0.0000,0.0445,0.4065,0.0000,0.1352,0.0986,-0.2562,0.0000,0.4700,0.9823,-0.5758,0.4476
2019,133,Daton Fix,Oklahoma State,5,4,4.3993,1.0000,-0.3993,-0.0012,-0.1927,0.0000,0.0000,-0.5852,0.0000,0.0113,0.3686,0.0000,0.0434,-0.0012,0.1257,-0.5852,0.0180,0.5226,-0.1540,-0.3993
2019,133,Derek Spann,Buffalo,2,0,0.3508,25.0000,-0.3508,0.0064,-0.1103,0.0000,0.0000,0.0000,0.0000,-0.0086,-0.2382,0.0000,-0.0825,0.0064,-0.3279,0.0000,0.0532,0.0597,-0.2979,-0.3508
2019,133,Devan Turner,Oregon State,1,0,0.2573,32.0000,-0.2573,-0.0245,-0.0354,0.0000,0.0000,0.0000,0.0000,-0.0000,-0.1974,0.0000,-0.0926,-0.0245,0.0552,0.0000,-0.1955,0.2800,-0.4774,-0.2573
2019,133,Dylan Duncan,Illinois,1,0,0.0479,30.0000,-0.0479,-0.0011,0.0066,0.0000,0.0000,0.0000,0.0000,-0.0012,-0.0522,0.0000,-0.0070,-0.0011,-0.0559,0.0000,0.0161,0.0183,-0.0705,-0.0479
2019,133,Ethan Lizak,Minnesota,6,4,3.9822,6.0000,0.0178,0.1026,0.2723,0.0000,0.0000,-0.5126,0.0000,0.0936,0.0648,-0.0028,-0.0643,0.1026,-0.4313,-0.5126,0.9235,1.2483,-1.1835,0.0178
2019,133,Gary Joint,Fresno State,3,1,0.6134,29.0000,0.3866,0.0281,0.3023,0.0000,0.0000,0.0000,-0.0016,0.0141,0.0495,-0.0058,-0.0373,0.0281,0.1872,0.0000,0.2087,0.4539,-0.4044,0.3866
2019,133,Gary Wayne Harding,North Carolina,2,0,1.1762,18.0000,-1.1762,-0.0146,-0.3271,0.0000,0.0000,-0.4788,0.0000,-0.0065,-0.3492,0.0000,-0.6063,-0.0146,0.0345,-0.4788,-0.1110,0.7096,-1.0588,-1.1762
2019,133,John Erneste,Missouri,7,4,3.5939,8.0000,0.4061,0.0943,0.1377,0.0000,0.0000,0.4710,0.0000,-0.1064,-0.1906,0.0000,0.1150,0.0943,-1.0982,0.4710,0.8240,1.7443,-1.9348,0.4061
2019,133,Josh Terao,American,3,1,1.4989,19.0000,-0.4989,0.0386,-0.1096,0.0000,0.0000,0.0000,0.0000,-0.0032,-0.4247,-0.0000,-0.0970,0.0386,-0.6290,0.0000,0.1886,0.5053,-0.9300,-0.4989
2019,133,Korbin Myers,Virginia Tech,4,2,1.9741,14.0000,0.0259,-0.0227,0.1284,0.0000,0.0000,0.0000,-0.0043,-0.0030,-0.0783,0.0058,-0.2572,-0.0227,0.2483,0.0000,0.0575,0.9214,-0.9998,0.0259
2019,133,Luke Pletcher,Ohio State,6,4,3.1352,5.0000,0.8648,-0.0104,-0.0090,0.0000,0.0000,0.0000,0.0000,0.0050,0.8792,0.0000,-0.2045,-0.0104,0.8877,0.0000,0.1920,2.0416,-1.1624,0.8648
2019,133,Mario Guillen,Ohio,2,0,0.7911,23.0000,-0.7911,0.0001,0.0284,0.0000,0.0000,0.0000,0.0000,0.0006,-0.3086,-0.5116,-0.5366,0.0001,0.0111,0.0000,-0.2657,0.5625,-0.8711,-0.7911
2019,133,Mason Pengilly,Stanford,5,3,0.9576,31.0000,2.0424,-0.0129,1.4491,0.0000,0.0000,0.0000,0.0000,-0.0414,0.6476,0.0000,0.9120,-0.0129,0.8934,0.0000,0.2498,1.2109,-0.5633,2.0424
2019,133,Matthew Schmitt,West Virginia,3,1,1.3485,16.0000,-0.3485,-0.0439,-0.5720,0.0000,0.0000,0.0000,0.0000,0.0040,0.2633,0.0000,-0.0733,-0.0439,0.3883,0.0000,-0.6196,0.5837,-0.3204,-0.3485
2019,133,Micky Phillippi,Pittsburgh,4,2,2.9914,4.0000,-0.9914,0.2107,-0.8024,0.0000,0.0000,0.0000,0.0000,0.0021,-0.4019,0.0000,-0.1243,0.2107,-1.5008,0.0000,0.4230,0.6142,-1.0161,-0.9914
2019,133,Montorie Bridges,Wyoming,4,2,2.2064,12.0000,-0.2064,-0.0390,0.0559,0.0000,0.0000,-0.5081,0.0000,-0.0091,0.2940,0.0000,-0.1901,-0.0390,0.4004,-0.5081,0.1304,1.3816,-1.0876,-0.2064
2019,133,Nick Suriano,Rutgers,5,5,3.1106,3.0000,1.8894,0.0071,0.4086,0.0000,0.0000,0.5852,0.0043,0.0063,0.8751,0.0028,0.3102,0.0071,0.6396,0.5852,0.3473,1.2901,-0.4151,1.8894
2019,133,Noah Gonser,Campbell,3,1,1.1563,22.0000,-0.1563,-0.0837,0.4722,0.0000,0.0000,0.0000,0.0000,0.0122,-0.5569,0.0000,0.4462,-0.0837,-0.7666,0.0000,0.2479,0.4885,-1.0454,-0.1563
2019,133,Roman Bravo-Young,Penn State,7,4,3.3464,10.0000,0.6536,-0.0465,-0.0135,0.0000,0.0000,0.0000,0.0000,-0.0117,0.7253,0.0000,-0.8549,-0.0465,1.2920,0.0000,0.2630,2.5865,-1.8613,0.6536
2019,133,Sean Nickell,CSU Bakersfield,3,1,1.7213,17.0000,-0.7213,0.0699,-0.2305,0.0000,0.0000,0.0000,0.0000,-0.0094,-0.5514,0.0000,-0.6737,0.0699,0.0189,0.0000,-0.1365,0.4018,-0.9532,-0.7213
2019,133,Stevan Micic,Michigan,6,5,4.7214,2.0000,0.2786,0.0038,-0.1944,0.0000,0.0000,0.0000,0.0000,-0.0135,0.4827,0.0000,-0.2497,0.0038,0.2920,0.0000,0.2325,0.9281,-0.4454,0.2786
2019,133,Tariq Wilson,NC State,5,3,2.7724,11.0000,0.2276,0.0091,-0.1802,0.0000,0.0000,-0.4710,0.0000,0.1168,0.7529,0.0000,-0.4654,0.0091,1.1994,-0.4710,-0.0446,2.0502,-1.2973,0.2276
2019,133,Tim Rooney,Kent State,2,0,0.4504,28.0000,-0.4504,0.0357,-0.2317,0.0000,0.0000,0.0000,0.0000,-0.0023,-0.2520,0.0000,-0.3826,0.0357,0.2428,0.0000,-0.3462,0.3362,-0.5882,-0.4504
2019,133,Zack Trampe,Binghamton,2,0,0.2242,33.0000,-0.2242,0.0010,-0.0089,0.0000,0.0000,0.0000,0.0000,-0.0008,-0.2155,0.0000,-0.0930,0.0010,-0.1410,0.0000,0.0088,0.0106,-0.2261,-0.2242
2019,141,Anthony Sparacio,Binghamton,2,0,0.3077,27.0000,-0.3077,-0.1076,0.4107,0.0000,0.0000,0.0000,0.0000,-0.0000,-0.6109,0.0000,0.3528,-0.1076,0.3808,0.0000,-0.9338,0.6069,-1.2178,-0.3077
2019,141,Austin Headlee,North Carolina,3,1,1.1126,21.0000,-0.1126,-0.0392,0.2366,0.0000,0.0000,0.0000,0.0000,0.0039,-0.3964,0.0825,-0.1976,-0.0392,-0.0929,0.0000,0.2172,0.9858,-1.3822,-0.1126
2019,141,Bryan Lantry,Buffalo,2,0,1.1762,18.0000,-1.1762,0.0102,-0.1354,0.0000,0.0000,0.0000,0.0000,-0.0043,-0.3848,-0.6620,-0.7081,0.0102,-0.2195,0.0000,-0.2589,0.7805,-1.1653,-1.1762
2019,141,Cameron Kelly,Ohio,3,1,1.4432,12.0000,-0.4432,-0.0069,-0.1519,0.0000,0.0000,0.0000,0.0000,-0.0038,-0.0712,-0.2094,-0.1612,-0.0069,-0.2217,0.0000,-0.0534,1.0795,-1.1507,-0.4432
2019,141,Chad Red,Nebraska,7,4,2.9668,16.0000,1.0332,0.0475,0.5769,0.0000,0.0000,0.0000,0.0000,-0.0039,0.1419,0.2709,-0.2841,0.0475,0.0372,0.0000,1.2326,0.8395,-0.6976,1.0332
2019,141,Chris Debien,Chattanooga,2,0,0.4504,28.0000,-0.4504,0.0230,-0.0839,0.0000,0.0000,0.0000,0.0000,0.0000,-0.3070,-0.0825,-0.2054,0.0230,-0.4755,0.0000,0.2075,0.2086,-0.5156,-0.4504
2019,141,Corey Shie,Army West Point,2,0,0.3924,29.0000,-0.3924,-0.0017,0.0553,0.0000,0.0000,0.0000,0.0000,-0.0016,-0.4444,0.0000,-0.1405,-0.0017,-0.1465,0.0000,-0.1036,0.3610,-0.8054,-0.3924
2019,141,Dom Demas,Oklahoma,7,5,3.3259,9.0000,1.6741,-0.0102,0.3381,0.0000,0.0000,0.0000,0.0000,-0.0113,1.3574,0.0000,-1.2333,-0.0102,2.5234,0.0000,0.3942,3.0968,-1.7393,1.6741
2019,141,Grant Willits,Oregon State,3,1,0.5127,31.0000,0.4873,-0.0146,0.0522,0.0000,0.0000,0.0000,0.0000,0.0001,-0.2124,0.6620,0.2528,-0.0146,-0.3633,0.0000,0.6124,0.7737,-0.9861,0.4873
2019,141,Ian Parker,Iowa State,3,1,1.7213,17.0000,-0.7213,0.0043,-0.3856,0.0000,0.0000,0.0000,0.0000,-0.0010,-0.0681,-0.2709,-0.3864,0.0043,-0.2222,0.0000,-0.1169,0.2784,-0.3465,-0.7213
2019,141,Jamel Morris,NC State,4,2,2.0278,14.0000,-0.0278,0.0705,0.0266,0.0000,0.0000,0.0000,0.0000,0.0011,-0.1259,0.0000,-0.4813,0.0705,-0.1849,0.0000,0.5681,1.7410,-1.8668,-0.0278
2019,141,Jaydin Eierman,Missouri,6,5,3.7851,5.0000,1.2149,-0.0584,0.5948,0.0000,0.0000,0.0000,0.0000,0.0115,0.6670,0.0000,0.0629,-0.0584,0.7845,0.0000,0.4259,2.0222,-1.3552,1.2149
2019,141,Joey McKenna,Ohio State,5,4,3.5537,2.0000,0.4463,0.0076,0.7713,0.0000,0.0000,-0.4440,0.0000,0.0043,0.1070,0.0000,0.0117,0.0076,0.2964,-0.4440,0.5746,1.4005,-1.2936,0.4463
2019,141,Josh Alber,Northern Iowa,3,1,2.5143,4.0000,-1.5143,-0.0340,-0.4796,0.0000,0.0000,0.0000,0.0000,-0.0008,-1.0000,0.0000,-1.3082,-0.0340,0.0348,0.0000,-0.2070,0.4489,-1.4490,-1.5143
2019,141,Josh Finesilver,Duke,2,0,0.6459,25.0000,-0.6459,0.0139,0.0673,0.0000,0.0000,0.0000,0.0000,0.0015,-0.5555,-0.1730,-0.2822,0.0139,-0.3198,0.0000,-0.0577,0.4279,-0.9834,-0.6459
2019,141,Kaid Brock,Oklahoma State,5,3,2.3353,15.0000,0.6647,0.2162,-0.2025,0.0000,0.0000,0.0000,0.0000,0.0130,0.6379,0.0000,-1.2156,0.2162,1.4741,0.0000,0.1900,2.4012,-1.7633,0.6647
2019,141,Kanen Storr,Michigan,4,2,2.6332,8.0000,-0.6332,-0.0206,-0.8028,0.0000,0.0000,0.0000,0.0000,0.0003,0.1899,0.0000,-0.5958,-0.0206,-0.0507,0.0000,0.0338,1.4817,-1.2919,-0.6332
2019,141,Kyle Shoop,Lock Haven,6,4,2.6361,13.0000,1.3639,-0.1758,1.1170,0.0000,0.0000,0.0000,0.0000,0.0110,0.4117,0.0000,0.1476,-0.1758,-0.9099,0.0000,2.3020,3.3080,-2.8963,1.3639
2019,141,Matt Findlay,Utah Valley,5,3,1.9351,20.0000,1.0649,0.0931,-0.6590,0.0000,0.0000,0.0000,0.0000,-0.1119,1.2559,0.4867,0.3398,0.0931,0.0846,0.0000,0.5474,2.6618,-1.4059,1.0649
2019,141,Max Murin,Iowa,4,2,0.8879,22.0000,1.1121,-0.0379,1.1767,0.0000,0.0000,0.0000,0.0000,0.0371,-0.0638,0.0000,-0.4639,-0.0379,1.1720,0.0000,0.4419,1.0414,-1.1052,1.1121
2019,141,Michael Carr,Illinois,4,2,3.3821,6.0000,-1.3821,0.0339,-0.7229,0.0000,0.0000,0.0000,0.0000,-0.0375,-0.1688,-0.4867,-0.6958,0.0339,-0.7591,0.0000,0.0389,0.7302,-0.8990,-1.3821
2019,141,Mitch McKee,Minnesota,7,4,4.0019,7.0000,-0.0019,-0.0277,0.2898,0.0000,0.0000,0.0000,0.0000,0.0031,-0.2540,-0.0131,-0.2463,-0.0277,-0.1801,0.0000,0.4521,1.2966,-1.5506,-0.0019
2019,141,Mitch Moore,Virginia Tech,3,1,1.1972,24.0000,-0.1972,0.0006,-0.3343,0.0000,0.0000,0.0000,0.0000,-0.0003,-0.0362,0.1730,-0.5195,0.0006,0.1350,0.0000,0.1868,0.6761,-0.7124,-0.1972
2019,141,Nate Limmex,Purdue,2,0,0.2551,30.0000,-0.2551,0.0142,0.0211,0.0000,0.0000,0.0000,0.0000,-0.0010,-0.2860,-0.0034,-0.0968,0.0142,0.0118,0.0000,-0.1842,0.3111,-0.5971,-0.2551
2019,141,Nicholas Gil,Navy,3,1,2.0145,10.0000,-1.0145,-0.0710,-0.4315,0.0000,0.0000,0.0000,0.0000,0.0013,-0.5134,0.0000,-0.3443,-0.0710,-0.2640,0.0000,-0.3352,0.2174,-0.7308,-1.0145
2019,141,Nick Lee,Penn State,6,4,4.6088,3.0000,-0.6088,0.0927,-0.7278,0.0000,0.0000,0.0000,0.0000,-0.0025,0.0059,0.0230,-0.5018,0.0927,-0.8094,0.0000,0.6096,1.6803,-1.6744,-0.6088
2019,141,Pete Lipari,Rutgers,2,0,0.2242,33.0000,-0.2242,-0.0016,-0.0108,0.0000,0.0000,0.0000,0.0000,-0.0018,-0.2100,-0.0000,-0.0753,-0.0016,-0.1449,0.0000,-0.0025,0.0097,-0.2197,-0.2242
2019,141,Sa`Derian Perry,Old Dominion,3,1,1.0201,19.0000,-0.0201,-0.1044,0.4517,0.0000,0.0000,0.0000,0.0000,0.1055,-0.4665,-0.0064,0.1348,-0.1044,0.2702,0.0000,-0.3206,0.6277,-1.0942,-0.0201
2019,141,Sam Krivus,Virginia,2,0,0.3285,26.0000,-0.3285,0.0387,-0.1572,0.0000,0.0000,0.0000,0.0000,-0.0117,-0.1981,-0.0001,-0.1965,0.0387,-0.1573,0.0000,-0.0134,-0.0911,-0.1070,-0.3285
2019,141,Sam Turner,Wyoming,4,2,1.2552,23.0000,0.7448,0.0310,1.0910,0.0000,0.0000,0.0000,0.0000,-0.0004,-0.3768,0.0000,0.6918,0.0310,-0.9484,0.0000,0.9704,0.6801,-1.0569,0.7448
2019,141,Tristan Moran,Wisconsin,5,3,3.0143,11.0000,-0.0143,0.0601,-1.2373,0.0000,0.0000,0.0000,0.0000,-0.0049,0.9584,0.2094,0.7953,0.0601,-1.2844,0.0000,0.4147,2.7401,-1.7816,-0.0143
2019,141,Yianni Diakomihalis,Cornell,5,5,4.3345,1.0000,0.6655,-0.0457,-0.7549,0.0000,0.0000,0.4440,0.0000,0.0052,1.0169,0.0000,-0.1736,-0.0457,0.5498,0.4440,-0.1088,2.1616,-1.1446,0.6655
2019,149,Anthony Artalona,Pennsylvania,5,3,3.2232,13.0000,-0.2232,0.0199,-1.0239,0.0000,0.0000,0.4003,0.0000,-0.0279,0.4084,0.0000,-0.4208,0.0199,0.1891,0.4003,-0.4116,2.3062,-1.8978,-0.2232
2019,149,Anthony Ashnault,Rutgers,5,5,4.3220,1.0000,0.6780,0.0399,0.2467,0.0000,0.0000,0.0000,0.0000,0.0034,0.3880,0.0000,0.1092,0.0399,0.0170,0.0000,0.5120,0.5404,-0.1524,0.6780
2019,149,Austin O`Connor,North Carolina,6,5,2.8904,6.0000,2.1096,0.1237,0.5412,0.0000,0.0000,0.5526,0.0000,0.0080,0.8840,0.0000,0.4516,0.1237,0.5281,0.5526,0.4535,2.5180,-1.6339,2.1096
2019,149,Brady Berge,Penn State,4,2,2.4316,12.0000,-0.4316,-0.1140,0.0374,0.0000,0.0000,-0.5578,0.0000,0.0030,0.1998,0.0000,-0.1709,-0.1140,0.3835,-0.5578,0.0275,0.7658,-0.5660,-0.4316
2019,149,Brock Mauller,Missouri,7,4,4.9920,4.0000,-0.9920,-0.0570,-0.6299,0.0000,0.0000,0.3856,0.0000,-0.0059,-0.6848,0.0000,-0.0879,-0.0570,-0.9961,0.3856,-0.2366,1.6692,-2.3539,-0.9920
2019,149,Christian Monserrat,West Virginia,3,1,1.7213,17.0000,-0.7213,0.0219,0.0836,-0.4929,0.0000,0.0000,0.0000,0.0509,-0.3848,0.0000,0.4598,0.0219,-1.3529,0.0000,0.1499,0.6071,-0.9919,-0.7213
2019,149,Cole Martin,Wisconsin,3,1,0.8656,19.0000,0.1344,-0.0433,0.2407,0.0000,0.0000,0.5354,0.0000,-0.0028,-0.5957,0.0000,-0.2272,-0.0433,-0.2685,0.5354,0.1379,0.8057,-1.4014,0.1344
2019,149,Cortlandt Schuyler,Lehigh,2,0,0.7173,24.0000,-0.7173,0.0302,-0.1948,0.0000,0.0000,0.0000,0.0000,-0.0003,-0.5524,0.0000,-0.2085,0.0302,-0.2309,0.0000,-0.3081,1.3420,-1.8944,-0.7173
2019,149,Davion Jeffries,Oklahoma,3,1,1.1174,16.0000,-0.1174,-0.0304,-0.1182,0.4929,0.0000,0.0000,0.0000,-0.0518,-0.4099,0.0000,0.0004,-0.0304,0.2361,0.0000,-0.3235,0.3663,-0.7762,-0.1174
2019,149,Henry Pohlmeyer,South Dakota State,2,0,0.8669,22.0000,-0.8669,-0.0327,-0.2098,0.0000,0.0000,0.0000,0.0000,-0.0043,-0.4548,-0.1654,0.0998,-0.0327,-0.7813,0.0000,-0.1527,0.5202,-0.9750,-0.8669
2019,149,Jared Prince,Navy,5,3,2.0376,18.0000,0.9624,0.0335,0.3935,0.0000,0.0000,0.0000,0.0000,0.0024,0.5330,0.0000,0.1941,0.0335,-0.1743,0.0000,0.9091,2.8588,-2.3258,0.9624
2019,149,Jarrett Degen,Iowa State,6,4,3.0150,8.0000,0.9850,0.0433,0.6188,0.0000,0.0000,0.0000,0.0000,0.0239,0.2990,0.0000,0.7139,0.0433,0.1248,0.0000,0.1030,3.7862,-3.4872,0.9850
2019,149,Joshua Heil,Campbell,3,1,1.8864,11.0000,-0.8864,0.0377,-0.4245,0.0000,0.0000,-0.6156,0.0000,0.0251,-0.0744,0.1654,0.0800,0.0377,0.0885,-0.6156,-0.4770,0.8308,-0.9053,-0.8864
2019,149,Joshua Maruca,Arizona State,3,1,0.6099,23.0000,0.3901,-0.0167,0.3616,0.0000,0.0000,0.0000,0.0000,-0.0018,0.0470,0.0000,-0.4393,-0.0167,0.2821,0.0000,0.5641,0.7943,-0.7473,0.3901
2019,149,Justin Oliver,NC State,4,2,2.7723,9.0000,-0.7723,0.0075,-0.4487,0.0000,0.0000,0.0000,0.0000,0.0025,-0.3336,0.0000,-0.8924,0.0075,0.4909,0.0000,-0.3783,2.5370,-2.8706,-0.7723
2019,149,Kaden Gfeller,Oklahoma State,2,0,1.6945,7.0000,-1.6945,0.0522,-0.7408,0.0000,0.0000,-0.6415,0.0000,-0.0063,-0.3581,0.0000,-0.3599,0.0522,-0.9142,-0.6415,0.1688,0.2608,-0.6189,-1.6945
2019,149,Khristian Olivas,Fresno State,2,0,0.9439,21.0000,-0.9439,-0.0174,-0.7437,0.0000,0.0000,0.0000,0.0000,-0.0108,-0.1721,0.0000,-0.3573,-0.0174,-0.1224,0.0000,-0.4469,0.3455,-0.5176,-0.9439
2019,149,Malik Amine,Michigan,2,0,0.2242,33.0000,-0.2242,-0.0215,0.0324,0.0000,0.0000,0.0000,0.0000,-0.0025,-0.2327,0.0000,-0.1650,-0.0215,0.2628,0.0000,-0.3005,0.2822,-0.5149,-0.2242
2019,149,Matthew Kolodzik,Princeton,6,4,3.0808,5.0000,0.9192,-0.0349,0.0777,0.0000,0.0000,0.0000,0.0000,-0.0029,0.8793,0.0000,-0.8529,-0.0349,1.7091,0.0000,0.0979,1.4013,-0.5220,0.9192
2019,149,Matthew Zovistoski,Appalachian State,2,0,0.2712,29.0000,-0.2712,-0.0061,-0.0190,0.0000,0.0000,0.0000,0.0000,-0.0035,-0.2426,-0.0000,-0.0859,-0.0061,-0.1918,0.0000,0.0126,0.0176,-0.2602,-0.2712
2019,149,Max Thomsen,Northern Iowa,5,3,2.1048,15.0000,0.8952,0.0054,0.1430,0.0000,0.0000,-0.3856,0.0000,0.0091,1.1233,0.0000,-0.0543,0.0054,1.0227,-0.3856,0.3070,2.3874,-1.2641,0.8952
2019,149,Micah Jordan,Ohio State,5,4,3.7633,2.0000,0.2367,-0.0488,-0.0429,0.0000,0.0000,0.0000,0.0000,0.0073,0.3211,0.0000,-0.5599,-0.0488,0.7427,0.0000,0.1027,0.9960,-0.6749,0.2367
2019,149,Michael Sprague,American,4,2,0.8525,28.0000,1.1475,-0.0271,1.0682,0.0000,0.0000,0.2153,0.0000,-0.0228,-0.0861,0.0000,0.6519,-0.0271,-0.0906,0.2153,0.3980,0.3627,-0.4487,1.1475
2019,149,Mitch Finesilver,Duke,7,5,5.4387,3.0000,-0.4387,-0.0355,-0.0715,0.0000,0.0000,-0.5526,0.0000,0.0058,0.2151,0.0000,-0.1123,-0.0355,-0.0670,-0.5526,0.3287,1.3772,-1.1620,-0.4387
2019,149,Parker Kropman,Drexel,1,0,0.0479,30.0000,-0.0479,0.0016,-0.0059,0.0000,0.0000,0.0000,0.0000,-0.0024,-0.0412,-0.0000,-0.0180,0.0016,-0.0386,0.0000,0.0072,0.0073,-0.0485,-0.0479
2019,149,Pat Lugo,Iowa,6,3,3.1317,10.0000,-0.1317,-0.0019,-0.2900,0.0000,0.0000,0.3879,0.0000,-0.0052,-0.2225,0.0000,0.1037,-0.0019,-0.4534,0.3879,-0.1680,1.8923,-2.1149,-0.1317
2019,149,Requir van der Merwe,Stanford,3,1,2.0592,14.0000,-1.0592,-0.0029,-0.5819,0.0000,0.0000,-0.5354,0.0000,0.0069,0.0542,0.0000,-0.1537,-0.0029,-0.6090,-0.5354,0.2418,1.1387,-1.0846,-1.0592
2019,149,Russell Rohlfing,CSU Bakersfield,4,2,1.4666,25.0000,0.5334,-0.0633,0.1346,0.0000,0.0000,0.0000,0.0000,0.0002,0.3995,0.0624,0.0227,-0.0633,0.2180,0.0000,0.3560,1.8791,-1.4795,0.5334
2019,149,Ryan Blees,Virginia Tech,3,1,0.8085,26.0000,0.1915,-0.0211,0.3959,0.0000,0.0000,0.2536,0.0000,0.0121,-0.3865,-0.0624,-0.1198,-0.0211,0.1870,0.2536,-0.1080,0.3722,-0.7588,0.1915
2019,149,Shayne Oster,Northwestern,2,0,0.2879,31.0000,-0.2879,-0.0124,-0.0345,0.0000,0.0000,0.0000,0.0000,-0.0023,-0.2386,-0.0000,-0.0602,-0.0124,-0.3085,0.0000,0.0933,0.1088,-0.3474,-0.2879
2019,149,Tanner Smith,Chattanooga,1,0,0.1812,32.0000,-0.1812,0.0033,-0.0215,0.0000,0.0000,0.0000,0.0000,-0.0001,-0.1629,0.0000,-0.0422,0.0033,-0.1362,0.0000,-0.0060,0.0000,-0.1629,-0.1812
2019,149,Tejon Anthony,George Mason,3,1,0.7262,27.0000,0.2738,-0.0086,0.2810,0.0000,0.0000,0.0000,0.0000,-0.0066,0.0080,0.0000,-0.0875,-0.0086,0.1360,0.0000,0.2339,0.1937,-0.1857,0.2738
2019,149,Thomas Thorn,Minnesota,5,3,1.4482,20.0000,1.5518,0.1754,0.9454,0.0000,0.0000,0.5578,0.0000,-0.0005,-0.1263,0.0000,0.3867,0.1754,0.1173,0.5578,0.3146,1.7245,-1.8508,1.5518
2019,157,Alec Pantaleo,Michigan,7,6,4.9290,4.0000,1.0710,0.0493,0.6277,0.0000,0.0000,-0.5170,0.0000,0.0050,0.9060,0.0000,-0.2808,0.0493,1.4970,-0.5170,0.3225,1.6549,-0.7489,1.0710
2019,157,Alex Smythe,Buffalo,2,0,0.2712,29.0000,-0.2712,0.0031,-0.0719,0.0000,0.0000,0.0000,0.0000,-0.0039,-0.1985,0.0000,-0.0415,0.0031,-0.3434,0.0000,0.1106,0.1210,-0.3194,-0.2712
2019,157,BC LaPrade,Virginia Tech,3,1,1.7213,17.0000,-0.7213,0.0277,-0.3658,0.0000,0.0000,0.0000,0.0000,-0.0061,-0.3772,0.0000,-0.7223,0.0277,0.0118,0.0000,-0.0385,0.7286,-1.1057,-0.7213
2019,157,Ben Anderson,Duke,2,0,0.2242,33.0000,-0.2242,-0.0210,-0.0009,0.0000,0.0000,0.0000,0.0000,-0.0000,-0.1964,-0.0059,-0.0529,-0.0210,-0.2355,0.0000,0.0851,0.0993,-0.2958,-0.2242
2019,157,Benjamin Barton,Campbell,2,0,0.2879,31.0000,-0.2879,-0.0087,-0.0086,0.0000,0.0000,0.0000,0.0000,-0.0003,-0.2703,-0.0000,-0.0952,-0.0087,-0.1949,0.0000,0.0110,0.0180,-0.2884,-0.2879
2019,157,Chase Straw,Iowa State,3,1,0.9805,23.0000,0.0195,0.0131,-0.0032,0.0000,0.0000,0.4810,0.0000,0.0059,-0.4773,0.0000,0.5304,0.0131,-0.9165,0.4810,-0.0884,0.3950,-0.8723,0.0195
2019,157,Christian Labrie,Brown,2,0,0.2551,30.0000,-0.2551,-0.0721,0.7438,0.0000,0.0000,0.0000,0.0000,0.0049,-0.9317,0.0000,-0.3527,-0.0721,0.4486,0.0000,-0.2789,1.0731,-2.0047,-0.2551
2019,157,Christian Pagdilao,Arizona State,6,4,2.6903,9.0000,1.3097,0.0719,0.6998,0.0000,0.0000,0.0000,0.0000,-0.0005,0.5385,-0.0000,0.0244,0.0719,0.9540,0.0000,0.2593,2.5648,-2.0264,1.3097
2019,157,Dan Reed,Columbia,3,1,0.8935,27.0000,0.1065,-0.0068,0.1962,0.0000,0.0000,0.0000,0.0000,0.0082,-0.0910,-0.0001,-0.5491,-0.0068,0.5139,0.0000,0.1485,1.7673,-1.8582,0.1065
2019,157,Eric Barone,Illinois,4,2,1.5923,15.0000,0.4077,0.0231,0.4123,0.0000,0.0000,-0.4591,0.0000,0.0167,0.4152,-0.0005,-0.2685,0.0231,1.0318,-0.4591,0.0804,1.1958,-0.7806,0.4077
2019,157,Griffin Parriott,Purdue,4,2,1.2087,19.0000,0.7913,0.0427,0.6760,0.0000,0.0000,-0.4488,0.0000,0.0135,0.5080,0.0000,-0.1525,0.0427,1.0032,-0.4488,0.3467,0.9593,-0.4513,0.7913
2019,157,Hayden Hidlay,NC State,6,4,3.2129,5.0000,0.7871,0.0056,-0.3260,0.0000,0.0000,0.5170,0.0000,0.0046,0.5859,0.0000,-0.0664,0.0056,0.0776,0.5170,0.2533,1.3850,-0.7991,0.7871
2019,157,Hunter Willits,Oregon State,2,0,0.2887,28.0000,-0.2887,-0.0307,0.0756,0.0000,0.0000,0.0000,0.0000,-0.0014,-0.3322,0.0000,-0.1841,-0.0307,0.3665,0.0000,-0.4404,0.3940,-0.7262,-0.2887
2019,157,Jarrett Jacques,Missouri,3,1,2.0817,13.0000,-1.0817,-0.0019,-0.5649,0.0000,0.0000,0.0000,0.0000,-0.0119,-0.5029,0.0000,-0.5134,-0.0019,-0.5163,0.0000,-0.0501,0.2544,-0.7574,-1.0817
2019,157,Jason Nolf,Penn State,5,5,4.3345,1.0000,0.6655,0.0138,0.0837,0.0000,0.0000,0.0000,0.0000,-0.0016,0.5637,0.0059,-0.2168,0.0138,0.7195,0.0000,0.1490,0.8139,-0.2502,0.6655
2019,157,John Van Brill,Rutgers,4,2,1.4140,16.0000,0.5860,0.0093,0.4328,0.0000,0.0000,0.0000,0.0000,0.0033,0.1382,0.0023,0.1192,0.0093,-0.5135,0.0000,0.9710,0.7594,-0.6212,0.5860
2019,157,Josh Humphreys,Lehigh,5,3,3.1555,8.0000,-0.1555,-0.0374,-0.3471,0.0000,0.0000,0.0000,0.0000,-0.0054,0.2344,0.0000,-0.1653,-0.0374,0.2861,0.0000,-0.2389,1.2633,-1.0289,-0.1555
2019,157,Joshua McClure,North Carolina,2,0,0.7173,24.0000,-0.7173,0.0042,-0.2276,0.0000,0.0000,0.0000,0.0000,-0.0190,-0.4749,0.0000,-0.2814,0.0042,-0.4281,0.0000,-0.0121,0.0077,-0.4827,-0.7173
2019,157,Justin Ruffin,SIU Edwardsville,3,1,0.8498,25.0000,0.1502,-0.0213,0.6184,0.0000,0.0000,-0.3939,0.0000,0.0068,-0.0598,0.0000,0.5948,-0.0213,-0.0182,-0.3939,-0.0112,0.9099,-0.9697,0.1502
2019,157,Justin Thomas,Oklahoma,5,3,1.6129,21.0000,1.3871,0.0313,0.1600,-0.3884,0.0000,0.0000,0.0000,0.0147,1.5696,-0.0000,0.0710,0.0313,0.9213,0.0000,0.3636,2.4106,-0.8410,1.3871
2019,157,Kaleb Young,Iowa,6,4,2.8904,6.0000,1.1096,-0.0222,0.0829,0.0000,0.0000,1.1053,0.0000,0.0070,-0.0635,0.0001,-0.5494,-0.0222,0.2739,1.1053,0.3021,2.1124,-2.1758,1.1096
2019,157,Ke-Shawn Hayes,Ohio State,3,1,1.5975,11.0000,-0.5975,-0.0024,-0.1645,0.0000,0.0000,0.0000,0.0000,0.0016,-0.4323,0.0000,-0.2600,-0.0024,-0.4990,0.0000,0.1638,0.2762,-0.7085,-0.5975
2019,157,Larry Early,Old Dominion,6,3,3.3715,7.0000,-0.3715,-0.1093,-0.3448,0.3884,0.0000,0.0000,0.0000,-0.0108,-0.2949,0.0000,-0.4581,-0.1093,-0.3046,0.0000,0.5005,0.9315,-1.2264,-0.3715
2019,157,Logan Parks,Central Michigan,3,1,1.6322,18.0000,-0.6322,-0.0101,-0.3099,0.0000,0.0000,0.0000,0.0000,-0.0017,-0.3082,-0.0023,-0.4451,-0.0101,-0.1548,0.0000,-0.0223,0.4959,-0.8041,-0.6322
2019,157,Luke Weiland,Army West Point,3,1,0.8461,20.0000,0.1539,-0.0759,0.6027,0.0000,0.0000,0.0000,0.0000,-0.0001,-0.3729,0.0000,-0.0166,-0.0759,0.0621,0.0000,0.1843,0.8069,-1.1798,0.1539
2019,157,Quincy Monday,Princeton,2,0,0.5773,26.0000,-0.5773,0.0477,-0.1311,0.0000,0.0000,-0.4810,0.0000,-0.0053,-0.0076,0.0000,0.0018,0.0477,0.5910,-0.4810,-0.7368,0.3480,-0.3556,-0.5773
2019,157,Ryan Deakin,Northwestern,7,4,5.2052,3.0000,-1.2052,0.0128,-0.1463,0.0000,0.0000,-1.1053,0.0000,0.0055,0.0280,0.0000,-0.0548,0.0128,-0.8490,-1.1053,0.7911,2.1588,-2.1308,-1.2052
2019,157,Steve Bleise,Minnesota,5,3,2.8715,10.0000,0.1285,-0.0336,-0.5127,0.0000,0.0000,0.8530,0.0000,-0.0064,-0.1719,0.0000,0.0703,-0.0336,-0.5252,0.8530,-0.2360,1.4808,-1.6526,0.1285
2019,157,Taleb Rahmani,Pittsburgh,5,3,3.0375,12.0000,-0.0375,0.0034,-0.1540,0.0000,0.0000,0.4488,0.0000,-0.0071,-0.3286,0.0000,0.4125,0.0034,-1.2677,0.4488,0.3655,1.8672,-2.1958,-0.0375
2019,157,Tyler Berger,Nebraska,5,4,3.7004,2.0000,0.2996,0.0325,0.0242,0.0000,0.0000,0.0000,0.0000,0.0012,0.2412,0.0005,-0.3030,0.0325,0.2004,0.0000,0.3697,0.9851,-0.7439,0.2996
2019,157,Zac Carson,Ohio,2,0,0.8669,22.0000,-0.8669,-0.0159,-0.1529,0.0000,0.0000,0.0000,0.0000,-0.0086,-0.6895,0.0000,-0.4603,-0.0159,-0.8191,0.0000,0.4285,0.8189,-1.5084,-0.8669
2019,157,Zach Hartman,Bucknell,4,2,2.6823,14.0000,-0.6823,0.0776,-1.6040,0.0000,0.0000,0.0000,0.0000,-0.0088,0.8530,0.0000,0.1611,0.0776,-1.3732,0.0000,0.4522,3.4340,-2.5810,-0.6823
2019,165,Alex Marinelli,Iowa,6,4,5.4228,1.0000,-1.4228,-0.0307,-0.4713,0.0000,0.0000,0.0000,0.0000,0.0051,-0.9259,0.0000,0.1449,-0.0307,-1.5831,0.0000,0.0461,1.7023,-2.6282,-1.4228
2019,165,Andrew Fogarty,North Dakota State,4,2,2.1750,13.0000,-0.1750,-0.0017,-0.4371,0.0000,0.0000,0.0000,0.0000,0.0052,0.2586,0.0000,-0.5712,-0.0017,-0.0696,0.0000,0.4675,2.0412,-1.7826,-0.1750
2019,165,Branson Ashworth,Wyoming,3,1,1.6404,10.0000,-0.6404,0.0984,-0.0337,0.0000,0.0000,-0.4904,0.0000,0.0058,-0.2206,0.0000,-0.2552,0.0984,-0.4101,-0.4904,0.4169,0.4829,-0.7035,-0.6404
2019,165,Bryce Martin,Indiana,2,0,0.8669,22.0000,-0.8669,0.0356,-0.3556,0.0000,0.0000,0.0000,0.0000,-0.0005,-0.4572,-0.0893,-0.4975,0.0356,-0.4492,0.0000,0.0441,0.3092,-0.7664,-0.8669
2019,165,Bryce Steiert,Northern Iowa,6,3,2.3964,11.0000,0.6036,-0.0510,0.4206,0.0000,0.0000,0.0000,0.0000,0.0001,0.1447,0.0893,0.3536,-0.0510,-0.0879,0.0000,0.3889,1.0490,-0.9043,0.6036
2019,165,Cael McCormick,Army West Point,3,1,0.9145,24.0000,0.0855,-0.1525,0.1350,0.0000,0.0000,-0.5127,0.0000,-0.0045,0.5072,0.1130,-0.0306,-0.1525,0.6341,-0.5127,0.1472,1.1029,-0.5957,0.0855
2019,165,Cam Coy,Virginia,2,0,0.3508,25.0000,-0.3508,-0.0008,-0.0797,0.0000,0.0000,0.0000,0.0000,-0.0021,-0.2682,-0.0000,-0.2409,-0.0008,-0.0333,0.0000,-0.0758,-0.0197,-0.2484,-0.3508
2019,165,Carson Brolsma,Minnesota,3,1,0.3921,28.0000,0.6079,0.0167,0.5917,0.0000,0.0000,0.0000,0.0000,0.0051,-0.0056,-0.0000,-0.2751,0.0167,0.6291,0.0000,0.2372,0.4395,-0.4450,0.6079
2019,165,Chance Marsteller,Lock Haven,7,6,3.8625,5.0000,2.1375,0.1007,0.5180,0.0000,0.0000,0.0000,0.0000,0.0069,1.7237,-0.2118,-0.4969,0.1007,2.3214,0.0000,0.2123,3.5313,-1.8077,2.1375
2019,165,Colston DiBlasi,George Mason,1,0,0.0479,30.0000,-0.0479,-0.0003,0.0114,0.0000,0.0000,0.0000,0.0000,-0.0000,-0.0590,0.0000,-0.0020,-0.0003,-0.0579,0.0000,0.0124,0.0199,-0.0789,-0.0479
2019,165,Connor Flynn,Missouri,3,1,1.4913,15.0000,-0.4913,0.0125,-0.1329,0.0000,0.0000,0.0000,0.0000,-0.0078,-0.3631,0.0000,-0.2528,0.0125,-0.2976,0.0000,0.0466,0.1400,-0.5031,-0.4913
2019,165,Demetrius Romero,Utah Valley,5,3,3.3933,9.0000,-0.3933,-0.1101,-0.2066,0.0000,0.0000,0.4904,0.0000,-0.0016,-0.4524,-0.1130,-0.7969,-0.1101,-0.3201,0.4904,0.3434,0.7176,-1.1700,-0.3933
2019,165,Ebed Jarrell,Drexel,2,0,1.4925,12.0000,-1.4925,-0.0683,-0.7022,0.0000,0.0000,0.0000,0.0000,-0.0060,-0.7160,0.0000,-0.4072,-0.0683,-1.2496,0.0000,0.2325,0.1772,-0.8933,-1.4925
2019,165,Evan Delong,Clarion,2,0,0.2879,31.0000,-0.2879,-0.0277,-0.0916,0.0000,0.0000,0.0000,0.0000,-0.0005,-0.1652,-0.0029,-0.2005,-0.0277,0.0304,0.0000,-0.0900,0.2738,-0.4389,-0.2879
2019,165,Evan Wick,Wisconsin,6,4,4.1276,4.0000,-0.1276,-0.2065,-0.2711,0.0000,0.0000,0.0000,0.0781,-0.0068,0.0669,0.2118,0.3520,-0.2065,-0.4545,0.0000,0.1814,1.3939,-1.3270,-0.1276
2019,165,Gordon Wolf,Lehigh,5,3,2.6284,18.0000,0.3716,-0.0367,-0.1325,0.0000,0.0000,0.0000,0.0000,-0.0001,0.5409,0.0000,-0.3199,-0.0367,0.1398,0.0000,0.5885,2.7487,-2.2077,0.3716
2019,165,Isaiah White,Nebraska,7,5,3.7922,7.0000,1.2078,0.1277,0.0672,0.0000,0.0000,-0.0175,0.0000,0.0300,1.0004,0.0000,-0.1897,0.1277,1.4220,-0.0175,-0.1348,1.9349,-0.9345,1.2078
2019,165,Jesse Dellavecchia,Rider,4,2,1.8237,14.0000,0.1763,-0.0461,-0.0676,0.0000,0.0000,0.0000,0.0000,-0.0004,0.2904,0.0000,0.1323,-0.0461,0.2233,0.0000,-0.1331,1.4542,-1.1638,0.1763
2019,165,Jonathan Viruet,Brown,2,0,1.2665,17.0000,-1.2665,-0.0208,-0.7194,0.0000,0.0000,0.0000,0.0000,0.0015,-0.5279,0.0000,-0.0640,-0.0208,-1.2723,0.0000,0.0906,0.3266,-0.8545,-1.2665
2019,165,Joseph Gunther,Illinois,4,2,1.3791,26.0000,0.6209,0.1021,0.1845,0.0000,0.0000,0.5127,0.0000,0.0037,-0.1820,0.0000,0.2191,0.1021,-0.1744,0.5127,-0.0386,0.9596,-1.1416,0.6209
2019,165,Joseph Smith,Oklahoma State,4,2,0.5121,33.0000,1.4879,0.0505,1.0342,0.0000,0.0000,0.0000,0.0000,-0.0011,0.4043,0.0000,0.1230,0.0505,1.5914,0.0000,-0.2770,0.7887,-0.3844,1.4879
2019,165,Joshua Shields,Arizona State,6,3,4.3049,3.0000,-1.3049,0.0221,-1.0319,0.0000,0.0000,0.0000,0.0000,-0.0142,-0.2809,0.0000,0.1511,0.0221,-1.8314,0.0000,0.3533,1.2796,-1.5604,-1.3049
2019,165,Logan Massa,Michigan,5,3,3.3214,6.0000,-0.3214,0.0934,-0.4705,0.0000,0.0000,0.0000,0.0000,0.0019,0.0538,0.0000,-0.3053,0.0934,0.2373,0.0000,-0.3467,0.9438,-0.8901,-0.3214
2019,165,Mekhi Lewis,Virginia Tech,5,5,2.3075,8.0000,2.6925,0.0018,1.3653,0.0000,0.0000,0.0000,-0.0781,0.0020,1.4016,0.0000,0.1558,0.0018,1.8571,0.0000,0.6779,1.8322,-0.4306,2.6925
2019,165,Nick Kiussis,West Virginia,3,1,0.6134,29.0000,0.3866,0.0207,0.1015,0.0000,0.0000,0.5573,0.0000,0.0045,-0.2973,0.0000,-0.0575,0.0207,0.1377,0.5573,-0.2716,0.4614,-0.7587,0.3866
2019,165,Tanner Skidgel,Navy,3,1,1.4989,19.0000,-0.4989,-0.0144,0.1023,0.0000,0.0000,0.0000,0.0000,-0.0029,-0.5838,0.0000,-0.5419,-0.0144,-0.2096,0.0000,0.2670,1.2013,-1.7851,-0.4989
2019,165,Te`shan Campbell,Ohio State,5,3,1.5908,21.0000,1.4092,0.0708,0.8677,0.0000,0.0000,-0.3884,0.0000,-0.0055,0.6923,0.1724,0.1205,0.0708,0.7202,-0.3884,0.8862,1.3281,-0.6357,1.4092
2019,165,Thomas Bullard,NC State,3,1,1.1174,16.0000,-0.1174,0.0330,0.2701,0.0000,0.0000,0.0000,0.0000,0.0013,-0.4217,0.0000,-0.1529,0.0330,-0.1877,0.0000,0.1903,1.5597,-1.9814,-0.1174
2019,165,Troy Keller,Buffalo,3,1,0.8935,27.0000,0.1065,-0.0393,0.3684,0.0000,0.0000,0.0000,0.0000,0.0001,-0.0503,-0.1724,-0.2528,-0.0393,0.0194,0.0000,0.3793,0.5831,-0.6334,0.1065
2019,165,Tyler Marinelli,Gardner-Webb,2,0,1.0216,20.0000,-1.0216,-0.0289,-0.0812,0.0000,0.0000,-0.5573,0.0000,-0.0081,-0.3461,0.0000,-0.0056,-0.0289,-0.2196,-0.5573,-0.2102,0.3769,-0.7230,-1.0216
2019,165,Tyler Morland,Northwestern,1,0,0.2573,32.0000,-0.2573,-0.0030,-0.0406,0.0000,0.0000,0.0000,0.0000,-0.0026,-0.2111,0.0000,-0.0947,-0.0030,-0.1722,0.0000,0.0126,0.0216,-0.2327,-0.2573
2019,165,Vincenzo Joseph,Penn State,5,4,4.0183,2.0000,-0.0183,0.0397,-0.4575,0.0000,0.0000,0.4059,0.0000,0.0002,-0.0095,0.0029,-0.5457,0.0397,0.0492,0.4059,0.0326,0.7053,-0.7148,-0.0183
2019,165,Zach Finesilver,Duke,2,0,0.7911,23.0000,-0.7911,0.0133,-0.2549,0.0000,0.0000,0.0000,0.0000,-0.0086,-0.5410,0.0000,0.0201,0.0133,-0.9322,0.0000,0.1077,0.0593,-0.6003,-0.7911
2019,174,Andrew Morgan,Campbell,3,1,1.6322,18.0000,-0.6322,-0.1007,0.0110,0.0000,0.0000,0.0000,0.0000,-0.0044,-0.5381,0.0000,-0.9150,-0.1007,0.4273,0.0000,-0.0438,1.0941,-1.6322,-0.6322
2019,174,Ben Harvey,Army West Point,4,2,0.7368,22.0000,1.2632,0.0071,0.4272,0.0000,0.0000,0.6296,0.0000,-0.0002,0.2081,-0.0086,-0.2305,0.0071,0.5465,0.6296,0.3104,0.7826,-0.5745,1.2632
2019,174,Brandon Womack,Cornell,4,2,1.4421,16.0000,0.5579,0.0281,0.4216,0.0000,0.0000,0.4929,0.0000,0.0060,-0.3908,0.0000,0.7495,0.0281,-1.0760,0.4929,0.3632,2.2033,-2.5941,0.5579
2019,174,Brit Wilson,Northern Illinois,2,0,1.4483,13.0000,-1.4483,-0.0109,-0.1062,0.0000,0.0000,0.0000,0.0000,-0.0019,-1.3292,0.0000,-0.1670,-0.0109,-1.4639,0.0000,0.1936,0.6601,-1.9893,-1.4483
2019,174,Daniel Bullard,NC State,3,1,1.0015,23.0000,-0.0015,0.0681,0.4772,0.0000,0.0000,0.0000,0.0000,-0.0207,-0.5261,0.0000,0.1340,0.0681,0.0276,0.0000,-0.2312,1.0931,-1.6192,-0.0015
2019,174,Daniel Lewis,Missouri,6,4,4.6833,2.0000,-0.6833,0.0515,-0.4025,0.0000,0.0000,0.0000,0.0000,-0.0020,-0.3662,0.0358,-0.4517,0.0515,-0.8206,0.0000,0.5375,0.9400,-1.3062,-0.6833
2019,174,David McFadden,Virginia Tech,8,6,5.3922,6.0000,0.6078,-0.0315,0.5344,0.0000,0.0000,-0.6296,-0.0639,0.0057,0.7926,0.0000,0.8009,-0.0315,0.2349,-0.6296,0.2331,1.7712,-0.9786,0.6078
2019,174,Dean Sherry,Rider,2,0,0.3383,30.0000,-0.3383,-0.0190,-0.0278,0.0000,0.0000,0.0000,0.0000,0.0001,-0.2916,0.0000,-0.0674,-0.0190,-0.4284,0.0000,0.1765,0.2382,-0.5298,-0.3383
2019,174,Devin Kane,North Carolina,5,3,0.5486,33.0000,2.4514,-0.0316,1.6351,0.0000,0.0000,0.0000,0.0000,0.0055,0.8424,0.0000,-0.5978,-0.0316,2.4145,0.0000,0.6663,1.8534,-1.0110,2.4514
2019,174,Devin Skatzka,Minnesota,7,4,4.3915,9.0000,-0.3915,0.0734,0.0694,0.0000,0.0000,0.0000,0.0000,-0.0071,-0.1997,-0.3275,-0.3333,0.0734,-0.0601,0.0000,-0.0716,2.2525,-2.4522,-0.3915
2019,174,Drew Hughes,Michigan State,2,0,0.5773,26.0000,-0.5773,-0.0037,-0.2476,0.0000,0.0000,-0.3585,0.0000,0.0232,0.0093,0.0000,0.2613,-0.0037,-0.3617,-0.3585,-0.1146,0.4037,-0.3944,-0.5773
2019,174,Dylan Lydy,Purdue,5,3,3.2150,11.0000,-0.2150,-0.0004,-0.2662,0.0000,0.0000,-0.1005,0.0000,-0.0055,0.1575,0.0000,-0.3090,-0.0004,0.0202,-0.1005,0.1747,1.1687,-1.0112,-0.2150
2019,174,Ethan Smith,Ohio State,4,2,1.9393,19.0000,0.0607,-0.0540,0.2692,0.0000,0.0000,-0.4646,0.0000,0.0017,0.3084,0.0000,-0.4923,-0.0540,0.6014,-0.4646,0.4701,1.6753,-1.3669,0.0607
2019,174,Hayden Hastings,Wyoming,3,1,0.7928,25.0000,0.2072,-0.0003,0.2149,0.0000,0.0000,0.0000,0.0058,0.0030,-0.0162,0.0000,-0.2429,-0.0003,0.1307,0.0000,0.3197,0.5774,-0.5936,0.2072
2019,174,Jacob Oliver,Edinboro,2,0,0.4504,28.0000,-0.4504,-0.0315,0.1356,0.0000,0.0000,0.0000,0.0000,-0.0008,-0.5536,0.0000,0.0305,-0.0315,-0.2707,0.0000,-0.1786,0.4317,-0.9853,-0.4504
2019,174,Jacobe Smith,Oklahoma State,4,2,3.2316,7.0000,-1.2316,-0.0260,-0.5701,0.0000,0.0000,0.3585,-0.0058,-0.0118,-0.9765,0.0000,-0.3126,-0.0260,-0.8387,0.3585,-0.4128,1.0427,-2.0191,-1.2316
2019,174,Joe Grello,Rutgers,4,2,0.5883,29.0000,1.4117,0.0457,0.3524,0.0000,0.0000,0.5984,0.0000,0.0027,0.4124,0.0000,-0.1806,0.0457,0.7324,0.5984,0.2158,1.0160,-0.6035,1.4117
2019,174,Jordan Kutler,Lehigh,6,4,4.2173,5.0000,-0.2173,-0.0120,-0.2131,0.0000,0.0000,-0.4830,0.0627,0.0036,0.4245,0.0000,-0.0911,-0.0120,0.4952,-0.4830,-0.1263,0.7401,-0.3157,-0.2173
2019,174,Kimball Bastian,Utah Valley,3,1,1.5508,14.0000,-0.5508,-0.0082,-0.1572,0.0000,0.0000,-0.1338,0.0000,-0.0064,-0.2451,0.0000,-0.1092,-0.0082,-0.3826,-0.1338,0.0830,0.7659,-1.0110,-0.5508
2019,174,Lorenzo De La Riva,North Dakota State,2,0,0.7173,24.0000,-0.7173,0.0162,-0.2386,0.0000,0.0000,0.0000,0.0000,-0.0030,-0.4918,0.0000,-0.2745,0.0162,-0.5818,0.0000,0.1228,0.0743,-0.5661,-0.7173
2019,174,Marcus Coleman,Iowa State,3,1,1.1126,21.0000,-0.1126,-0.0248,-0.0085,0.0000,0.0000,0.0000,0.0000,-0.0003,-0.0790,0.0000,0.0617,-0.0248,0.0528,0.0000,-0.2023,1.2260,-1.3049,-0.1126
2019,174,Mark Hall,Penn State,5,4,4.3664,1.0000,-0.3664,-0.0283,-0.8494,0.0000,0.0000,0.3942,0.0000,0.0048,0.1123,0.0000,-0.0255,-0.0283,-0.4441,0.3942,-0.2627,0.6827,-0.5704,-0.3664
2019,174,Matt Finesilver,Duke,3,1,1.4432,12.0000,-0.4432,0.0733,-0.4758,0.0000,0.0000,0.0000,0.0000,0.0020,-0.0427,0.0000,0.0680,0.0733,-0.7954,0.0000,0.2109,0.9571,-0.9998,-0.4432
2019,174,Mikey Labriola,Nebraska,7,4,2.9789,10.0000,1.0211,-0.1042,-0.3782,0.0000,0.0000,0.4910,0.0000,0.0004,1.0205,-0.0084,0.5123,-0.1042,0.4082,0.4910,-0.2862,4.0888,-3.0683,1.0211
2019,174,Myles Amine,Michigan,6,5,3.6284,4.0000,1.3716,0.0650,0.4838,0.0000,0.0000,0.0888,0.0000,0.0088,0.7253,0.0000,-0.3325,0.0650,1.0471,0.0888,0.5033,1.5032,-0.7779,1.3716
2019,174,Neal Richards,VMI,2,0,1.2665,17.0000,-1.2665,0.0236,-0.8088,0.0000,0.0000,-0.4929,0.0000,-0.0072,0.0188,0.0000,-0.4989,0.0236,-0.0083,-0.4929,-0.2899,1.7267,-1.7078,-1.2665
2019,174,Ryan Christensen,Wisconsin,3,1,1.4913,15.0000,-0.4913,0.0358,-0.6124,0.0000,0.0000,0.0000,0.0000,0.0004,0.1013,-0.0164,-0.4801,0.0358,-0.9072,0.0000,0.8602,0.7625,-0.6612,-0.4913
2019,174,Spencer Carey,Navy,3,1,0.9552,20.0000,0.0448,0.0422,-0.4118,0.0000,0.0000,0.0000,0.0000,-0.0011,0.4154,0.0000,-0.2806,0.0422,0.0656,0.0000,0.2175,1.5468,-1.1314,0.0448
2019,174,Taylor Lujan,Northern Iowa,4,2,1.9047,8.0000,0.0953,-0.0143,-0.1397,0.0000,0.0000,0.0000,0.0012,-0.0009,-0.0786,0.3275,-0.1332,-0.0143,-0.1033,0.0000,0.3461,0.9129,-0.9914,0.0953
2019,174,Travis Stefanik,Princeton,2,0,0.2879,31.0000,-0.2879,0.0321,-0.0844,0.0000,0.0000,0.0000,0.0000,-0.0004,-0.2242,-0.0110,-0.1178,0.0321,-0.3665,0.0000,0.1643,0.1738,-0.3980,-0.2879
2019,174,Vincent Deprez,Binghamton,2,0,0.3077,27.0000,-0.3077,-0.0087,0.2111,0.0000,0.0000,-0.3904,0.0000,0.0050,-0.1247,0.0000,-0.0409,-0.0087,0.1937,-0.3904,-0.0613,0.0259,-0.1506,-0.3077
2019,174,Zahid Valencia,Arizona State,5,5,3.3621,3.0000,1.6379,-0.0519,0.7552,0.0000,0.0000,0.0000,0.0000,0.0009,0.9251,0.0086,-0.0231,-0.0519,1.5114,0.0000,0.2014,1.3821,-0.4570,1.6379
2019,184,Andrew McNally,Kent State,3,1,1.3430,17.0000,-0.3430,-0.0054,-0.1836,0.0000,0.0000,0.0000,0.0000,0.0047,-0.1586,0.0000,-0.3128,-0.0054,-0.0144,0.0000,-0.0103,0.5025,-0.6611,-0.3430
2019,184,Bob Coleman,Oregon State,2,0,0.2399,32.0000,-0.2399,0.0187,-0.0359,0.0000,0.0000,0.0000,0.0000,-0.0058,-0.2142,-0.0027,-0.0931,0.0187,-0.1665,0.0000,0.0009,0.0107,-0.2249,-0.2399
2019,184,Cameron Caffey,Michigan State,4,2,1.5107,19.0000,0.4893,-0.0039,0.0252,0.0000,0.0000,-0.4403,0.0000,0.0014,0.9070,0.0000,0.4638,-0.0039,0.6474,-0.4403,-0.1776,2.3198,-1.4128,0.4893
2019,184,Cash Wilcke,Iowa,4,2,1.9163,12.0000,0.0837,0.0554,0.7674,0.0000,0.0000,-0.4246,0.0000,0.0001,-0.2893,-0.0254,-0.0326,0.0554,0.4208,-0.4246,0.0646,0.2226,-0.5118,0.0837
2019,184,Chip Ness,North Carolina,6,3,1.8043,15.0000,1.1957,0.0234,0.0133,0.0000,0.0000,0.5409,0.0000,0.0031,0.6149,0.0000,-0.2345,0.0234,-0.0128,0.5409,0.8786,2.3237,-1.7088,1.1957
2019,184,Christian LaFragola,Brown,2,0,0.5121,27.0000,-0.5121,-0.0234,-0.0013,0.0000,0.0000,-0.4683,0.0000,0.0009,-0.0199,0.0000,-0.1066,-0.0234,0.0148,-0.4683,0.0714,0.1548,-0.1747,-0.5121
2019,184,Corey Hazel,Lock Haven,4,2,1.4421,16.0000,0.5579,-0.0548,0.2128,0.0000,0.0000,0.0000,0.0000,0.0013,0.3986,0.0000,-0.0114,-0.0548,0.5163,0.0000,0.1077,1.8861,-1.4875,0.5579
2019,184,Dakota Geer,Oklahoma State,7,5,1.3206,26.0000,3.6794,-0.0863,1.7259,0.0000,0.0000,-0.3691,0.0000,0.0157,2.3931,0.0000,-0.1452,-0.0863,2.6487,-0.3691,1.6312,3.2531,-0.8600,3.6794
2019,184,Dom Ducharme,CSU Bakersfield,2,0,0.2551,30.0000,-0.2551,-0.0156,-0.0223,0.0000,0.0000,0.0000,0.0000,-0.0039,-0.2132,0.0000,-0.0761,-0.0156,-0.1708,0.0000,0.0075,0.0335,-0.2468,-0.2551
2019,184,Drew Foster,Northern Iowa,5,5,3.0895,6.0000,1.9105,-0.0262,0.9274,0.0000,0.0000,0.0000,0.0000,0.0059,1.0035,0.0000,0.0146,-0.0262,1.2821,0.0000,0.6400,2.0356,-1.0321,1.9105
2019,184,Dylan Wisman,Missouri,3,1,1.6044,14.0000,-0.6044,0.0263,0.1209,0.0000,0.0000,-0.3927,0.0000,0.0105,-0.3694,0.0000,-0.3006,0.0263,-0.1796,-0.3927,0.2422,1.7835,-2.1530,-0.6044
2019,184,Emery Parker,Illinois,8,6,5.4517,4.0000,0.5483,0.0423,-0.1984,0.0000,0.0000,0.3927,0.0000,-0.0342,0.3205,0.0254,-0.9701,0.0423,0.6412,0.3927,0.4422,2.9976,-2.6772,0.5483
2019,184,Jackson Hemauer,Fresno State,2,0,0.3995,23.0000,-0.3995,0.0248,-0.1088,0.0000,0.0000,0.0000,0.0000,-0.0000,-0.2758,-0.0397,-0.1910,0.0248,-0.4218,0.0000,0.1885,0.2077,-0.4834,-0.3995
2019,184,Kevin Parker,Princeton,2,0,0.2879,31.0000,-0.2879,0.0027,0.0112,0.0000,0.0000,0.0000,0.0000,-0.0007,-0.3010,0.0000,-0.1139,0.0027,-0.2083,0.0000,0.0317,0.0790,-0.3800,-0.2879
2019,184,Lou Deprez,Binghamton,5,3,2.9765,11.0000,0.0235,0.0358,-0.4312,0.0000,0.0000,0.4403,0.0000,-0.0057,-0.0157,0.0000,-0.0112,0.0358,-0.3404,0.4403,-0.1010,0.6453,-0.6609,0.0235
2019,184,Mason Reinhardt,Wisconsin,3,1,1.1563,22.0000,-0.1563,0.0157,-0.0956,0.0000,0.0000,0.4683,0.0000,-0.0058,-0.5387,0.0000,-0.2556,0.0157,-0.4135,0.4683,0.0289,0.0823,-0.6210,-0.1563
2019,184,Max Lyon,Purdue,3,1,1.1659,25.0000,-0.1659,-0.0358,-0.0162,0.0000,0.0000,0.0000,0.0000,-0.0018,-0.1026,-0.0095,-0.2933,-0.0358,-0.0584,0.0000,0.2216,0.8867,-0.9893,-0.1659
2019,184,Maxwell Dean,Cornell,5,4,3.0962,5.0000,0.9038,0.0044,-0.8545,0.0000,0.0000,0.4246,0.0000,0.0069,1.3225,0.0000,0.1351,0.0044,0.6269,0.4246,-0.2871,1.8593,-0.5368,0.9038
2019,184,Myles Martin,Ohio State,6,5,5.3325,1.0000,-0.3325,-0.0300,-0.0307,0.0000,0.0000,0.0000,0.0000,-0.0028,-0.2718,0.0027,-0.3239,-0.0300,-0.0827,0.0000,0.1040,1.0548,-1.3266,-0.3325
2019,184,Nick Gravina,Rutgers,2,0,0.9439,21.0000,-0.9439,0.0770,-0.6634,0.0000,0.0000,0.0000,0.0000,-0.0533,-0.3042,0.0000,-0.1521,0.0770,-0.0766,0.0000,-0.7921,0.8758,-1.1801,-0.9439
2019,184,Nick Reenan,NC State,3,1,2.2628,7.0000,-1.2628,0.0349,-0.6380,0.0000,0.0000,0.0000,0.0000,-0.0121,-0.6873,0.0397,-0.6092,0.0349,-0.6655,0.0000,-0.0231,0.1466,-0.8340,-1.2628
2019,184,Nino Bonaccorsi,Pittsburgh,4,2,1.8804,13.0000,0.1196,0.0227,0.0394,0.0000,0.0000,0.0000,0.0000,0.0221,0.0355,0.0000,-0.3330,0.0227,0.3644,0.0000,0.0656,0.9710,-0.9355,0.1196
2019,184,Noah Stewart,Army West Point,3,1,0.6345,28.0000,0.3655,-0.0663,0.3758,0.0000,0.0000,0.0000,0.0000,0.0525,0.0035,0.0000,0.9516,-0.0663,-0.5042,0.0000,-0.0155,0.7907,-0.7871,0.3655
2019,184,Ryan Preisch,Lehigh,7,5,3.7125,8.0000,1.2875,0.0260,0.8048,0.0000,0.0000,0.3691,0.0000,0.0662,0.0119,0.0095,-0.4434,0.0260,0.1870,0.3691,1.1489,1.0932,-1.0813,1.2875
2019,184,Samuel Colbray,Iowa State,4,2,2.4821,10.0000,-0.4821,0.0212,0.0447,0.0000,0.0000,-0.5409,0.0000,-0.0017,-0.0055,0.0000,-0.1407,0.0212,-0.1304,-0.5409,0.3086,1.3009,-1.3063,-0.4821
2019,184,Shakur Rasheed,Penn State,4,2,3.7254,2.0000,-1.7254,-0.0039,-0.3420,0.0000,0.0000,0.0000,0.0000,-0.0043,-1.3752,0.0000,-0.8459,-0.0039,-0.8288,0.0000,-0.0469,0.4939,-1.8691,-1.7254
2019,184,Tanner Harvey,American,2,0,0.7173,24.0000,-0.7173,0.0226,-0.1673,0.0000,0.0000,0.0000,0.0000,-0.0018,-0.5708,0.0000,-0.1439,0.0226,-0.5011,0.0000,-0.0949,0.6399,-1.2107,-0.7173
2019,184,Tate Samuelson,Wyoming,3,1,1.6322,18.0000,-0.6322,-0.0157,0.0102,0.0000,0.0000,0.0000,0.0000,-0.0016,-0.6252,0.0000,-0.0381,-0.0157,-0.7362,0.0000,0.1578,0.8231,-1.4483,-0.6322
2019,184,Taylor Venz,Nebraska,5,3,2.6260,9.0000,0.3740,0.0388,-0.2915,0.0000,0.0000,0.0000,0.0000,-0.0556,0.6823,0.0000,-0.0864,0.0388,0.1892,0.0000,0.2324,2.1594,-1.4771,0.3740
2019,184,Will Schany,Virginia,3,1,0.7000,29.0000,0.3000,-0.0558,0.5337,0.0000,0.0000,0.0000,0.0000,0.0014,-0.1793,0.0000,-0.2930,-0.0558,0.4199,0.0000,0.2288,0.6925,-0.8718,0.3000
2019,184,Will Sumner,Utah Valley,2,0,1.0216,20.0000,-1.0216,0.0171,-0.4639,0.0000,0.0000,0.0000,0.0000,-0.0027,-0.5721,0.0000,-0.3205,0.0171,-0.7279,0.0000,0.0097,0.0943,-0.6664,-1.0216
2019,184,Zachary Zavatsky,Virginia Tech,6,3,4.7567,3.0000,-1.7567,-0.0867,-1.0679,0.0000,0.0000,0.0000,0.0000,0.0013,-0.6034,0.0000,-0.4232,-0.0867,-1.7187,0.0000,0.4719,1.6358,-2.2392,-1.7567
2019,197,Anthony McLaughlin,Air Force,3,1,1.0374,26.0000,-0.0374,0.0211,-0.0135,0.0000,0.0000,0.0000,0.0156,-0.0039,-0.0566,0.0000,-0.1919,0.0211,0.0029,0.0000,0.1306,0.5985,-0.6551,-0.0374
2019,197,Benjamin Honis,Cornell,7,4,4.4406,9.0000,-0.4406,-0.1336,-0.7383,0.0000,0.0000,0.5217,0.0000,-0.0062,-0.0842,0.0000,-0.5684,-0.1336,0.4583,0.5217,-0.7187,3.7110,-3.7952,-0.4406
2019,197,Bo Nickal,Penn State,5,5,4.2880,1.0000,0.7120,-0.0303,0.0979,0.0000,0.0000,0.0000,0.0000,-0.0008,0.6347,0.0105,-0.0754,-0.0303,0.7469,0.0000,0.0708,0.7712,-0.1365,0.7120
2019,197,Brandon Whitman,North Carolina,2,0,0.3924,29.0000,-0.3924,-0.0114,-0.0829,0.0000,0.0000,0.0000,0.0000,-0.0026,-0.2956,0.0000,-0.0987,-0.0114,-0.1737,0.0000,-0.1086,0.2944,-0.5900,-0.3924
2019,197,Brett Perry,Buffalo,3,1,0.4648,31.0000,0.5352,0.0111,0.6460,0.0000,0.0000,0.0000,0.0000,0.0027,-0.1247,0.0000,-0.1953,0.0111,0.4505,0.0000,0.2688,0.5707,-0.6953,0.5352
2019,197,Christian Brunner,Purdue,4,2,1.8998,11.0000,0.1002,0.0922,0.0258,0.0000,0.0000,0.0000,0.0000,0.0018,0.0739,-0.0934,-0.8750,0.0922,-0.3297,0.0000,1.2128,1.0774,-1.0035,0.1002
2019,197,Drew Phipps,Bucknell,3,1,0.3921,28.0000,0.6079,0.0977,0.6095,0.0000,0.0000,0.0000,0.0000,0.0051,-0.1044,0.0000,0.0122,0.0977,0.8458,0.0000,-0.3478,0.6565,-0.7610,0.6079
2019,197,Eric Schultz,Nebraska,4,2,1.6747,14.0000,0.3253,-0.0456,-0.1570,0.0000,0.0000,0.0000,0.0521,-0.0227,0.4985,0.0000,-0.3549,-0.0456,1.2723,0.0000,-0.5465,1.6446,-1.1461,0.3253
2019,197,Ethan Laird,Rider,4,2,0.5950,32.0000,1.4050,-0.0237,0.7151,0.0000,0.0000,0.0000,0.0000,0.0107,0.7045,-0.0017,-0.0664,-0.0237,1.0588,0.0000,0.4362,1.3754,-0.6709,1.4050
2019,197,Greg Bulsak,Clarion,2,0,0.3508,25.0000,-0.3508,0.0622,0.1968,0.0000,0.0000,0.0000,0.0000,0.0022,-0.6120,0.0000,-0.0332,0.0622,-0.3924,0.0000,0.0126,0.2662,-0.8782,-0.3508
2019,197,Jacob Seely,Northern Colorado,2,0,0.3383,30.0000,-0.3383,-0.0009,-0.0432,0.0000,0.0000,0.0000,0.0000,-0.0032,-0.2909,-0.0000,-0.0882,-0.0009,-0.2961,0.0000,0.0470,0.0470,-0.3379,-0.3383
2019,197,Jacob Warner,Iowa,7,5,5.6272,5.0000,-0.6272,-0.0134,-0.7330,0.0000,0.0000,-0.6370,0.0000,0.0057,0.7504,0.0000,0.3354,-0.0134,0.1397,-0.6370,-0.4520,2.3092,-1.5588,-0.6272
2019,197,Jake Jakobsen,Lehigh,4,2,1.2527,24.0000,0.7473,0.0011,0.5975,0.0000,0.0000,0.0000,-0.0156,-0.0266,0.1909,0.0000,0.1952,0.0011,-0.3795,0.0000,0.9305,1.1391,-0.9482,0.7473
2019,197,Jake Woodley,Oklahoma,3,1,1.2760,18.0000,-0.2760,-0.0380,-0.4471,0.0000,0.0000,0.5212,0.0000,-0.0138,-0.2984,0.0000,-0.2180,-0.0380,-0.4423,0.5212,-0.0990,0.2223,-0.5208,-0.2760
2019,197,Jay Aiello,Virginia,3,1,2.0290,7.0000,-1.0290,0.0594,-0.2057,0.0000,0.0000,-0.5217,0.0000,-0.0071,-0.3540,0.0000,-0.2611,0.0594,-0.1527,-0.5217,-0.1529,1.9041,-2.2581,-1.0290
2019,197,Josh Hokit,Fresno State,8,6,3.0053,16.0000,2.9947,-0.2255,1.2146,0.0000,0.0000,0.5913,0.0000,0.0390,1.3790,-0.0037,-0.0907,-0.2255,2.3603,0.5913,0.3594,2.8549,-1.4759,2.9947
2019,197,Joshua Roetman,Navy,3,1,0.6064,27.0000,0.3936,0.0163,0.1840,0.0000,0.0000,0.0000,0.0000,-0.0036,0.1969,0.0000,-0.0931,0.0163,0.1468,0.0000,0.3235,0.4157,-0.2188,0.3936
2019,197,Kellan Stout,Pittsburgh,2,0,0.7911,23.0000,-0.7911,0.0048,-0.4086,0.0000,0.0000,0.0000,0.0000,-0.0014,-0.3859,0.0000,-0.3690,0.0048,-0.3862,0.0000,-0.0408,0.2504,-0.6363,-0.7911
2019,197,Kollin Moore,Ohio State,5,4,3.6397,2.0000,0.3603,0.0153,0.0337,0.0000,0.0000,0.0000,0.0000,0.0022,0.3091,0.0000,-0.1830,0.0153,0.4356,0.0000,0.0925,0.9625,-0.6534,0.3603
2019,197,Malik McDonald,NC State,3,1,1.5038,13.0000,-0.5038,-0.0180,-0.2165,0.0000,0.0000,0.0000,0.0000,-0.0061,-0.2632,0.0000,-0.1759,-0.0180,-0.4091,0.0000,0.0992,0.8264,-1.0896,-0.5038
2019,197,Nathan Traxler,Stanford,4,2,2.1946,8.0000,-0.1946,-0.0252,0.0285,0.0000,0.0000,0.0000,0.0000,0.0001,0.0079,-0.2058,-0.2750,-0.0252,-0.0295,0.0000,0.1352,0.4507,-0.4428,-0.1946
2019,197,Noah Adams,West Virginia,3,1,1.3915,20.0000,-0.3915,0.0332,0.0726,0.0000,0.0000,0.0000,0.0000,0.0013,-0.4986,0.0000,0.0025,0.0332,-0.3741,0.0000,-0.0531,0.9483,-1.4469,-0.3915
2019,197,Patrick Brucki,Princeton,6,4,4.0602,4.0000,-0.0602,0.1581,-0.6382,0.0000,0.0000,0.0000,0.0000,-0.0227,0.4477,-0.0052,-0.6592,0.1581,0.4255,0.0000,0.0153,1.2910,-0.8433,-0.0602
2019,197,Preston Weigel,Oklahoma State,6,5,4.2181,3.0000,0.7819,0.0457,-0.0690,0.0000,0.0000,0.0000,0.0000,0.0020,0.6081,0.1952,0.0703,0.0457,0.0848,0.0000,0.5812,1.3003,-0.6922,0.7819
2019,197,Randall Diabe,Appalachian State,2,0,1.3575,15.0000,-1.3575,0.0139,-0.5270,0.0000,0.0000,-0.5212,0.0000,-0.0051,-0.3181,0.0000,-0.1097,0.0139,-0.7537,-0.5212,0.0132,0.3184,-0.6365,-1.3575
2019,197,Rocco Caywood,Army West Point,2,0,1.4925,12.0000,-1.4925,-0.2134,-0.6372,0.0000,0.0000,0.0000,0.0070,-0.0146,-0.6343,0.0000,-0.6370,-0.2134,-0.4215,0.0000,-0.2206,0.1919,-0.8262,-1.4925
2019,197,Sawyer Root,The Citadel,2,0,0.8669,22.0000,-0.8669,-0.0154,-0.2596,0.0000,0.0000,0.0000,0.0000,-0.0013,-0.5906,0.0000,-0.7844,-0.0154,-0.1791,0.0000,0.1120,0.0054,-0.5961,-0.8669
2019,197,Stephen Loiseau,Drexel,2,0,1.2519,17.0000,-1.2519,0.0704,-0.4510,0.0000,0.0000,0.0000,0.0000,-0.0016,-0.8697,0.0000,-0.4928,0.0704,-0.9517,0.0000,0.1222,0.1364,-1.0061,-1.2519
2019,197,Tanner Orndorff,Utah Valley,4,2,1.6322,19.0000,0.3678,0.0792,0.2026,0.0000,0.0000,0.0000,-0.0521,0.0023,0.1358,0.0000,-0.0866,0.0792,-0.3120,0.0000,0.6871,1.0710,-0.9352,0.3678
2019,197,Thomas Lane,Cal Poly,4,2,0.8097,21.0000,1.1903,0.0182,0.6555,0.0000,0.0000,0.6370,-0.0070,0.0396,-0.1530,0.0000,0.4712,0.0182,-0.5987,0.6370,0.6627,1.1215,-1.2746,1.1903
2019,197,Tom Sleigh,Virginia Tech,4,2,1.6618,10.0000,0.3382,-0.0020,0.5020,0.0000,0.0000,0.0000,0.0000,0.0059,-0.1678,0.0000,0.4221,-0.0020,-0.7903,0.0000,0.7084,1.4220,-1.5897,0.3382
2019,197,William Miklus,Iowa State,8,5,5.4580,6.0000,-0.4580,-0.0037,-0.1544,0.0000,0.0000,-0.5913,0.0000,0.0226,0.1648,0.1040,0.5113,-0.0037,-1.0562,-0.5913,0.6818,2.0690,-1.9042,-0.4580
2019,285,AJ Nevills,Fresno State,2,0,1.4415,14.0000,-1.4415,0.0046,-0.7024,0.0000,0.0000,0.0000,0.0000,-0.0008,-0.7429,0.0000,-0.4178,0.0046,-1.2735,0.0000,0.2452,0.5877,-1.3306,-1.4415
2019,285,Amar Dhesi,Oregon State,7,5,4.3475,6.0000,0.6525,-0.0527,-0.0097,0.0000,0.0000,0.0000,0.0000,-0.0032,0.5481,0.1700,-0.5462,-0.0527,0.6789,0.0000,0.5725,1.4784,-0.9303,0.6525
2019,285,Anthony Cassar,Penn State,5,5,3.5537,2.0000,1.4463,-0.0511,0.4631,0.0000,0.0000,0.0000,0.0000,0.0400,0.9911,0.0032,-0.1836,-0.0511,1.0320,0.0000,0.6490,1.3313,-0.3402,1.4463
2019,285,Antonio Pelusi,Franklin and Marshall,2,0,0.2879,31.0000,-0.2879,0.0361,-0.1387,0.0000,0.0000,0.0000,0.0000,-0.0004,-0.1817,-0.0032,-0.2159,0.0361,-0.2109,0.0000,0.1030,0.1344,-0.3161,-0.2879
2019,285,Billy Miller,Virginia Tech,2,0,0.8669,22.0000,-0.8669,0.0176,-0.2796,0.0000,0.0000,0.0000,0.0000,-0.0005,-0.6044,0.0000,-0.1546,0.0176,-0.6823,0.0000,-0.0476,0.2100,-0.8144,-0.8669
2019,285,Brandon Ngati,West Virginia,2,0,0.2399,32.0000,-0.2399,-0.0043,-0.0326,0.0000,0.0000,0.0000,0.0000,-0.0021,-0.2010,0.0000,-0.0561,-0.0043,-0.1681,0.0000,-0.0115,0.0020,-0.2030,-0.2399
2019,285,Brian Andrews,Wyoming,3,1,0.8656,19.0000,0.1344,-0.0170,0.2729,0.0000,0.0000,0.0000,0.0000,-0.0006,-0.1209,0.0000,-0.0123,-0.0170,0.0858,0.0000,0.0779,0.8136,-0.9346,0.1344
2019,285,Cary Miller,Appalachian State,3,1,0.7262,27.0000,0.2738,-0.0593,0.2658,0.0000,0.0000,0.0000,0.0000,-0.0021,0.0694,0.0000,-0.0318,-0.0593,0.3492,0.0000,0.0157,0.5860,-0.5165,0.2738
2019,285,Chase Singletary,Ohio State,4,2,1.8141,16.0000,0.1859,0.0095,-0.1917,0.0000,0.0000,0.0000,0.0000,0.0008,0.3674,0.0000,0.4097,0.0095,0.1586,0.0000,-0.3918,0.7350,-0.3677,0.1859
2019,285,Colton McKiernan,SIU Edwardsville,2,0,0.2712,29.0000,-0.2712,-0.0000,0.2086,0.0000,0.0000,0.0000,0.0000,-0.0035,-0.4762,0.0000,-0.0464,-0.0000,-0.2999,0.0000,0.0752,0.1706,-0.6468,-0.2712
2019,285,Conan Jennings,Northwestern,4,2,2.9540,12.0000,-0.9540,0.1093,-1.0998,0.0000,0.0000,-0.5578,0.0000,-0.0507,0.6449,0.0000,0.0187,0.1093,-0.2764,-0.5578,-0.2479,0.9919,-0.3471,-0.9540
2019,285,Cory Gilliland-Daniel,North Carolina,2,0,0.4511,21.0000,-0.4511,0.0311,0.0745,0.0000,0.0000,0.0000,0.0000,-0.0000,-0.5046,-0.0521,-0.0533,0.0311,-0.4656,0.0000,0.0368,0.2149,-0.7195,-0.4511
2019,285,David Jensen,Nebraska,3,1,1.7067,17.0000,-0.7067,0.0680,-0.4431,0.0000,0.0000,0.0000,0.0000,-0.0014,-0.3302,0.0000,-0.3147,0.0680,-0.1867,0.0000,-0.2734,0.3380,-0.6682,-0.7067
2019,285,Demetrius Thomas,Pittsburgh,3,1,2.2118,8.0000,-1.2118,0.0728,-0.2469,0.0000,0.0000,0.0000,0.0000,-0.0000,-1.0377,0.0000,-1.0176,0.0728,-0.4132,0.0000,0.1462,1.5704,-2.6081,-1.2118
2019,285,Derek White,Oklahoma State,5,4,4.3005,1.0000,-0.3005,0.0563,-0.4416,0.0000,0.0000,0.3942,0.0000,0.0052,-0.3146,0.0000,-0.4573,0.0563,-0.4048,0.3942,0.1111,0.4131,-0.7277,-0.3005
2019,285,Gable Steveson,Minnesota,6,5,4.2506,3.0000,0.7494,0.0237,-0.0216,0.0000,0.0000,0.0000,0.0000,-0.0309,0.7781,0.0000,-0.4321,0.0237,0.6250,0.0000,0.5327,1.3807,-0.6026,0.7494
2019,285,Gannon Gremmel,Iowa State,3,1,0.8498,25.0000,0.1502,0.0091,0.1506,0.0000,0.0000,0.0000,0.0000,-0.0005,-0.0022,-0.0069,-0.3323,0.0091,0.2976,0.0000,0.1758,0.8494,-0.8516,0.1502
2019,285,Haydn Maley,Stanford,2,0,0.7173,24.0000,-0.7173,-0.0227,-0.0809,0.0000,0.0000,0.0000,0.0000,0.0001,-0.6138,0.0000,-0.1708,-0.0227,-0.9230,0.0000,0.3992,0.3219,-0.9357,-0.7173
2019,285,Ian Butterbrodt,Brown,5,3,1.1551,26.0000,1.8449,-0.0716,0.8588,0.0000,0.0000,0.0000,0.0000,0.0057,1.0521,0.0000,0.6001,-0.0716,0.5015,0.0000,0.8149,1.8662,-0.8141,1.8449
2019,285,Jacob Aven,Purdue,2,1,0.4259,33.0000,0.5741,0.0091,0.3700,0.0000,0.0000,0.0000,0.0000,0.0008,0.3117,-0.1176,-0.5634,0.0091,0.9050,0.0000,0.2234,0.7621,-0.4503,0.5741
2019,285,Jeramy Sweany,Cornell,2,0,0.7911,23.0000,-0.7911,-0.0037,-0.1645,0.0000,0.0000,0.0000,0.0000,-0.0032,-0.6197,0.0000,-0.3893,-0.0037,-0.4420,0.0000,0.0439,0.0477,-0.6674,-0.7911
2019,285,Jordan Wood,Lehigh,6,4,3.9681,4.0000,0.0319,-0.0101,0.0165,0.0000,0.0000,-0.3942,0.0000,-0.0001,0.4198,0.0000,-0.1330,-0.0101,0.0038,-0.3942,0.5653,1.0169,-0.5971,0.0319
2019,285,Joseph Goodhart,Drexel,3,1,1.6322,18.0000,-0.6322,-0.0215,0.2923,0.0000,0.0000,0.0000,0.0000,-0.0013,-0.9017,0.0000,-0.2038,-0.0215,-0.9094,0.0000,0.5024,0.9846,-1.8863,-0.6322
2019,285,Mason Parris,Michigan,5,3,3.8619,5.0000,-0.8619,-0.0255,-0.3926,0.0000,0.0000,0.0000,0.0000,-0.0003,-0.2977,-0.1458,-0.6017,-0.0255,-0.5777,0.0000,0.3430,0.6144,-0.9121,-0.8619
2019,285,Matt Stencel,Central Michigan,6,4,2.6830,9.0000,1.3170,-0.0288,-0.1362,0.0000,0.0000,0.0000,0.0000,0.0027,1.2717,0.2077,-0.7163,-0.0288,0.9905,0.0000,1.0717,2.9384,-1.6667,1.3170
2019,285,Matt Voss,George Mason,4,2,2.3383,13.0000,-0.3383,0.0470,-0.2762,0.0000,0.0000,-0.5497,0.0000,0.0019,0.4388,0.0000,0.0481,0.0470,0.0354,-0.5497,0.0809,1.1353,-0.6966,-0.3383
2019,285,Sam Stoll,Iowa,4,2,0.5282,28.0000,1.4718,-0.0594,1.2107,0.0000,0.0000,0.0000,0.0000,0.0031,0.3174,0.0000,-0.0073,-0.0594,1.1553,0.0000,0.3832,0.5449,-0.2274,1.4718
2019,285,Tate Orndorff,Utah Valley,4,2,1.5923,15.0000,0.4077,-0.0870,0.0491,0.0000,0.0000,0.0000,0.0000,0.0007,0.4534,-0.0085,-0.4435,-0.0870,0.6657,0.0000,0.2724,1.7874,-1.3340,0.4077
2019,285,Thomas Haines,Lock Haven,3,1,1.3693,11.0000,-0.3693,0.0537,-0.1004,0.0000,0.0000,0.0000,0.0000,0.0001,-0.3129,-0.0098,-0.2111,0.0537,-0.2511,0.0000,0.0391,0.2872,-0.6002,-0.3693
2019,285,Trent Hillger,Wisconsin,6,3,3.5144,7.0000,-0.5144,-0.0340,0.3750,0.0000,0.0000,0.0000,0.0000,0.0250,-0.7103,-0.1700,-0.2252,-0.0340,-0.6422,0.0000,0.3871,0.5079,-1.2182,-0.5144
2019,285,Youssif Hemida,Maryland,8,5,4.4870,10.0000,0.5130,0.1492,-0.3861,0.0000,0.0000,0.0000,0.0000,-0.0151,0.7496,0.0154,-0.9611,0.1492,0.6533,0.0000,0.6716,2.0525,-1.3030,0.5130
2019,285,Zach Elam,Missouri,5,3,1.7489,20.0000,1.2511,-0.1482,0.5417,0.0000,0.0000,1.1075,0.0000,0.0308,-0.3984,0.1176,0.0571,-0.1482,0.0355,1.1075,0.1991,0.0269,-0.4252,1.2511
2019,285,Zack Parker,Ohio,1,0,0.0479,30.0000,-0.0479,-0.0002,-0.0051,0.0000,0.0000,0.0000,0.0000,0.0000,-0.0426,-0.0000,-0.0154,-0.0002,-0.0463,0.0000,0.0140,0.0143,-0.0569,-0.0479
2021,125,Brandon Courtney,Arizona State,5,4,3.4516,3.0000,0.5484,-0.0043,0.1909,0.0000,0.0000,0.4349,0.0000,0.0005,-0.0735,0.0000,-0.2803,-0.0043,0.2128,0.4349,0.1853,0.6416,-0.7151,0.5484
2021,125,Brandon Kaylor,Oregon State,2,0,0.4504,28.0000,-0.4504,0.0103,0.0066,0.0000,0.0000,0.0000,0.0000,-0.0006,-0.4071,-0.0595,-0.1822,0.0103,-0.1651,0.0000,-0.1134,0.1717,-0.5788,-0.4504
2021,125,Brody Teske,Northern Iowa,4,2,2.8605,5.0000,-0.8605,0.0350,-0.0812,0.0000,0.0000,-0.4830,0.0000,-0.0348,-0.3560,0.0595,-0.2554,0.0350,-0.8253,-0.4830,0.6681,0.7014,-1.0575,-0.8605
2021,125,Codi Russell,Appalachian State,3,1,1.7888,16.0000,-0.7888,-0.0154,-0.1521,0.0000,0.0000,0.0000,0.0000,-0.0005,-0.5502,-0.0707,-0.5060,-0.0154,-0.6219,0.0000,0.3544,1.5354,-2.0856,-0.7888
2021,125,Daniel Vega,South Dakota State,3,1,1.1563,22.0000,-0.1563,-0.0517,-0.0538,0.0000,0.0000,0.0000,-0.0848,-0.0010,0.0350,0.0000,-0.1350,-0.0517,0.1756,0.0000,-0.1453,1.7801,-1.7451,-0.1563
2021,125,Devin Schroder,Purdue,4,2,2.1003,9.0000,-0.1003,0.1519,-0.2616,0.0000,0.0000,0.0000,0.0000,-0.0060,0.0154,0.0000,-0.6201,0.1519,0.6386,0.0000,-0.2707,0.8980,-0.8826,-0.1003
2021,125,Drew Hildebrandt,Central Michigan,6,4,3.6311,4.0000,0.3689,-0.0424,0.1019,0.0000,0.0000,0.4830,0.0000,0.0006,-0.1742,0.0000,0.1548,-0.0424,0.1767,0.4830,-0.4032,1.5061,-1.6803,0.3689
2021,125,Dylan Ragusin,Michigan,3,1,1.7865,11.0000,-0.7865,0.0635,-0.6734,0.0000,0.0000,0.0000,0.0057,-0.0038,-0.1785,0.0000,-0.2973,0.0635,-0.4310,0.0000,-0.1217,1.0068,-1.1853,-0.7865
2021,125,Eric Barnett,Wisconsin,7,4,2.7012,19.0000,1.2988,0.0822,1.1023,0.0000,0.0000,0.0000,0.0000,0.0109,0.3805,-0.2771,-0.0301,0.0822,-0.4432,0.0000,1.6900,2.7335,-2.3530,1.2988
2021,125,Fabian Gutierrez,Chattanooga,2,1,0.7173,24.0000,0.2827,0.0098,0.0010,0.0000,0.0000,0.0000,0.0000,0.0000,0.2719,0.0000,-0.0324,0.0098,-0.1684,0.0000,0.4737,0.7878,-0.5159,0.2827
2021,125,Gage Curry,American,2,0,0.5121,27.0000,-0.5121,0.0439,0.4191,0.0000,0.0000,0.0000,0.0848,0.0001,-1.0600,-0.0000,0.2800,0.0439,-1.1258,0.0000,0.2898,1.0626,-2.1226,-0.5121
2021,125,Jackson DiSario,Stanford,2,0,0.3285,26.0000,-0.3285,-0.0024,-0.0437,0.0000,0.0000,0.0000,0.0000,-0.0008,-0.2816,-0.0000,-0.1124,-0.0024,-0.2911,0.0000,0.0775,0.0491,-0.3307,-0.3285
2021,125,Jake Ferri,Kent State,3,1,1.5006,20.0000,-0.5006,-0.0615,0.2524,0.0000,0.0000,0.0000,0.0000,-0.0039,-0.4997,-0.1879,-0.4017,-0.0615,0.1008,0.0000,-0.1383,1.3071,-1.8068,-0.5006
2021,125,Jakob Camacho,NC State,4,2,2.6678,6.0000,-0.6678,-0.0283,-0.6475,0.0000,0.0000,-0.5981,-0.0057,-0.0068,0.6186,0.0000,-0.7809,-0.0283,0.7123,-0.5981,0.0272,2.1734,-1.5548,-0.6678
2021,125,Jaret Lane,Lehigh,4,2,2.3284,14.0000,-0.3284,0.0109,-0.1563,0.0000,0.0000,0.0000,0.0000,0.0337,-0.2168,0.0001,0.0218,0.0109,-0.8769,0.0000,0.5159,1.9481,-2.1649,-0.3284
2021,125,Jonathan Tropea,Rider,2,0,0.2879,31.0000,-0.2879,0.0046,0.1130,0.0000,0.0000,0.0000,0.0000,-0.0000,-0.4026,-0.0029,-0.1272,0.0046,-0.4408,0.0000,0.2755,0.4412,-0.8438,-0.2879
2021,125,Killian Cardinale,West Virginia,7,5,2.1805,17.0000,2.8195,-0.1158,1.1686,0.0000,0.0000,0.5981,0.0000,-0.0194,1.1880,0.0000,-0.2364,-0.1158,1.8364,0.5981,0.7372,3.6504,-2.4624,2.8195
2021,125,Liam Cronin,Nebraska,3,1,1.3950,13.0000,-0.3950,0.0582,-1.2044,0.0000,0.0000,0.0000,0.0000,-0.0561,0.6194,0.1879,-0.3693,0.0582,0.4107,0.0000,-0.4946,2.7587,-2.1393,-0.3950
2021,125,Logan Treaster,Navy,2,0,0.6459,25.0000,-0.6459,-0.0220,0.0942,0.0000,0.0000,0.0000,0.0000,-0.0001,-0.7179,0.0000,-0.4665,-0.0220,-0.0753,0.0000,-0.0821,0.2896,-1.0075,-0.6459
2021,125,Malik Heinselman,Ohio State,3,1,2.0145,10.0000,-1.0145,-0.1446,-0.4669,0.0000,0.0000,0.0000,0.0000,-0.0052,-0.3978,0.0000,-0.5044,-0.1446,-0.0614,0.0000,-0.3042,0.7439,-1.1417,-1.0145
2021,125,Micah Roes,Binghamton,2,0,0.2551,30.0000,-0.2551,-0.0263,0.0813,0.0000,0.0000,0.0000,0.0000,-0.0001,-0.3099,-0.0001,-0.0683,-0.0263,-0.1813,0.0000,0.0208,0.0319,-0.3418,-0.2551
2021,125,Michael DeAugustino,Northwestern,5,3,2.3699,12.0000,0.6301,0.0019,1.1519,0.0000,0.0000,-0.3596,0.0000,0.0177,-0.1817,0.0000,0.1225,0.0019,0.4834,-0.3596,0.3820,1.0668,-1.2484,0.6301
2021,125,Noah Surtin,Missouri,3,1,1.6545,18.0000,-0.6545,-0.0123,0.2228,0.0000,0.0000,0.0000,0.0000,0.0321,-0.8998,0.0029,-0.9259,-0.0123,0.2762,0.0000,0.0076,1.4806,-2.3804,-0.6545
2021,125,Patrick McCormick,Virginia,2,0,0.2247,32.0000,-0.2247,0.0149,-0.1240,0.0000,0.0000,0.0000,0.0000,-0.0015,-0.1138,-0.0003,-0.1870,0.0149,-0.1586,0.0000,0.1060,0.6495,-0.7633,-0.2247
2021,125,Patrick McKee,Minnesota,8,7,3.1427,15.0000,3.8573,-0.1166,1.5708,0.0000,0.0000,0.0000,0.0000,0.0539,1.9051,0.4441,-0.0200,-0.1166,2.1327,0.0000,1.8611,3.9882,-2.0831,3.8573
2021,125,RayVon Foley,Michigan State,4,2,2.6515,8.0000,-0.6515,0.0722,-0.9250,0.0000,0.0000,0.0000,0.0000,-0.0028,0.2042,0.0000,-0.1037,0.0722,-0.5719,0.0000,-0.0480,1.1334,-0.9293,-0.6515
2021,125,Robert Howard,Penn State,3,1,0.7351,23.0000,0.2649,0.0103,0.2960,0.0000,0.0000,0.0000,0.0000,-0.0007,0.0557,-0.0964,-0.1093,0.0103,-0.0794,0.0000,0.4432,0.5453,-0.4896,0.2649
2021,125,Sam Latona,Virginia Tech,7,4,5.8269,2.0000,-1.8269,0.0075,-2.6693,0.0000,0.0000,0.3596,0.0000,-0.0070,0.4823,0.0000,-0.4656,0.0075,-0.6999,0.3596,-1.0285,2.2215,-1.7393,-1.8269
2021,125,Spencer Lee,Iowa,5,5,4.3819,1.0000,0.6181,0.0045,-0.1960,0.0000,0.0000,0.0000,0.0000,-0.0000,0.8093,0.0003,0.2149,0.0045,0.2353,0.0000,0.1635,0.8779,-0.0686,0.6181
2021,125,Taylor LaMont,Utah Valley,6,4,3.1739,7.0000,0.8261,0.0860,0.5737,0.0000,0.0000,-0.4349,0.0000,-0.0010,0.6022,0.0000,-0.3382,0.0860,0.6380,-0.4349,0.8752,1.2666,-0.6644,0.8261
2021,125,Trevor Mastrogiovanni,Oklahoma State,4,2,1.6864,21.0000,0.3136,-0.0376,0.3364,0.0000,0.0000,0.0000,0.0000,0.0024,0.0123,0.0000,0.1938,-0.0376,-0.2629,0.0000,0.4202,0.7189,-0.7067,0.3136
2021,125,Zurich Storm,Campbell,2,0,0.3924,29.0000,-0.3924,0.0135,-0.0274,0.0000,0.0000,0.0000,0.0000,0.0003,-0.3787,0.0000,-0.0400,0.0135,-0.5493,0.0000,0.1834,0.2037,-0.5824,-0.3924
2021,133,Anthony Madrigal,Oklahoma,2,0,1.5357,11.0000,-1.5357,0.0126,-0.3561,0.0000,0.0000,-1.1885,0.0000,0.0049,-0.0086,0.0000,-0.0076,0.0126,-0.3368,-1.1885,-0.0154,0.1928,-0.2014,-1.5357
2021,133,Austin DeSanto,Iowa,6,5,3.6925,4.0000,1.3075,0.0083,0.1687,0.0000,0.0000,0.0000,0.0000,0.0056,1.0945,0.0304,-0.4047,0.0083,1.3282,0.0000,0.3757,2.4667,-1.3722,1.3075
2021,133,Boo Dryden,Minnesota,3,1,1.0015,23.0000,-0.0015,0.0257,0.1490,0.0000,0.0000,0.0000,0.0000,-0.0005,-0.3201,0.1445,-0.1238,0.0257,-0.2368,0.0000,0.3335,0.4044,-0.7245,-0.0015
2021,133,Chance Rich,Csu Bakersfield,5,3,2.2581,19.0000,0.7419,-0.1409,1.0300,0.0000,0.0000,-0.4646,0.0000,0.0245,0.3119,-0.0190,-0.2348,-0.1409,0.8562,-0.4646,0.7260,1.5003,-1.1884,0.7419
2021,133,Chris Cannon,Northwestern,6,4,3.1700,8.0000,0.8300,-0.0036,-0.0410,0.0000,0.0000,0.0000,0.0000,0.0213,0.4904,0.3628,0.0093,-0.0036,0.0302,0.0000,0.7941,2.0186,-1.5282,0.8300
2021,133,Cole Rhone,Bloomsburg,2,0,0.2247,32.0000,-0.2247,-0.0036,-0.0350,0.0000,0.0000,0.0000,0.0000,-0.0010,-0.1851,0.0000,-0.0804,-0.0036,-0.1422,0.0000,0.0014,0.0020,-0.1871,-0.2247
2021,133,Darren Miller,Bucknell,2,0,0.5773,26.0000,-0.5773,-0.0090,-0.0953,0.0000,0.0000,0.0000,0.0000,-0.0085,-0.3201,-0.1445,-0.2671,-0.0090,-0.3218,0.0000,0.0206,0.0350,-0.3551,-0.5773
2021,133,Daton Fix,Oklahoma State,5,4,4.2921,1.0000,-0.2921,0.0424,-0.3308,0.0000,0.0000,-0.5560,0.0000,-0.0181,0.5509,0.0196,-0.1549,0.0424,0.8231,-0.5560,-0.4466,0.4454,0.1054,-0.2921
2021,133,Devan Turner,Oregon State,4,2,2.1234,16.0000,-0.1234,-0.0403,-0.2754,0.0000,0.0000,0.0000,-0.0046,-0.0031,0.2000,0.0000,-0.5460,-0.0403,0.0074,0.0000,0.4555,1.3791,-1.1790,-0.1234
2021,133,Jacob Allen,Navy,3,1,0.5219,27.0000,0.4781,-0.0601,0.1970,0.0000,0.0000,0.6096,0.0000,-0.0060,-0.2624,0.0000,-0.0797,-0.0601,0.0383,0.6096,-0.0300,0.1216,-0.3840,0.4781
2021,133,Jacob Rundell,Purdue,3,1,0.7928,25.0000,0.2072,-0.0295,0.3535,0.0000,0.0000,0.0000,0.0000,0.0010,-0.1178,0.0000,0.0804,-0.0295,0.1219,0.0000,0.0343,0.5655,-0.6833,0.2072
2021,133,Jared Van Vleet,Air Force,4,2,1.8152,21.0000,0.1848,-0.0107,-0.2084,0.0000,0.0000,0.0000,0.0000,-0.0117,0.4156,0.0000,0.0139,-0.0107,-0.0375,0.0000,0.2192,1.5352,-1.1196,0.1848
2021,133,Jarrett Trombley,NC State,4,2,2.4130,12.0000,-0.4130,0.1173,-0.7471,0.0000,0.0000,0.0000,0.0000,-0.0173,0.2341,0.0000,-1.0249,0.1173,0.4579,0.0000,0.0368,0.9372,-0.7031,-0.4130
2021,133,Jordan Hamdan,Michigan State,2,0,0.3383,30.0000,-0.3383,0.0004,0.0643,0.0000,0.0000,0.0000,0.0000,-0.0006,-0.2884,-0.1141,-0.1084,0.0004,-0.1961,0.0000,-0.0342,0.1218,-0.4102,-0.3383
2021,133,Korbin Myers,Virginia Tech,6,4,4.1217,3.0000,-0.1217,0.2196,-0.0558,0.0000,0.0000,0.0000,0.0000,0.0036,-0.2891,0.0000,-0.1278,0.2196,-0.7017,0.0000,0.4882,1.6764,-1.9654,-0.1217
2021,133,Kyle Burwick,Wisconsin,3,1,0.9734,18.0000,0.0266,-0.0032,0.4968,0.0000,0.0000,0.0000,0.0000,0.0055,-0.6638,0.1912,-0.0949,-0.0032,-0.8460,0.0000,0.9707,0.9060,-1.5698,0.0266
2021,133,Louie Hayes,Virginia,6,3,2.9504,10.0000,0.0496,-0.1099,-0.2361,0.0000,0.0000,0.5313,0.0000,0.0090,-0.2778,0.1331,0.1708,-0.1099,-0.3327,0.5313,-0.2100,2.0523,-2.3301,0.0496
2021,133,Lucas Byrd,Illinois,8,6,4.8697,7.0000,1.1303,-0.0823,0.1959,0.0000,0.0000,-0.0043,0.0000,0.0041,1.0169,0.0000,-0.2142,-0.0823,1.1001,-0.0043,0.3310,3.0297,-2.0128,1.1303
2021,133,Malyke Hines,Lehigh,4,2,1.5893,17.0000,0.4107,0.0080,0.5354,0.0000,0.0000,0.0000,0.0046,0.0380,-0.1613,-0.0141,-0.6347,0.0080,0.1255,0.0000,0.9118,1.0707,-1.2320,0.4107
2021,133,Mario Guillen,Ohio,3,1,0.9048,22.0000,0.0952,0.0246,0.2791,0.0000,0.0000,0.5789,0.0000,-0.0040,-0.7834,0.0000,-0.1290,0.0246,-0.2318,0.5789,-0.1475,0.5953,-1.3788,0.0952
2021,133,Matt Schmitt,Missouri,4,2,2.6773,6.0000,-0.6773,-0.0918,-0.3232,0.0000,0.0000,0.0000,0.0000,-0.0001,-0.2622,0.0000,-0.2751,-0.0918,0.1523,0.0000,-0.4627,0.6097,-0.8719,-0.6773
2021,133,Michael McGee,Arizona State,8,5,4.4122,9.0000,0.5878,0.0317,-0.1387,0.0000,0.0000,0.0000,0.0000,-0.0294,1.0925,-0.3683,-0.5981,0.0317,0.6152,0.0000,0.5390,4.3869,-3.2944,0.5878
2021,133,Micky Phillippi,Pittsburgh,4,2,2.6667,5.0000,-0.6667,0.1105,-0.1721,0.0000,0.0000,-0.5270,0.0000,-0.0023,-0.0757,0.0000,-0.2397,0.1105,-0.8355,-0.5270,0.8251,0.8221,-0.8979,-0.6667
2021,133,Mosha Schwartz,Northern Colorado,2,0,1.3575,15.0000,-1.3575,0.0484,-0.4993,0.0000,0.0000,0.0000,0.0000,-0.0019,-0.7135,-0.1912,-0.8542,0.0484,-0.8309,0.0000,0.2792,1.3107,-2.0242,-1.3575
2021,133,Paul Bianchi,Little Rock,3,1,0.4921,29.0000,0.5079,0.0250,0.5137,0.0000,0.0000,0.0000,0.0000,0.0124,-0.0431,-0.0000,-0.3417,0.0250,0.4197,0.0000,0.4049,0.6193,-0.6624,0.5079
2021,133,Richie Koehler,Rider,2,0,0.7173,24.0000,-0.7173,0.0263,-0.2492,0.0000,0.0000,0.0000,0.0000,-0.0053,-0.4890,0.0000,-0.2080,0.0263,-0.4873,0.0000,-0.0483,0.0180,-0.5070,-0.7173
2021,133,Roman Bravo-Young,Penn State,5,5,3.6397,2.0000,1.3603,-0.1202,0.5145,0.0000,0.0000,0.5560,0.0000,0.0221,0.3878,0.0000,0.2736,-0.1202,0.4043,0.5560,0.2466,0.6512,-0.2634,1.3603
2021,133,Ryan Sullivan,West Virginia,3,1,0.9552,20.0000,0.0448,-0.0113,-0.3154,0.0000,0.0000,0.5497,0.0000,-0.0125,-0.1353,-0.0304,-0.0949,-0.0113,-0.5542,0.5497,0.1554,0.5528,-0.6881,0.0448
2021,133,Sean Carter,Appalachian State,3,1,0.4808,31.0000,0.5192,-0.0335,0.2382,0.0000,0.0000,0.0000,0.0000,-0.0059,0.3203,0.0000,-0.6055,-0.0335,1.0065,0.0000,0.1517,1.5057,-1.1854,0.5192
2021,133,Ty Smith,Utah Valley,2,0,0.4504,28.0000,-0.4504,-0.0393,0.0036,0.0000,0.0000,0.0000,0.0000,-0.0011,-0.4135,0.0000,-0.0687,-0.0393,-0.3436,0.0000,0.0013,0.0692,-0.4827,-0.4504
2021,133,Zach Price,South Dakota State,5,3,2.5369,14.0000,0.4631,0.1053,-0.2091,0.0000,0.0000,0.4646,0.0000,-0.0095,0.1118,0.0000,0.0531,0.1053,-0.2496,0.4646,0.0897,0.9849,-0.8731,0.4631
2021,133,Zach Redding,Iowa State,2,0,1.4483,13.0000,-1.4483,-0.0169,-0.4516,0.0000,0.0000,-0.5497,0.0000,-0.0133,-0.4167,0.0000,-0.2099,-0.0169,-0.8023,-0.5497,0.1306,0.3740,-0.7907,-1.4483
2021,141,Allan Hart,Missouri,4,2,2.4648,6.0000,-0.4648,0.0100,-0.0912,0.0000,0.0000,0.0000,0.0000,-0.0060,-0.3776,0.0000,-0.6086,0.0100,0.5092,0.0000,-0.3754,1.1813,-1.5588,-0.4648
2021,141,Angelo Martinoni,Csu Bakersfield,3,1,0.6064,27.0000,0.3936,-0.0803,0.3705,0.0000,0.0000,0.0000,0.0000,0.0210,0.0823,0.0000,0.4830,-0.0803,-0.5188,0.0000,0.5097,0.6368,-0.5545,0.3936
2021,141,Anthony Brito,Appalachian State,2,0,0.8669,22.0000,-0.8669,0.0811,-0.3925,0.0000,0.0000,0.0000,0.0000,-0.0214,-0.5341,0.0000,-0.5244,0.0811,0.0998,0.0000,-0.5233,0.3867,-0.9207,-0.8669
2021,141,Brian Courtney,Virginia,3,1,1.1682,20.0000,-0.1682,-0.0082,0.5288,0.0000,0.0000,-0.5637,0.0000,-0.0021,-0.1231,0.0000,0.0397,-0.0082,-0.0896,-0.5637,0.4535,1.4803,-1.6034,-0.1682
2021,141,Cayden Rooks,Indiana,3,1,0.4356,32.0000,0.5644,-0.0814,0.6238,0.0000,0.0000,0.0000,0.0000,0.0167,0.0267,-0.0213,-0.2646,-0.0814,0.3281,0.0000,0.5824,0.3871,-0.3604,0.5644
2021,141,Chad Red,Nebraska,8,5,4.5519,8.0000,0.4481,-0.0422,-0.3007,0.0000,0.0000,0.4800,0.1520,0.0361,0.1231,0.0000,0.4674,-0.0422,-0.6977,0.4800,0.2406,2.9576,-2.8345,0.4481
2021,141,Chase Zollmann,Wyoming,2,0,0.2712,29.0000,-0.2712,0.0017,-0.0527,0.0000,0.0000,0.0000,0.0000,-0.0109,-0.2092,-0.0000,-0.1032,0.0017,-0.1962,0.0000,0.0266,0.0266,-0.2358,-0.2712
2021,141,Clay Carlson,South Dakota State,7,4,3.6708,15.0000,0.3292,-0.0158,-0.8529,0.0000,0.0000,0.0000,-0.0289,-0.0006,1.2061,0.0213,-0.0626,-0.0158,-0.0616,0.0000,0.4692,3.3461,-2.1400,0.3292
2021,141,Cody Trybus,Navy,3,1,1.5975,11.0000,-0.5975,-0.0767,-0.1979,0.0000,0.0000,0.0000,0.0000,-0.0012,-0.3217,0.0000,-0.0296,-0.0767,-0.4926,0.0000,0.0013,0.5023,-0.8240,-0.5975
2021,141,Cole Matthews,Pittsburgh,3,1,1.1174,16.0000,-0.1174,-0.0557,-0.1320,0.0000,0.0000,0.0000,0.0000,-0.0081,0.0784,0.0000,-0.2176,-0.0557,-0.0938,0.0000,0.2497,0.7170,-0.6386,-0.1174
2021,141,Colin Valdiviez,Northwestern,4,2,1.0927,26.0000,0.9073,-0.0547,0.5222,0.0000,0.0000,0.0000,0.0000,-0.0025,0.4423,0.0000,0.1345,-0.0547,0.0488,0.0000,0.7788,0.9774,-0.5351,0.9073
2021,141,Connor McGonagle,Lehigh,2,0,0.7173,24.0000,-0.7173,0.0133,-0.3836,0.0000,0.0000,0.0000,0.0000,-0.0001,-0.3468,0.0000,-0.2499,0.0133,-0.2439,0.0000,-0.2368,0.2863,-0.6332,-0.7173
2021,141,DJ Lloren,Fresno State,3,1,1.9729,13.0000,-0.9729,-0.0452,-0.5386,0.0000,0.0000,0.0000,0.0000,0.0086,-0.3976,0.0000,-0.6612,-0.0452,-0.5822,0.0000,0.3157,0.8728,-1.2705,-0.9729
2021,141,Dom Demas,Oklahoma,5,3,4.2745,5.0000,-1.2745,-0.0113,-0.3270,0.0000,0.0000,-1.1952,0.0000,0.0006,0.2584,0.0000,-0.1242,-0.0113,-0.0214,-1.1952,0.0776,0.5718,-0.3133,-1.2745
2021,141,Dresden Simon,Central Michigan,4,2,2.0035,9.0000,-0.0035,-0.0464,0.2832,0.0000,0.0000,0.0000,-0.1179,-0.0020,-0.0604,-0.0601,0.1789,-0.0464,-0.4323,0.0000,0.2962,1.7145,-1.7749,-0.0035
2021,141,Drew Mattin,Michigan,3,1,1.1659,25.0000,-0.1659,-0.0127,0.1305,0.0000,0.0000,0.0000,0.0000,-0.0009,-0.2827,0.0000,-0.0021,-0.0127,0.0245,0.0000,-0.1755,0.4577,-0.7404,-0.1659
2021,141,Dylan D`Emilio,Ohio State,4,2,0.7219,30.0000,1.2781,-0.0019,0.0289,0.0000,0.0000,0.5637,0.0000,-0.0006,0.6880,0.0000,-0.0595,-0.0019,0.6199,0.5637,0.1559,1.8184,-1.1304,1.2781
2021,141,Dylan Duncan,Illinois,8,6,3.0861,14.0000,2.9139,0.0230,1.5278,0.0000,0.0000,0.0000,0.0000,0.0033,1.3598,0.0000,0.1814,0.0230,1.6728,0.0000,1.0367,3.1664,-1.8066,2.9139
2021,141,Grant Willits,Oregon State,4,2,2.5157,12.0000,-0.5157,0.1137,-0.6467,0.0000,0.0000,0.0000,0.0000,-0.0071,0.0243,0.0000,-0.3546,0.1137,-0.0477,0.0000,-0.2272,1.0334,-1.0091,-0.5157
2021,141,Ian Parker,Iowa State,3,1,2.2304,7.0000,-1.2304,0.0434,-0.5199,0.0000,0.0000,0.3762,0.0000,0.0017,-1.1318,0.0000,-0.2851,0.0434,-1.1447,0.3762,-0.2202,0.2831,-1.4148,-1.2304
2021,141,Jaydin Eierman,Iowa,5,4,4.3005,1.0000,-0.3005,0.1352,-0.3943,0.0000,0.0000,-0.5560,0.0000,0.0091,0.3716,0.1339,-0.1459,0.1352,-0.2514,-0.5560,0.5176,0.7933,-0.4216,-0.3005
2021,141,Julian Flores,Drexel,2,0,0.2879,31.0000,-0.2879,-0.0056,-0.0015,0.0000,0.0000,0.0000,0.0000,-0.0008,-0.2797,-0.0002,-0.0620,-0.0056,-0.2014,0.0000,-0.0188,0.0000,-0.2797,-0.2879
2021,141,Lane Peters,Army West Point,2,0,1.0992,19.0000,-1.0992,0.0344,-0.2897,0.0000,0.0000,0.0000,0.0000,-0.0000,-0.8439,0.0000,-0.4495,0.0344,-0.6296,0.0000,-0.0546,0.3965,-1.2404,-1.0992
2021,141,Marcos Polanco,Minnesota,2,0,0.2887,28.0000,-0.2887,-0.0387,-0.0466,0.0000,0.0000,0.0000,0.0000,-0.0048,-0.1986,0.0000,-0.1188,-0.0387,-0.0441,0.0000,-0.0871,0.0243,-0.2229,-0.2887
2021,141,McKenzie Bell,Rider,2,0,1.2519,17.0000,-1.2519,0.0844,-0.7066,0.0000,0.0000,0.0000,0.0000,-0.0168,-0.6129,0.0000,-0.7225,0.0844,-0.8746,0.0000,0.2608,0.2720,-0.8848,-1.2519
2021,141,Nick Lee,Penn State,5,5,3.6166,2.0000,1.3834,-0.0601,0.4606,0.0000,0.0000,0.5560,0.0000,-0.0001,0.4267,0.0002,-0.4335,-0.0601,0.9338,0.5560,0.3871,1.1334,-0.7067,1.3834
2021,141,Parker Filius,Purdue,4,2,1.8934,18.0000,0.1066,0.0422,0.4865,0.0000,0.0000,0.0000,0.0289,-0.0021,-0.4489,0.0000,-0.1320,0.0422,0.0667,0.0000,0.1297,1.4260,-1.8750,0.1066
2021,141,Real Woods,Stanford,4,2,0.9438,21.0000,1.0562,0.0026,1.0962,0.0000,0.0000,0.6370,0.0000,0.0108,-0.6904,0.0000,-0.1847,0.0026,0.3826,0.6370,0.2187,0.9292,-1.6196,1.0562
2021,141,Saul Ervin,SIU Edwardsville,2,0,0.3995,23.0000,-0.3995,-0.0359,-0.1231,0.0000,0.0000,-0.3762,0.0000,-0.0041,0.1398,0.0000,-0.1863,-0.0359,0.6276,-0.3762,-0.4287,0.3219,-0.1821,-0.3995
2021,141,Sebastian Rivera,Rutgers,6,4,4.2644,3.0000,-0.2644,0.0239,-0.4469,0.0000,0.0000,0.0000,0.0000,0.0114,0.1472,0.0000,-0.1298,0.0239,-0.3513,0.0000,0.1927,1.7148,-1.5676,-0.2644
2021,141,Tariq Wilson,NC State,6,5,3.9904,4.0000,1.0096,0.0224,0.1064,0.0000,0.0000,0.0000,-0.0341,0.0077,0.9810,-0.0738,-0.1126,0.0224,0.7089,0.0000,0.3909,1.2414,-0.2604,1.0096
2021,141,Zachary Sherman,North Carolina,6,4,3.1322,10.0000,0.8678,0.0415,0.2790,0.0000,0.0000,0.0782,0.0000,-0.0348,0.5037,0.0000,-0.2265,0.0415,0.9520,0.0782,0.0225,1.4447,-0.9409,0.8678
2021,149,Anthony Cheloni,Northern Illinois,3,1,0.5016,26.0000,0.4984,-0.0157,0.3618,0.0000,0.0000,0.0000,0.0000,0.0034,0.1488,0.0000,0.1036,-0.0157,-0.1261,0.0000,0.5366,0.6962,-0.5474,0.4984
2021,149,Austin O`Connor,North Carolina,5,5,3.5537,2.0000,1.4463,0.0311,-0.0066,0.0000,0.0000,0.4702,0.0000,0.0095,0.9421,0.0000,-0.2059,0.0311,1.2043,0.4702,-0.0534,1.4551,-0.5130,1.4463
2021,149,Boo Lewallen,Oklahoma State,6,4,4.5229,4.0000,-0.5229,-0.0029,-1.5063,0.0000,0.0000,0.7613,0.0000,-0.0015,0.2683,-0.0419,-0.0687,-0.0029,-1.5986,0.7613,0.3859,2.0463,-1.7780,-0.5229
2021,149,Brock Mauller,Missouri,6,4,4.6613,3.0000,-0.6613,-0.0326,-0.6487,0.0000,0.0000,-0.4702,0.0000,0.0043,0.4859,0.0000,-0.0597,-0.0326,-0.6740,-0.4702,0.5752,1.8834,-1.3975,-0.6613
2021,149,Bryce Andonian,Virginia Tech,4,2,2.6678,6.0000,-0.6678,0.1008,-0.6554,0.0000,-0.3959,0.0000,-0.0033,-0.0152,0.2924,0.0087,0.1162,0.1008,-0.1824,0.0000,-0.7024,1.3595,-1.0671,-0.6678
2021,149,Cameron Hunsaker,Utah Valley,2,0,0.2097,33.0000,-0.2097,-0.0168,-0.0266,0.0000,0.0000,0.0000,0.0000,0.0005,-0.1667,-0.0000,-0.0504,-0.0168,-0.2660,0.0000,0.1235,0.1459,-0.3126,-0.2097
2021,149,Casey Cobb,Navy,2,0,1.1323,19.0000,-1.1323,-0.0024,-0.2736,0.0000,0.0000,0.0000,0.0000,0.0150,-0.8714,0.0000,-0.1553,-0.0024,-0.9667,0.0000,-0.0080,0.1355,-1.0068,-1.1323
2021,149,Cory Crooks,Arizona State,3,1,0.5286,31.0000,0.4714,-0.0881,0.3460,0.0000,0.0000,0.0000,0.0000,0.0034,0.2100,0.0000,0.2347,-0.0881,0.1536,0.0000,0.1712,1.5446,-1.3346,0.4714
2021,149,Graham Rooks,Indiana,3,1,1.2280,21.0000,-0.2280,-0.1008,-0.0333,0.0000,0.0000,0.0000,0.0000,-0.0238,-0.0700,0.0000,-0.3276,-0.1008,-0.1464,0.0000,0.3469,1.6452,-1.7153,-0.2280
2021,149,Greg Gaxiola,Hofstra,2,1,0.5310,32.0000,0.4690,-0.0004,0.3034,0.0000,0.0000,0.0000,0.0000,-0.0155,0.1815,0.0000,-0.0308,-0.0004,0.2890,0.0000,0.2112,0.7691,-0.5876,0.4690
2021,149,Griffin Parriott,Purdue,3,1,1.1968,15.0000,-0.1968,0.0222,0.1266,0.0000,0.0000,0.0000,0.0000,-0.0001,-0.3363,-0.0094,-0.3162,0.0222,-0.0922,0.0000,0.1893,1.0534,-1.3896,-0.1968
2021,149,Jaden Abas,Stanford,7,5,5.0857,8.0000,-0.0857,-0.0992,-0.5776,0.0000,0.0000,0.4625,-0.0302,0.0427,0.1163,0.0000,-0.8511,-0.0992,-0.1790,0.4625,0.5812,1.4988,-1.3826,-0.0857
2021,149,Jarrett Degen,Iowa State,2,0,1.1762,18.0000,-1.1762,0.0569,-0.4604,0.0000,0.0000,0.0000,0.0000,0.0023,-0.7751,0.0000,-0.1500,0.0569,-0.9310,0.0000,-0.1522,1.0174,-1.7925,-1.1762
2021,149,Jimmy Hoffman,Lehigh,2,0,0.8669,22.0000,-0.8669,-0.0148,-0.0193,0.0000,0.0000,0.0000,0.0000,-0.0260,-0.8067,0.0000,-0.2438,-0.0148,-0.6678,0.0000,0.0596,0.5698,-1.3766,-0.8669
2021,149,Jonathan Millner,Appalachian State,6,3,4.0826,7.0000,-1.0826,0.0755,-0.9254,0.0000,0.0000,0.0000,0.0000,-0.0028,-0.2298,0.0000,-0.4506,0.0755,-1.5445,0.0000,0.8371,1.9698,-2.1997,-1.0826
2021,149,Josh Finesilver,Duke,5,3,1.0966,27.0000,1.9034,-0.0164,0.4167,0.0000,0.0000,0.0000,0.0000,0.0348,0.7899,0.6784,0.8416,-0.0164,0.2699,0.0000,0.8083,2.1771,-1.3872,1.9034
2021,149,Joshua Heil,Campbell,4,2,1.8404,20.0000,0.1596,0.0812,0.5510,0.0000,0.0000,-0.3533,0.0000,-0.0235,-0.0957,0.0000,-0.0384,0.0812,0.8368,-0.3533,-0.3666,1.6971,-1.7928,0.1596
2021,149,Kanen Storr,Michigan,4,2,2.3390,11.0000,-0.3390,-0.0362,0.0227,0.0000,0.0000,-0.5167,0.0000,0.0183,0.1729,0.0000,-0.3984,-0.0362,0.3865,-0.5167,0.2258,1.3080,-1.1350,-0.3390
2021,149,Kody Komara,Kent State,2,0,0.2712,29.0000,-0.2712,0.0000,0.0172,0.0000,0.0000,0.0000,0.0000,0.0000,-0.1995,-0.0889,-0.1154,0.0000,-0.1709,0.0000,0.0151,0.0151,-0.2147,-0.2712
2021,149,Kyle Parco,Fresno State,8,5,2.3494,17.0000,2.6506,-0.0582,1.7555,0.0000,0.3959,0.5071,0.0033,0.0237,0.0234,0.0000,0.2642,-0.0582,1.6276,0.5071,0.3100,4.1128,-4.0894,2.6506
2021,149,Legend Lamer,Cal Poly,4,2,3.1392,9.0000,-1.1392,0.0298,-0.6992,0.0000,0.0000,0.0000,0.0000,-0.0137,-0.4562,0.0000,-0.5340,0.0298,-1.2093,0.0000,0.5743,0.8543,-1.3104,-1.1392
2021,149,Luke Nichter,Drexel,2,0,0.3746,24.0000,-0.3746,-0.0142,-0.0054,0.0000,0.0000,0.0000,0.0000,-0.0034,-0.3516,0.0000,-0.1315,-0.0142,-0.2323,0.0000,0.0035,0.0035,-0.3551,-0.3746
2021,149,Marcus Robinson,Cleveland State,1,0,0.0479,30.0000,-0.0479,0.0009,0.0083,0.0000,0.0000,0.0000,0.0000,-0.0006,-0.0564,0.0000,-0.0196,0.0009,-0.0311,0.0000,0.0019,0.0035,-0.0599,-0.0479
2021,149,Max Murin,Iowa,4,2,1.5892,12.0000,0.4108,0.0118,0.6824,0.0000,0.0000,-0.8705,0.0000,0.0174,0.5697,0.0000,-0.5728,0.0118,1.1825,-0.8705,0.6598,2.8161,-2.2464,0.4108
2021,149,Michael Blockhus,Minnesota,3,1,1.2471,14.0000,-0.2471,-0.0065,-0.0700,0.0000,0.0000,0.0000,0.0000,-0.0027,0.0029,-0.1707,-0.2641,-0.0065,-0.1505,0.0000,0.1741,0.3845,-0.3816,-0.2471
2021,149,Mike Van Brill,Rutgers,2,0,1.5775,10.0000,-1.5775,0.0040,-0.9539,0.0000,0.0000,0.0000,0.0000,-0.0026,-0.6250,0.0000,-0.9723,0.0040,-0.5403,0.0000,-0.0689,0.6105,-1.2356,-1.5775
2021,149,Mitch Moore,Oklahoma,5,3,3.1587,13.0000,-0.1587,-0.0083,-0.8745,0.0000,0.0000,0.5167,0.0000,-0.0039,-0.0303,0.2415,-0.8303,-0.0083,-0.4258,0.5167,0.5891,0.7195,-0.7497,-0.1587
2021,149,PJ Ogunsanya,Army West Point,4,2,2.0993,16.0000,-0.0993,-0.0256,0.5047,0.0000,0.0000,-0.5071,0.0302,-0.0018,-0.1091,0.0094,0.1611,-0.0256,0.3381,-0.5071,-0.0659,1.8224,-1.9314,-0.0993
2021,149,Peyton Omania,Michigan State,2,0,0.4504,28.0000,-0.4504,-0.0241,0.2460,0.0000,0.0000,-0.3228,0.0000,0.0038,-0.3532,0.0000,-0.0068,-0.0241,0.2185,-0.3228,-0.3151,0.4384,-0.7916,-0.4504
2021,149,Ridge Lovett,Nebraska,3,1,2.5412,5.0000,-1.5412,0.0411,-0.6571,0.0000,0.0000,0.3228,0.0000,-0.0051,-0.5559,-0.6871,-0.6913,0.0411,-1.4407,0.3228,0.2268,0.9826,-1.5385,-1.5412
2021,149,Sammy Sasso,Ohio State,5,4,4.3816,1.0000,-0.3816,-0.0789,-0.6981,0.0000,0.0000,0.0000,0.0000,-0.0147,0.3500,0.0600,-0.5344,-0.0789,0.1225,0.0000,0.1092,2.0885,-1.7386,-0.3816
2021,149,Triston Lara,Northern Iowa,3,1,0.5889,23.0000,0.4111,-0.0146,0.4827,0.0000,0.0000,0.0000,0.0000,-0.0326,-0.0244,0.0000,-0.0912,-0.0146,-0.0831,0.0000,0.6000,1.2154,-1.2398,0.4111
2021,149,Yahya Thomas,Northwestern,7,6,0.9629,25.0000,5.0371,0.2014,3.2662,0.0000,0.0000,0.0000,0.0000,0.0104,1.5591,0.0000,-1.3913,0.2014,5.0293,0.0000,1.1977,3.2335,-1.6744,5.0371
2021,157,Andrew Cerniglia,Navy,3,1,1.2280,21.0000,-0.2280,-0.0590,0.0358,0.0000,0.0000,0.0000,0.0000,0.0002,-0.2050,0.0000,0.0277,-0.0590,-0.6558,0.0000,0.4591,0.8493,-1.0543,-0.2280
2021,157,Benjamin Barton,Campbell,3,1,1.0017,22.0000,-0.0017,-0.0374,0.0797,0.0000,0.0000,0.0000,0.0000,0.0012,-0.0451,0.0000,-0.1965,-0.0374,-0.1224,0.0000,0.3547,1.6288,-1.6739,-0.0017
2021,157,Brady Berge,Penn State,3,2,1.2058,12.0000,0.7942,0.0382,0.5806,0.0000,0.0000,0.0000,0.0000,0.0001,0.2723,-0.0971,-0.3785,0.0382,0.9550,0.0000,0.1794,0.9128,-0.6405,0.7942
2021,157,Brayton Lee,Minnesota,7,4,3.2914,6.0000,0.7086,-0.0397,0.6835,0.0000,0.0000,-0.4474,0.0000,0.0135,0.4987,0.0000,0.0297,-0.0397,0.6574,-0.4474,0.5086,1.4748,-0.9761,0.7086
2021,157,Cade DeVos,South Dakota State,3,1,1.2913,18.0000,-0.2913,-0.0289,-0.4670,0.0000,0.0000,0.0000,0.0000,0.0013,0.2032,-0.0000,-0.4310,-0.0289,0.2135,0.0000,-0.0449,0.9431,-0.7399,-0.2913
2021,157,Caleb Licking,Nebraska,2,0,0.4504,28.0000,-0.4504,0.0279,0.0330,0.0000,0.0000,0.0000,0.0000,-0.0004,-0.5109,0.0000,-0.2929,0.0279,0.0106,0.0000,-0.1960,0.3029,-0.8138,-0.4504
2021,157,Chase Saldate,Michigan State,2,0,1.3575,15.0000,-1.3575,-0.0132,-0.3688,0.0000,0.0000,0.0000,0.0000,-0.0028,-0.9726,0.0000,-0.3178,-0.0132,-0.9258,0.0000,-0.1006,0.2354,-1.2081,-1.3575
2021,157,Cody Bond,Appalachian State,2,0,1.0216,20.0000,-1.0216,-0.0202,-0.4787,0.0000,0.0000,0.0000,0.0000,-0.0157,-0.5070,0.0000,-0.0548,-0.0202,-0.8784,0.0000,-0.0682,0.7571,-1.2640,-1.0216
2021,157,Connor Brady,Virginia Tech,2,0,0.5121,27.0000,-0.5121,0.0312,-0.0949,0.0000,0.0000,0.0000,0.0000,-0.0020,-0.4464,0.0000,-0.2631,0.0312,-0.3691,0.0000,0.0889,0.9676,-1.4140,-0.5121
2021,157,David Carr,Iowa State,5,5,3.4258,3.0000,1.5742,0.0929,0.3943,0.0000,0.0000,0.4474,-0.0192,0.0027,0.6562,0.0000,-0.4167,0.0929,0.9305,0.4474,0.5202,1.3184,-0.6621,1.5742
2021,157,Hayden Hidlay,NC State,6,4,5.0083,2.0000,-1.0083,-0.0070,-0.6195,0.0000,0.0000,0.0000,0.0000,0.0033,-0.3902,0.0050,-0.4296,-0.0070,-0.8148,0.0000,0.2430,1.2147,-1.6049,-1.0083
2021,157,Holden Heller,Hofstra,2,0,1.0992,19.0000,-1.0992,0.0273,-0.1777,0.0000,0.0000,-0.4646,0.0000,-0.0001,-0.4842,0.0000,-0.4717,0.0273,-0.2097,-0.4646,0.0194,0.0818,-0.5660,-1.0992
2021,157,Hunter Willits,Oregon State,4,2,1.9354,13.0000,0.0646,0.0234,0.1589,0.0000,0.0000,0.0000,0.0000,-0.0085,-0.1093,0.0000,-0.6557,0.0234,0.5818,0.0000,0.1150,0.6619,-0.7712,0.0646
2021,157,Jacob Wright,Wyoming,4,2,0.9739,23.0000,1.0261,0.0342,0.3447,0.0000,0.0000,1.0749,0.0000,-0.0039,-0.4188,-0.0050,-0.3920,0.0342,-0.0570,1.0749,0.3661,0.4291,-0.8479,1.0261
2021,157,Jacori Teemer,Arizona State,8,6,3.8762,11.0000,2.1238,-0.1689,0.3427,0.0000,0.0000,0.4756,0.0000,-0.0138,1.4882,0.0000,-0.2418,-0.1689,1.6212,0.4756,0.4378,3.2105,-1.7223,2.1238
2021,157,Jared Franek,North Dakota State,4,2,2.0708,8.0000,-0.0708,-0.0176,0.3596,0.0000,0.0000,0.0000,0.0022,0.0009,-0.6226,0.2067,0.0875,-0.0176,0.0645,0.0000,-0.2052,1.6472,-2.2698,-0.0708
2021,157,Jarrett Jacques,Missouri,4,2,2.6704,7.0000,-0.6704,-0.0047,-1.2372,0.0000,0.0000,0.0000,0.0000,-0.0031,0.5747,0.0000,-0.3257,-0.0047,-0.3718,0.0000,0.0319,1.1802,-0.6055,-0.6704
2021,157,Jesse Dellavecchia,Rider,5,4,3.1175,4.0000,0.8825,-0.0431,-0.0483,0.0000,0.0000,0.0000,0.0000,0.0147,0.1574,0.8019,-0.1142,-0.0431,-0.0166,0.0000,1.0564,0.6526,-0.4952,0.8825
2021,157,Johnny Lovett,Central Michigan,4,2,1.6973,26.0000,0.3027,-0.0460,0.7214,0.0000,0.0000,-0.4810,0.0000,0.0259,0.0823,0.0000,-0.5222,-0.0460,0.7355,-0.4810,0.6164,1.7076,-1.6252,0.3027
2021,157,Joshua McClure,North Carolina,3,1,0.6134,29.0000,0.3866,-0.0118,0.5760,0.0000,0.0000,0.0000,0.0000,0.0059,-0.1835,0.0000,0.1794,-0.0118,0.1814,0.0000,0.0376,0.8968,-1.0803,0.3866
2021,157,Justin McCoy,Virginia,2,0,1.3256,16.0000,-1.3256,-0.0712,-0.7249,0.0000,0.0000,0.0000,0.0000,0.0001,-0.5295,0.0000,-0.3176,-0.0712,-1.0656,0.0000,0.1288,0.2809,-0.8104,-1.3256
2021,157,Justin Thomas,Oklahoma,2,0,1.1708,10.0000,-1.1708,0.0233,-0.2661,0.0000,0.0000,-0.5939,0.0000,-0.0081,-0.3260,0.0000,-0.0969,0.0233,-0.5594,-0.5939,0.0562,0.4134,-0.7394,-1.1708
2021,157,Kaleb Young,Iowa,7,5,5.6044,5.0000,-0.6044,-0.0112,-0.9635,0.0000,0.0000,0.0000,0.0000,0.0065,0.3638,0.0000,-0.3226,-0.0112,-0.9467,0.0000,0.6760,1.3490,-0.9853,-0.6044
2021,157,Kendall Coleman,Purdue,2,1,1.2699,9.0000,-0.2699,-0.0269,0.2547,0.0000,0.0000,0.0000,0.0000,0.0003,-0.2914,-0.2067,-0.2358,-0.0269,0.0712,0.0000,-0.0785,0.6504,-0.9418,-0.2699
2021,157,Markus Hartman,Army West Point,3,1,0.5298,30.0000,0.4702,-0.0149,0.3056,0.0000,0.0000,0.0000,0.0000,-0.0007,0.1802,0.0000,-0.1389,-0.0149,0.1575,0.0000,0.4665,0.4981,-0.3179,0.4702
2021,157,Michael Petite,Buffalo,3,1,0.4808,31.0000,0.5192,0.0104,0.3424,0.0000,0.0000,0.0000,0.0000,0.0002,0.1663,0.0000,0.0019,0.0104,-0.0223,0.0000,0.5293,0.7489,-0.5827,0.5192
2021,157,Nicholas Palumbo,Sacred Heart,2,0,0.7173,24.0000,-0.7173,-0.0065,-0.0747,0.0000,0.0000,0.0000,0.0000,-0.0004,-0.6357,0.0000,-0.0625,-0.0065,-0.7112,0.0000,0.0629,0.3487,-0.9845,-0.7173
2021,157,Parker Kropman,Drexel,3,1,1.1659,25.0000,-0.1659,0.0376,-0.1394,0.0000,0.0000,0.0000,0.0000,-0.0224,-0.0417,0.0000,0.0269,0.0376,-0.1383,0.0000,-0.0920,0.9159,-0.9576,-0.1659
2021,157,Requir van der Merwe,Stanford,4,2,1.5342,17.0000,0.4658,-0.0138,0.3804,0.0000,0.0000,0.0000,0.0000,-0.0012,0.1003,0.0000,-0.5122,-0.0138,0.7381,0.0000,0.2537,0.8554,-0.7551,0.4658
2021,157,Ryan Deakin,Northwestern,6,5,5.3941,1.0000,-0.3941,0.1546,-0.7860,0.0000,0.0000,0.0000,-0.0022,0.0052,0.9390,-0.7048,-0.2632,0.1546,-0.3466,0.0000,0.0610,1.4788,-0.5398,-0.3941
2021,157,Will Lewan,Michigan,4,2,1.9741,14.0000,0.0259,0.0244,-0.2136,0.0000,0.0000,-0.0110,0.0192,0.0009,0.2060,0.0000,0.0220,0.0244,0.0814,-0.0110,-0.0909,0.7903,-0.5843,0.0259
2021,157,Wyatt Sheets,Oklahoma State,6,3,0.9853,33.0000,2.0147,0.1163,1.0668,0.0000,0.0000,0.0000,0.0000,0.0001,0.8315,0.0000,-0.1933,0.1163,1.2121,0.0000,0.8795,2.1592,-1.3277,2.0147
2021,165,Alex Marinelli,Iowa,3,2,2.8271,1.0000,-0.8271,0.0126,-0.2426,0.0000,0.0000,-0.6574,0.0000,0.0010,0.0593,0.0000,-0.0067,0.0126,-0.1532,-0.6574,-0.0224,0.1526,-0.0933,-0.8271
2021,165,Andrew Nicholson,Chattanooga,3,1,0.7504,26.0000,0.2496,-0.0644,0.1556,0.0000,0.0000,0.0000,0.0000,-0.0035,0.1618,0.0000,-0.0235,-0.0644,0.2110,0.0000,0.1265,1.1326,-0.9708,0.2496
2021,165,Andrew Sparks,Minnesota,2,0,0.7173,24.0000,-0.7173,-0.0291,0.1003,0.0000,0.0000,0.0000,0.0000,-0.0015,-0.7869,0.0000,-0.5832,-0.0291,0.7382,0.0000,-0.8432,0.7268,-1.5137,-0.7173
2021,165,Anthony Valencia,Arizona State,5,3,4.3276,2.0000,-1.3276,-0.0284,-1.0759,0.0000,0.0000,0.3196,0.0516,-0.0014,-0.5931,0.0000,-0.7955,-0.0284,-0.2100,0.3196,-0.6133,0.8431,-1.4362,-1.3276
2021,165,Austin Yant,Northern Iowa,3,1,0.4358,33.0000,0.5642,0.0610,0.1347,0.0000,0.0000,-0.4039,0.0000,0.0070,0.7654,0.0000,-0.1317,0.0610,0.5312,-0.4039,0.5075,1.1583,-0.3929,0.5642
2021,165,Brian Meyer,Lehigh,2,0,0.3924,29.0000,-0.3924,-0.0328,-0.0945,0.0000,0.0000,0.0000,0.0000,-0.0007,-0.2644,0.0000,-0.3712,-0.0328,-0.0485,0.0000,0.0601,0.0501,-0.3145,-0.3924
2021,165,Cameron Amine,Michigan,5,3,2.9346,11.0000,0.0654,0.0221,-0.5417,0.0000,0.0000,0.4211,0.0000,0.0125,0.1516,0.0000,-0.0952,0.0221,-0.3027,0.4211,0.0201,1.3778,-1.2263,0.0654
2021,165,Cole Moody,Wyoming,3,1,1.3915,20.0000,-0.3915,0.0307,-0.2715,0.0000,0.0000,0.0000,0.0000,0.0005,-0.1512,0.0000,-0.3117,0.0307,-0.6104,0.0000,0.4999,0.4395,-0.5907,-0.3915
2021,165,Dan Braunagel,Illinois,2,0,1.3575,15.0000,-1.3575,-0.0655,-0.4261,0.0000,0.0000,0.0000,0.0000,-0.0002,-0.8657,0.0000,-0.5735,-0.0655,-0.4671,0.0000,-0.2513,0.3149,-1.1806,-1.3575
2021,165,David Ferrante,Northwestern,3,1,0.4808,31.0000,0.5192,0.0221,0.1559,0.0000,0.0000,0.0000,0.0000,-0.0102,0.3514,0.0000,0.0936,0.0221,-0.0053,0.0000,0.4088,0.8632,-0.5118,0.5192
2021,165,Ethan Smith,Ohio State,6,4,3.0086,7.0000,0.9914,0.0569,0.2393,0.0000,0.0000,0.5270,-0.0516,-0.0115,0.2312,0.0000,0.1759,0.0569,0.7479,0.5270,-0.5163,2.8122,-2.5810,0.9914
2021,165,Evan Barczak,Drexel,1,0,0.0479,30.0000,-0.0479,-0.0151,0.3314,0.0000,0.0000,0.0000,0.0000,-0.0061,-0.3581,0.0000,0.0000,-0.0151,-0.0656,0.0000,0.0328,0.0000,-0.3581,-0.0479
2021,165,Gerrit Nijenhuis,Purdue,4,2,2.0404,19.0000,-0.0404,0.0506,0.2878,0.0000,0.0000,-0.5132,0.0000,-0.0038,0.1318,0.0063,-0.3773,0.0506,0.6557,-0.5132,0.1438,1.0153,-0.8835,-0.0404
2021,165,Izzak Olejnik,Northern Illinois,4,2,1.6042,18.0000,0.3958,0.0381,0.6081,0.0000,0.0000,0.0843,0.0000,-0.0007,-0.3341,0.0000,-0.1664,0.0381,0.0018,0.0843,0.4380,1.2365,-1.5706,0.3958
2021,165,Jake Keating,Virginia,2,0,1.4925,12.0000,-1.4925,0.0034,-0.5916,0.0000,0.0000,0.0000,0.0000,0.0002,-0.9046,0.0000,-0.5998,0.0034,-0.8401,0.0000,-0.0561,0.6434,-1.5480,-1.4925
2021,165,Jake Silverstein,Rider,2,0,0.5121,27.0000,-0.5121,-0.0029,-0.0693,0.0000,0.0000,0.0000,0.0000,-0.0002,-0.4326,-0.0070,-0.1310,-0.0029,-0.4446,0.0000,0.0664,0.0664,-0.4991,-0.5121
2021,165,Jake Tucker,Michigan State,3,1,0.8498,25.0000,0.1502,-0.0204,0.2086,0.0000,0.0000,0.0000,0.0000,-0.0002,-0.0378,0.0000,0.3233,-0.0204,-0.1861,0.0000,0.0333,0.6655,-0.7033,0.1502
2021,165,Jake Wentzel,Pittsburgh,5,4,3.8731,3.0000,0.1269,0.1282,-0.4420,0.0000,0.0000,0.0000,0.0060,0.0184,0.4163,0.0000,0.6918,0.1282,-1.0762,0.0000,0.3831,1.7652,-1.3489,0.1269
2021,165,Joe Lee,Penn State,2,0,0.7911,23.0000,-0.7911,0.0183,-0.0919,0.0000,0.0000,0.0000,0.0000,-0.0000,-0.7175,0.0000,-0.2061,0.0183,-0.4328,0.0000,-0.1705,0.6583,-1.3758,-0.7911
2021,165,Keegan O`Toole,Missouri,7,6,3.8470,6.0000,2.1530,-0.0758,0.0527,0.4561,0.0000,0.0000,-0.0060,-0.0594,1.7784,0.0070,-0.1306,-0.0758,1.8332,0.0000,0.5262,3.2998,-1.5214,2.1530
2021,165,Kennedy Monday,North Carolina,3,1,1.3465,22.0000,-0.3465,0.0507,0.4684,0.0000,0.0000,-0.4211,0.0000,0.0217,-0.4662,0.0000,0.0207,0.0507,-0.0081,-0.4211,0.0113,1.0763,-1.5425,-0.3465
2021,165,Luke Weber,North Dakota State,5,3,3.1842,9.0000,-0.1842,-0.0446,-0.3661,0.0000,0.0000,0.0000,0.0000,-0.0007,0.2272,0.0000,0.3534,-0.0446,-1.2859,0.0000,0.7928,2.2788,-2.0517,-0.1842
2021,165,Mekhi Lewis,Virginia Tech,2,2,1.7156,4.0000,0.2844,0.0140,-0.0303,0.0000,0.0000,0.0000,0.0000,0.0062,0.2944,0.0000,-0.2035,0.0140,0.4176,0.0000,0.0563,0.4384,-0.1440,0.2844
2021,165,Peyton Hall,West Virginia,5,3,1.4966,21.0000,1.5034,-0.0450,0.1620,0.0000,0.0000,0.5132,0.0000,-0.0291,0.9023,0.0000,-0.0632,-0.0450,1.0025,0.5132,0.0959,2.0624,-1.1600,1.5034
2021,165,Peyton Robb,Nebraska,4,2,1.8251,14.0000,0.1749,-0.0703,0.2206,0.0000,0.0000,0.0000,0.0000,-0.0009,0.0255,0.0000,-0.1032,-0.0703,0.0232,0.0000,0.3252,1.1678,-1.1423,0.1749
2021,165,Ricky Stamm,Hofstra,1,0,0.2573,32.0000,-0.2573,-0.0009,-0.0253,0.0000,0.0000,0.0000,0.0000,0.0000,-0.2248,-0.0063,-0.0968,-0.0009,-0.1597,0.0000,0.0000,0.0000,-0.2248,-0.2573
2021,165,Rodrick Mosley,Gardner-Webb,3,1,0.4728,28.0000,0.5272,-0.0331,0.4626,0.0000,0.0000,0.0000,0.0000,-0.0029,0.1005,0.0000,0.0191,-0.0331,0.0395,0.0000,0.5017,1.3640,-1.2634,0.5272
2021,165,Shane Griffith,Stanford,5,5,2.1354,8.0000,2.8646,-0.1096,0.8082,0.0000,0.0000,0.6574,0.0000,-0.0018,1.5104,0.0000,-0.2205,-0.1096,2.2626,0.6574,0.2747,2.9134,-1.4030,2.8646
2021,165,Tanner Skidgel,Navy,3,1,1.5038,13.0000,-0.5038,0.0072,-0.1010,0.0000,0.0000,0.0000,0.0000,-0.0064,-0.4036,0.0000,-0.3399,0.0072,-0.8324,0.0000,0.6614,0.7677,-1.1713,-0.5038
2021,165,Thomas Bullard,NC State,4,2,1.5893,17.0000,0.4107,0.0595,0.3000,0.0000,0.0000,0.0000,0.0000,0.0120,0.0392,0.0000,-0.1920,0.0595,0.1526,0.0000,0.3906,0.7107,-0.6715,0.4107
2021,165,Travis Wittlake,Oklahoma State,7,5,3.9489,10.0000,1.0511,0.0374,0.7967,-0.4561,0.0000,0.0000,0.0000,0.0691,0.6040,0.0000,0.3887,0.0374,0.1492,0.0000,0.4758,2.6356,-2.0316,1.0511
2021,165,William Formato,Appalachian State,2,0,1.3256,16.0000,-1.3256,-0.0174,-0.6507,0.0000,0.0000,0.0000,0.0000,-0.0061,-0.6513,0.0000,-0.5890,-0.0174,-0.8430,0.0000,0.1239,0.2359,-0.8873,-1.3256
2021,165,Zach Hartman,Bucknell,5,2,3.5170,5.0000,-1.5170,0.0426,-0.4724,0.0000,0.0000,-0.5270,0.0000,-0.0015,-0.5587,0.0000,-0.4706,0.0426,-0.7943,-0.5270,0.2323,2.0896,-2.6483,-1.5170
2021,174,Andrew McNally,Kent State,4,2,2.7701,6.0000,-0.7701,0.0399,-0.3869,0.0000,0.0000,0.4471,0.0000,-0.0008,-0.8722,0.0028,-0.9469,0.0399,-0.2320,0.4471,-0.0783,1.0557,-1.9279,-0.7701
2021,174,Anthony Mantanona,Oklahoma,2,0,0.7911,23.0000,-0.7911,0.0038,-0.1321,0.0000,0.0000,0.0000,0.0000,-0.0000,-0.5849,-0.0779,-0.4054,0.0038,-0.4133,0.0000,0.0237,0.0287,-0.6136,-0.7911
2021,174,Austin Murphy,Campbell,5,3,2.7724,11.0000,0.2276,0.0066,0.4106,0.0000,0.0000,-0.4471,0.0288,-0.0058,0.2338,0.0008,-0.1607,0.0066,0.6726,-0.4471,0.1563,1.8769,-1.6431,0.2276
2021,174,Benjamin Pasiuk,Army West Point,4,2,1.9613,17.0000,0.0387,0.0220,0.2242,0.0000,0.0000,0.0000,0.0000,-0.0011,0.2379,-0.4443,-0.5987,0.0220,0.5967,0.0000,0.0187,1.3896,-1.1517,0.0387
2021,174,Bernie Truax,Cal Poly,6,4,1.7915,12.0000,2.2085,0.0553,1.0366,0.0000,0.0000,0.5754,0.0000,0.0180,0.5230,0.0001,0.6199,0.0553,0.7139,0.5754,0.2439,2.1243,-1.6013,2.2085
2021,174,Carter Starocci,Penn State,5,5,3.1106,3.0000,1.8894,0.0327,0.7180,0.0000,0.0000,0.5852,0.0000,0.0056,0.5478,0.0000,0.0428,0.0327,0.6596,0.5852,0.5690,0.7258,-0.1780,1.8894
2021,174,Clay Lautt,North Carolina,5,3,2.3808,16.0000,0.6192,-0.0329,0.0222,0.0000,0.0000,0.0000,0.0000,0.0020,0.2563,0.3717,-0.1568,-0.0329,0.0582,0.0000,0.7507,1.1302,-0.8739,0.6192
2021,174,Cody Howard,Virginia Tech,2,0,0.5121,27.0000,-0.5121,-0.0331,0.0610,0.0000,0.0000,-0.4683,0.0000,0.0055,-0.0743,-0.0028,-0.0415,-0.0331,-0.0882,-0.4683,0.1189,0.2574,-0.3318,-0.5121
2021,174,Cody Surratt,Air Force,2,0,0.6459,25.0000,-0.6459,-0.0704,0.2723,0.0000,0.0000,0.0000,0.0000,0.0001,-0.5309,-0.3170,-0.3257,-0.0704,0.1363,0.0000,-0.3861,0.2452,-0.7761,-0.6459
2021,174,Daniel Bullard,NC State,5,3,2.4022,8.0000,0.5978,0.0520,0.0234,0.0000,0.0000,0.0000,0.0000,0.0121,0.5103,0.0000,0.3128,0.0520,0.0651,0.0000,0.1679,1.3282,-0.8179,0.5978
2021,174,Demetrius Romero,Utah Valley,5,3,3.9038,2.0000,-0.9038,-0.0386,-0.6327,0.0000,0.0000,0.0000,0.0000,-0.0189,-0.2137,0.0000,-0.6162,-0.0386,-0.2882,0.0000,0.0391,0.7467,-0.9604,-0.9038
2021,174,Donnell Washington,Indiana,3,1,2.0968,9.0000,-1.0968,-0.0107,-0.2958,0.0000,0.0000,0.0000,0.0000,0.0012,-0.7909,-0.0005,-0.3351,-0.0107,-0.6233,0.0000,-0.1277,0.8774,-1.6683,-1.0968
2021,174,Drew Hughes,Michigan State,2,0,0.2247,32.0000,-0.2247,0.0204,-0.0413,0.0000,0.0000,0.0000,0.0000,0.0002,-0.2040,-0.0000,-0.0410,0.0204,-0.2897,0.0000,0.0856,0.0833,-0.2873,-0.2247
2021,174,Dustin Plott,Oklahoma State,3,1,0.9734,18.0000,0.0266,-0.0465,-0.0163,0.0000,0.0000,0.0000,0.0000,-0.0040,0.0935,0.0000,-0.0599,-0.0465,0.1378,0.0000,-0.0047,0.9610,-0.8675,0.0266
2021,174,Hayden Hastings,Wyoming,4,2,1.6704,14.0000,0.3296,-0.0387,0.2627,0.0000,0.0000,0.0000,-0.0288,-0.0009,0.1353,0.0000,0.0445,-0.0387,-0.1020,0.0000,0.4258,1.1876,-1.0523,0.3296
2021,174,Jackson Hemauer,Northern Colorado,2,0,1.1773,13.0000,-1.1773,0.0807,-0.5758,0.0000,0.0000,0.0000,0.0000,-0.0009,-0.6813,0.0000,-0.3506,0.0807,-1.0782,0.0000,0.1708,0.2704,-0.9517,-1.1773
2021,174,Jackson Turley,Rutgers,6,4,1.2937,26.0000,2.7063,0.0000,0.8365,0.0000,0.0000,0.0000,0.0470,-0.0031,1.3142,0.5116,0.4301,0.0000,0.5235,0.0000,1.7526,3.0206,-1.7063,2.7063
2021,174,Jacob Nolan,Binghamton,1,0,0.2414,33.0000,-0.2414,0.0218,0.1545,0.0000,0.0000,-0.4104,0.0000,0.0052,-0.0125,0.0000,0.0017,0.0218,0.1581,-0.4104,-0.0125,0.1092,-0.1218,-0.2414
2021,174,Jacob Oliver,Edinboro,3,1,1.2280,21.0000,-0.2280,-0.0085,-0.2663,0.0000,0.0000,0.0000,0.0000,-0.0001,0.0479,-0.0010,0.0364,-0.0085,-0.0613,0.0000,-0.1946,1.5792,-1.5313,-0.2280
2021,174,Jake Allar,Minnesota,3,1,0.9346,24.0000,0.0654,0.0252,0.1000,0.0000,0.0000,0.0000,0.0000,-0.0172,0.6137,-0.6563,-0.3297,0.0252,0.5115,0.0000,-0.1415,1.6174,-1.0037,0.0654
2021,174,Jake Logan,Lehigh,3,1,0.4808,31.0000,0.5192,0.0239,0.0870,0.0000,0.0000,0.6036,0.0000,0.0059,-0.2012,0.0000,-0.0665,0.0239,0.0211,0.6036,-0.0628,0.6460,-0.8472,0.5192
2021,174,Kaleb Romero,Ohio State,4,2,2.1066,7.0000,-0.1066,-0.0615,-0.1297,0.0000,0.0000,0.0000,0.0000,-0.0060,0.0906,0.0000,-0.2492,-0.0615,0.1115,0.0000,0.0926,0.6927,-0.6021,-0.1066
2021,174,Logan Massa,Michigan,7,5,5.5410,5.0000,-0.5410,0.0227,-0.5971,0.0000,0.0000,-0.5754,-0.0470,-0.0036,0.6478,0.0117,0.4567,0.0227,-0.2513,-0.5754,-0.1937,3.1108,-2.4630,-0.5410
2021,174,Mason Kauffman,Northern Illinois,3,1,1.0017,22.0000,-0.0017,-0.0005,-0.2106,0.0000,0.0000,0.4683,0.0000,-0.0040,-0.2548,0.0000,-0.1397,-0.0005,-0.3929,0.4683,0.0632,0.1715,-0.4264,-0.0017
2021,174,Michael Kemerer,Iowa,5,4,4.5005,1.0000,-0.5005,-0.0063,-0.1604,0.0000,0.0000,-0.5852,0.0000,-0.0001,0.2514,0.0000,-0.0300,-0.0063,0.0588,-0.5852,0.0621,0.4057,-0.1543,-0.5005
2021,174,Michael O`Malley,Drexel,4,2,1.8357,19.0000,0.1643,-0.0279,-0.2734,0.0000,0.0000,0.4104,0.0000,-0.0065,-0.1625,0.2241,-0.2561,-0.0279,-0.0074,0.4104,0.0453,0.6928,-0.8554,0.1643
2021,174,Mikey Labriola,Nebraska,6,5,4.2391,4.0000,0.7609,-0.0747,-0.1686,0.0000,0.0000,0.0000,0.0000,0.0209,0.9833,0.0000,-0.5269,-0.0747,1.5438,0.0000,-0.1813,2.0358,-1.0526,0.7609
2021,174,Peyton Mocco,Missouri,4,2,2.6015,10.0000,-0.6015,0.0773,-0.5440,0.0000,0.0000,0.0000,0.0000,0.0001,-0.7364,0.6016,-0.0631,0.0773,-1.3608,0.0000,0.7451,0.6726,-1.4090,-0.6015
2021,174,Thomas Flitz,Appalachian State,2,0,1.3575,15.0000,-1.3575,0.0121,-0.4185,0.0000,0.0000,-0.6036,0.0000,-0.0054,-0.3421,0.0000,-0.1064,0.0121,-0.6061,-0.6036,-0.0535,0.5261,-0.8681,-1.3575
2021,174,Timothy Fitzpatrick,American,2,0,0.4504,28.0000,-0.4504,-0.0198,0.1916,0.0000,0.0000,0.0000,0.0000,-0.0002,-0.6215,-0.0005,0.1538,-0.0198,-0.2154,0.0000,-0.3690,0.7501,-1.3716,-0.4504
2021,174,Trenton Munoz,Arizona State,3,1,0.9552,20.0000,0.0448,-0.0227,0.4284,0.0000,0.0000,0.0000,0.0000,0.0020,-0.1388,-0.2241,-0.3757,-0.0227,0.0777,0.0000,0.3655,0.6185,-0.7573,0.0448
2021,174,Victor Marcelli,Virginia,1,0,0.0479,30.0000,-0.0479,-0.0037,0.0204,0.0000,0.0000,0.0000,0.0000,-0.0002,-0.0645,0.0000,-0.0128,-0.0037,-0.0361,0.0000,0.0047,0.0074,-0.0719,-0.0479
2021,184,Aaron Brooks,Penn State,5,5,4.2921,1.0000,0.7079,0.0377,0.1120,0.0000,0.0000,0.0000,0.0000,-0.0025,0.5606,0.0000,-0.0078,0.0377,0.5892,0.0000,0.0887,0.8007,-0.2401,0.7079
2021,184,Alan Clothier,Northern Colorado,3,1,0.9734,18.0000,0.0266,-0.0410,0.1596,0.0000,0.0000,0.0000,0.0000,-0.0024,-0.0897,0.0000,-0.3686,-0.0410,0.0773,0.0000,0.3589,0.8578,-0.9475,0.0266
2021,184,Brit Wilson,Northern Illinois,7,4,4.0384,7.0000,-0.0384,0.1218,-0.0822,0.0000,0.0000,0.0000,0.0000,0.0005,-0.0906,0.0122,-0.1381,0.1218,-0.5235,0.0000,0.5014,1.1181,-1.2086,-0.0384
2021,184,Caleb Hopkins,Campbell,3,1,1.5508,14.0000,-0.5508,-0.0481,-0.5772,0.0000,0.0000,0.0000,0.0000,-0.0028,0.0774,0.0000,0.0796,-0.0481,-0.6829,0.0000,0.1005,1.4942,-1.4169,-0.5508
2021,184,Charles Small,Hofstra,3,1,0.9196,23.0000,0.0804,0.0035,0.0317,0.0000,0.0000,0.5939,0.0000,-0.0020,-0.5445,-0.0022,-0.2867,0.0035,-0.1354,0.5939,-0.0950,0.1795,-0.7240,0.0804
2021,184,Christopher Weiler,Wisconsin,2,0,1.4483,13.0000,-1.4483,-0.0338,-0.5114,0.0000,0.0000,0.0000,0.0000,-0.0001,-0.0621,-0.8408,-0.7583,-0.0338,-0.9311,0.0000,0.2749,1.0463,-1.1084,-1.4483
2021,184,Dakota Geer,Oklahoma State,8,6,4.0354,11.0000,1.9646,0.0377,0.6553,0.0000,0.0000,0.0000,0.0000,0.0083,1.2632,0.0000,-0.1574,0.0377,1.3278,0.0000,0.7565,2.9870,-1.7238,1.9646
2021,184,David Key,Navy,4,2,1.4962,20.0000,0.5038,0.0079,0.4819,0.0000,0.0000,0.0000,0.0000,-0.0002,-0.8266,0.8408,-0.1807,0.0079,-0.6524,0.0000,1.3291,2.4640,-3.2906,0.5038
2021,184,DeAndre Nassar,Cleveland State,2,0,0.3285,26.0000,-0.3285,-0.0084,-0.0344,0.0000,0.0000,0.0000,0.0000,0.0014,-0.2871,0.0000,-0.0303,-0.0084,-0.3456,0.0000,0.0558,0.1336,-0.4207,-0.3285
2021,184,Devin Kane,North Carolina,5,3,1.7952,22.0000,1.2048,-0.0609,0.3225,0.0000,0.0000,0.0000,0.0000,-0.0001,0.9555,-0.0122,-1.0846,-0.0609,2.1941,0.0000,0.1562,3.6476,-2.6921,1.2048
2021,184,Dominic Ducharme,Csu Bakersfield,3,1,1.2280,21.0000,-0.2280,-0.0229,0.0024,0.0000,0.0000,0.0000,0.0000,0.0018,-0.2092,-0.0000,0.0603,-0.0229,-0.5456,0.0000,0.2802,1.0079,-1.2171,-0.2280
2021,184,Dylan Ammerman,Lehigh,2,0,0.4504,28.0000,-0.4504,-0.0129,-0.0871,0.0000,0.0000,0.0000,0.0000,-0.0036,-0.3468,0.0000,-0.1315,-0.0129,-0.3511,0.0000,0.0451,0.0572,-0.4040,-0.4504
2021,184,Gregg Harvey,Pittsburgh,2,0,0.3383,30.0000,-0.3383,0.0079,-0.0543,0.0000,0.0000,0.0000,0.0000,-0.0020,-0.2900,0.0000,-0.0656,0.0079,-0.2541,0.0000,-0.0265,0.1624,-0.4524,-0.3383
2021,184,Hunter Bolen,Virginia Tech,6,4,4.0470,5.0000,-0.0470,0.0017,-0.1379,0.0000,0.0000,-0.4830,0.0000,0.0097,0.5623,0.0000,-0.3107,0.0017,0.3824,-0.4830,0.3625,1.4874,-0.9251,-0.0470
2021,184,Jeremiah Kent,Missouri,4,2,2.4948,9.0000,-0.4948,-0.0975,0.0791,0.0000,0.0000,0.0000,0.0000,-0.0010,-0.2206,-0.2549,-0.0090,-0.0975,-0.1506,0.0000,-0.2378,0.8120,-1.0326,-0.4948
2021,184,Jhaquan Anderson,Gardner-Webb,2,0,0.2247,32.0000,-0.2247,-0.0007,0.0202,0.0000,0.0000,0.0000,0.0000,-0.0029,-0.2413,-0.0000,-0.0771,-0.0007,0.0156,0.0000,-0.1624,0.2414,-0.4827,-0.2247
2021,184,John Poznanski,Rutgers,6,4,3.2132,6.0000,0.7868,0.0457,0.2074,0.0000,0.0000,-0.4181,0.0000,-0.0074,0.9592,0.0000,0.5357,0.0457,0.2474,-0.4181,0.3762,2.6269,-1.6677,0.7868
2021,184,Layne Malczewski,Michigan State,2,0,1.3575,15.0000,-1.3575,-0.0146,-0.8555,0.0000,0.0000,0.0000,0.0000,-0.0035,-0.4839,0.0000,-0.6697,-0.0146,-1.1267,0.0000,0.4536,0.8538,-1.3377,-1.3575
2021,184,Lou Deprez,Binghamton,6,3,4.6393,3.0000,-1.6393,-0.0510,-0.7348,0.0000,0.0000,0.0000,0.0000,0.0186,-0.8722,0.0000,-0.4735,-0.0510,-0.4591,0.0000,-0.6558,1.0979,-1.9701,-1.6393
2021,184,Matthew Waddell,Chattanooga,2,0,0.6459,25.0000,-0.6459,0.0280,-0.2080,0.0000,0.0000,0.0000,0.0000,-0.0083,-0.4576,-0.0000,-0.2324,0.0280,-0.4418,0.0000,0.0003,0.0041,-0.4617,-0.6459
2021,184,Max Lyon,Purdue,4,2,2.5176,16.0000,-0.5176,0.0476,-0.5541,0.0000,0.0000,0.0000,0.0000,0.0080,-0.0192,0.0000,-0.3144,0.0476,-0.6336,0.0000,0.3827,1.2359,-1.2551,-0.5176
2021,184,Nelson Brands,Iowa,3,1,1.6807,12.0000,-0.6807,0.0360,-0.3212,0.0000,0.0000,0.0000,0.0000,-0.0029,-0.3926,0.0000,-0.6158,0.0360,-0.1756,0.0000,0.0747,1.3508,-1.7434,-0.6807
2021,184,Owen Webster,Minnesota,5,3,1.7167,17.0000,1.2833,-0.0267,0.3462,0.0000,0.0000,0.0000,0.0000,-0.0009,0.6417,0.3229,-0.2858,-0.0267,1.0727,0.0000,0.5231,1.3049,-0.6632,1.2833
2021,184,Parker Keckeisen,Northern Iowa,6,5,3.7968,4.0000,1.2032,-0.0243,0.3125,0.0000,0.0000,0.4830,0.0000,0.0041,0.4279,0.0000,-0.3576,-0.0243,0.8615,0.4830,0.2406,1.1614,-0.7335,1.2032
2021,184,Rocky Jordan,Ohio State,5,3,1.6524,24.0000,1.3476,-0.0430,0.6419,0.0000,0.0000,0.0000,0.0000,0.0054,0.8091,-0.0658,-0.0755,-0.0430,0.7332,0.0000,0.7329,1.0966,-0.2874,1.3476
2021,184,Ryan Reyes,Oregon State,3,1,0.4808,31.0000,0.5192,0.0503,0.6309,0.0000,0.0000,0.0000,0.0000,0.0010,-0.1630,0.0000,-0.3269,0.0503,0.4305,0.0000,0.3653,0.6733,-0.8363,0.5192
2021,184,Samuel Colbray,Iowa State,4,2,0.6644,29.0000,1.3356,0.0426,0.7279,0.0000,0.0000,0.0000,0.0000,-0.0067,0.5719,0.0000,-0.2230,0.0426,1.1269,0.0000,0.3891,1.2674,-0.6955,1.3356
2021,184,Tate Samuelson,Wyoming,3,1,2.0471,10.0000,-1.0471,-0.0208,-0.1518,0.0000,0.0000,-0.5939,0.0000,-0.0034,-0.2772,0.0000,-0.1718,-0.0208,-0.2415,-0.5939,-0.0190,0.3572,-0.6344,-1.0471
2021,184,Taylor Brown,Army West Point,2,0,0.5121,27.0000,-0.5121,-0.0315,-0.0513,0.0000,0.0000,0.0000,0.0000,-0.0006,-0.4287,0.0000,-0.2572,-0.0315,-0.3732,0.0000,0.1498,0.6739,-1.1026,-0.5121
2021,184,Taylor Venz,Nebraska,4,2,2.0708,8.0000,-0.0708,0.0938,-0.1195,0.0000,0.0000,0.0000,0.0000,0.0011,-0.0461,0.0000,0.3208,0.0938,-0.3890,0.0000,-0.0963,1.1129,-1.1591,-0.0708
2021,184,Trent Hidlay,NC State,5,4,3.7235,2.0000,0.2765,-0.0615,-0.2041,0.0000,0.0000,0.4181,0.0000,-0.0001,0.1241,0.0000,-0.0845,-0.0615,-0.1759,0.4181,0.1803,0.5432,-0.4192,0.2765
2021,184,Zach Braunagel,Illinois,3,1,1.6202,19.0000,-0.6202,0.0372,-0.0467,0.0000,0.0000,0.0000,0.0000,-0.0067,-0.6040,0.0000,-0.1609,0.0372,-0.4698,0.0000,-0.0267,1.2031,-1.8071,-0.6202
2021,197,AJ Ferrari,Oklahoma State,5,5,3.0721,4.0000,1.9279,-0.0384,1.0729,0.0000,0.0000,0.0000,0.0000,0.0337,0.8597,0.0000,-0.1631,-0.0384,1.0972,0.0000,1.0323,1.3602,-0.5005,1.9279
2021,197,Benjamin Smith,Cleveland State,3,1,0.9346,24.0000,0.0654,0.0094,0.0762,0.0000,0.0000,0.0000,0.0000,-0.0001,-0.0200,-0.0000,-0.2256,0.0094,0.1353,0.0000,0.1464,0.5359,-0.5560,0.0654
2021,197,Billy Janzer,Rutgers,2,0,0.2242,33.0000,-0.2242,0.0022,0.0144,0.0000,0.0000,0.0000,0.0000,0.0025,-0.2433,0.0000,-0.2130,0.0022,-0.2896,0.0000,0.2762,0.4338,-0.6771,-0.2242
2021,197,Bryan McLaughlin,Drexel,2,0,0.3995,23.0000,-0.3995,-0.0317,0.0602,0.0000,0.0000,0.0000,0.0000,-0.0002,-0.4279,0.0000,-0.1107,-0.0317,-0.3260,0.0000,0.0689,0.2178,-0.6458,-0.3995
2021,197,Cameron Caffey,Michigan State,5,3,3.5473,10.0000,-0.5473,0.0257,-0.5504,0.0000,0.0000,0.0000,0.0000,-0.0018,-0.0700,0.0492,-0.4470,0.0257,-0.1554,0.0000,0.0294,1.2673,-1.3372,-0.5473
2021,197,Chris Kober,Campbell,3,1,1.1563,22.0000,-0.1563,-0.0445,0.2092,0.0000,0.0000,0.0000,0.0000,0.0140,-0.3351,0.0000,-0.2995,-0.0445,0.0817,0.0000,0.1059,0.5872,-0.9223,-0.1563
2021,197,Colin McCracken,Kent State,2,0,0.3924,29.0000,-0.3924,0.0144,-0.1653,0.0000,0.0000,0.0000,0.0000,-0.0140,-0.2276,-0.0000,-0.0862,0.0144,-0.4386,0.0000,0.1179,0.1184,-0.3459,-0.3924
2021,197,Eric Schultz,Nebraska,4,2,3.5557,2.0000,-1.5557,0.0002,-0.5782,0.0000,0.0000,0.0000,0.0000,-0.0024,-0.3213,-0.6540,-0.9974,0.0002,-0.2964,0.0000,-0.2622,0.4075,-0.7288,-1.5557
2021,197,Greg Bulsak,Clarion,3,1,1.8785,14.0000,-0.8785,0.0175,-0.1405,0.0000,0.0000,0.0000,0.0000,0.0002,-0.7557,0.0000,-0.0722,0.0175,-1.3513,0.0000,0.5275,1.1626,-1.9183,-0.8785
2021,197,J.J. Dixon,Oregon State,2,0,0.6459,25.0000,-0.6459,-0.0431,0.0102,0.0000,0.0000,0.0000,0.0000,-0.0007,-0.5198,-0.0924,-0.2119,-0.0431,-0.4769,0.0000,0.0861,0.1316,-0.6514,-0.6459
2021,197,JT Brown,Army West Point,3,1,2.0257,17.0000,-1.0257,-0.0089,-0.3310,0.0000,0.0000,-0.4929,0.0000,-0.0041,-0.1888,0.0000,-0.8035,-0.0089,-0.2438,-0.4929,0.5233,1.0064,-1.1952,-1.0257
2021,197,Jacob Koser,Navy,2,0,0.5174,18.0000,-0.5174,0.0087,-0.1359,0.0000,0.0000,0.0000,0.0000,-0.0016,-0.3886,0.0000,-0.2047,0.0087,-0.2928,0.0000,-0.0286,0.0171,-0.4057,-0.5174
2021,197,Jacob Warner,Iowa,7,5,4.4481,5.0000,0.5519,-0.0138,-0.8597,0.0000,0.0000,0.3228,0.0000,0.0064,1.0962,0.0000,-0.0385,-0.0138,0.5084,0.3228,-0.2271,2.1910,-1.0947,0.5519
2021,197,Jake Jakobsen,Lehigh,3,1,0.6721,16.0000,0.3279,0.0171,0.0326,0.0000,0.0000,0.4929,0.0000,-0.0031,-0.2116,0.0000,-0.2247,0.0171,-0.1729,0.4929,0.2155,0.1934,-0.4050,0.3279
2021,197,Jake Woodley,Oklahoma,6,3,0.9707,26.0000,2.0293,0.0018,1.1486,0.0000,0.0000,0.0000,0.0000,-0.0028,0.8817,0.0000,-0.2633,0.0018,1.4270,0.0000,0.8638,1.8059,-0.9242,2.0293
2021,197,Jay Aiello,Virginia,3,1,1.7865,11.0000,-0.7865,0.0200,-0.0157,0.0000,0.0000,0.0000,0.0000,-0.0030,-0.7648,-0.0230,-0.1753,0.0200,-0.9296,0.0000,0.2984,0.6283,-1.3931,-0.7865
2021,197,Kordell Norfleet,Arizona State,4,2,3.1996,3.0000,-1.1996,0.0119,-0.3651,0.0000,0.0000,0.0000,0.0000,0.0007,-0.8472,0.0000,-0.1745,0.0119,-1.1977,0.0000,0.1606,0.2466,-1.0938,-1.1996
2021,197,Lucas Davison,Northwestern,4,2,2.2064,12.0000,-0.2064,-0.0084,-0.0323,0.0000,0.0000,0.0000,0.0000,-0.0070,-0.1587,0.0000,-0.1407,-0.0084,-0.4379,0.0000,0.3807,0.8460,-1.0047,-0.2064
2021,197,Marcus Coleman,Iowa State,4,2,1.6864,21.0000,0.3136,0.0691,-0.4674,0.0000,0.0000,0.0000,0.0000,0.0004,0.6884,0.0230,-0.4130,0.0691,0.4094,0.0000,0.2480,1.9069,-1.2185,0.3136
2021,197,Max Shaw,North Carolina,3,1,1.5006,20.0000,-0.5006,-0.1236,0.1850,0.0000,0.0000,0.0000,0.0000,0.0135,-0.5756,0.0000,-0.1241,-0.1236,-0.0954,0.0000,-0.1575,0.6194,-1.1950,-0.5006
2021,197,Michael Beard,Penn State,6,4,3.1272,15.0000,0.8728,-0.0032,0.3975,0.0000,0.0000,0.5607,0.0000,0.0086,-0.0908,0.0000,-0.2562,-0.0032,-0.5608,0.5607,1.1322,2.3616,-2.4524,0.8728
2021,197,Myles Amine,Michigan,6,5,5.3184,1.0000,-0.3184,-0.0853,-0.7343,0.0000,0.0000,0.3529,0.0000,0.0042,0.1441,0.0000,-0.4445,-0.0853,-0.1119,0.3529,-0.0295,1.4224,-1.2784,-0.3184
2021,197,Nick Reenan,NC State,2,0,0.4504,28.0000,-0.4504,-0.0001,0.8516,0.0000,0.0000,-0.3228,0.0000,0.0056,-0.9848,0.0000,0.5222,-0.0001,-0.4164,-0.3228,-0.2332,0.5118,-1.4966,-0.4504
2021,197,Nick Stemmet,Stanford,2,0,0.5121,27.0000,-0.5121,0.0020,-0.2597,0.0000,0.0000,0.0000,0.0000,-0.0151,-0.2393,0.0000,-0.2578,0.0020,-0.3792,0.0000,0.1229,0.3730,-0.6123,-0.5121
2021,197,Nino Bonaccorsi,Pittsburgh,5,4,3.1719,6.0000,0.8281,-0.0287,0.0883,0.0000,0.0000,0.0000,0.0000,-0.0140,0.7825,0.0000,-0.3555,-0.0287,0.9265,0.0000,0.2857,1.1126,-0.3302,0.8281
2021,197,Noah Adams,West Virginia,3,1,1.7016,9.0000,-0.7016,-0.0152,-0.2164,0.0000,0.0000,0.0000,0.0000,-0.0002,-0.2562,-0.2137,-0.4223,-0.0152,-0.4553,0.0000,0.1913,0.2773,-0.5334,-0.7016
2021,197,Owen Pentz,North Dakota State,4,2,0.6169,31.0000,1.3831,-0.0232,0.5985,0.0000,0.0000,0.0000,0.0000,0.0028,0.2002,0.6048,0.0884,-0.0232,0.1709,0.0000,1.1471,0.9447,-0.7445,1.3831
2021,197,Rocky Elam,Missouri,8,6,4.5027,7.0000,1.4973,0.1553,0.4338,0.0000,0.0000,-0.3529,0.0000,-0.0065,1.2676,0.0000,-0.2901,0.1553,1.3151,-0.3529,0.6699,2.7078,-1.4402,1.4973
2021,197,Stephen Buchanan,Wyoming,6,3,3.2996,8.0000,-0.2996,0.0582,-0.8752,0.0000,0.0000,-0.5607,0.0000,-0.0050,0.7771,0.3061,-0.5217,0.0582,0.5864,-0.5607,0.1383,2.3708,-1.5937,-0.2996
2021,197,Tanner Sloan,South Dakota State,5,3,2.4175,13.0000,0.5825,0.0571,0.1922,0.0000,0.0000,0.0000,0.0000,-0.0079,0.3411,0.0000,-0.0655,0.0571,0.2353,0.0000,0.3556,1.3667,-1.0256,0.5825
2021,197,Thomas Penola,Purdue,5,3,1.8067,19.0000,1.1933,-0.0027,0.3622,0.0000,0.0000,0.0000,0.0000,-0.0020,0.8359,0.0000,-0.7021,-0.0027,1.8993,0.0000,-0.0012,2.3857,-1.5498,1.1933
2021,197,Trey Rogers,Hofstra,2,0,0.2551,30.0000,-0.2551,0.0001,-0.0062,0.0000,0.0000,0.0000,0.0000,-0.0014,-0.2476,0.0000,-0.0903,0.0001,-0.1646,0.0000,-0.0003,0.0070,-0.2546,-0.2551
2021,285,Andrew Gunning,North Carolina,2,0,0.2879,31.0000,-0.2879,-0.0210,0.0529,0.0000,0.0000,-0.4168,0.0000,-0.0009,0.0982,-0.0003,-0.1472,-0.0210,0.1395,-0.4168,0.1577,0.2096,-0.1114,-0.2879
2021,285,Austin Harris,Oklahoma State,5,3,0.7577,29.0000,2.2423,-0.0009,1.0643,0.0000,0.0000,0.0000,0.0000,-0.0044,0.3056,0.8777,-0.0278,-0.0009,0.8231,0.0000,1.4479,1.0199,-0.7142,2.2423
2021,285,Brandon Metz,North Dakota State,2,0,0.8669,22.0000,-0.8669,0.0014,-0.0769,0.0000,0.0000,0.0000,0.0000,-0.0014,-0.4821,-0.3079,-0.4391,0.0014,-0.4183,0.0000,-0.0108,-0.0000,-0.4821,-0.8669
2021,285,Brian Andrews,Wyoming,4,2,2.1750,13.0000,-0.1750,0.0037,-0.0150,0.0000,0.0000,-0.0994,0.0000,0.0084,-0.0330,-0.0397,-0.0145,0.0037,-0.1883,-0.0994,0.1234,0.7037,-0.7367,-0.1750
2021,285,Carter Isley,Northern Iowa,4,2,1.8961,15.0000,0.1039,0.0165,-0.1311,0.0000,0.0000,0.0000,0.0000,0.0015,0.2171,-0.0000,-0.4534,0.0165,0.6311,0.0000,-0.0903,1.5641,-1.3471,0.1039
2021,285,Christian Lance,Nebraska,3,1,1.9656,12.0000,-0.9656,0.0314,-0.8844,0.0000,0.0000,-0.4915,0.0000,-0.0240,0.4029,0.0000,-0.3330,0.0314,-0.0851,-0.4915,-0.0874,0.9029,-0.5000,-0.9656
2021,285,Cohlton Schultz,Arizona State,7,5,5.0285,4.0000,-0.0285,-0.0027,-0.3917,0.0000,0.0000,0.4686,0.0000,-0.0070,-0.1756,0.0799,-0.4216,-0.0027,-0.3594,0.4686,0.2865,1.3043,-1.4799,-0.0285
2021,285,Deonte Wilson,NC State,3,1,1.9669,10.0000,-0.9669,0.0077,-0.1427,0.0000,0.0000,0.0000,0.0000,0.0002,-0.4167,-0.4153,-0.6538,0.0077,-0.5842,0.0000,0.2635,0.4169,-0.8336,-0.9669
2021,285,Ethan Laird,Rider,4,2,2.4991,7.0000,-0.4991,-0.0408,-0.4702,0.0000,0.0000,0.0000,0.0000,0.0016,0.0104,0.0000,-0.2946,-0.0408,-0.2226,0.0000,0.0589,1.0022,-0.9919,-0.4991
2021,285,Gable Steveson,Minnesota,5,5,4.3375,1.0000,0.6625,0.0126,0.1114,0.0000,0.0000,0.0000,0.0000,0.0157,0.5171,0.0057,-0.1612,0.0126,0.7149,0.0000,0.0963,0.7212,-0.2041,0.6625
2021,285,Gannon Gremmel,Iowa State,6,4,3.6667,6.0000,0.3333,0.0355,-0.3281,0.0000,0.0000,-0.0455,0.0000,0.0023,0.6734,-0.0043,-0.2873,0.0355,0.0297,-0.0455,0.6007,1.1343,-0.4609,0.3333
2021,285,Greg Kerkvliet,Penn State,6,4,3.2937,9.0000,0.7063,0.0032,0.2369,0.0000,0.0000,0.0000,0.0000,0.0081,0.4573,0.0009,-0.0542,0.0032,0.5744,0.0000,0.1829,1.5839,-1.1266,0.7063
2021,285,Hunter Catka,Virginia Tech,3,1,1.6545,18.0000,-0.6545,0.0067,-0.1160,0.0000,0.0000,0.4168,0.0000,-0.0003,-0.9617,0.0000,-0.3011,0.0067,-1.1507,0.4168,0.3739,0.4062,-1.3679,-0.6545
2021,285,Joe Doyle,Binghamton,2,0,0.3383,30.0000,-0.3383,0.0356,0.0151,0.0000,0.0000,0.0000,0.0000,-0.0007,-0.3878,-0.0006,-0.0128,0.0356,-0.1758,0.0000,-0.1854,0.1682,-0.5561,-0.3383
2021,285,Johnathan Birchmeier,Navy,2,0,0.7173,24.0000,-0.7173,-0.0021,-0.1079,0.0000,0.0000,0.0000,0.0000,-0.0000,-0.6063,-0.0009,-0.3134,-0.0021,-0.3756,0.0000,-0.0262,0.0000,-0.6063,-0.7173
2021,285,Jon Spaulding,Edinboro,2,0,0.2887,28.0000,-0.2887,-0.0198,0.0793,0.0000,0.0000,0.0000,0.0000,0.0033,-0.3514,0.0000,-0.1399,-0.0198,-0.2963,0.0000,0.1673,0.2002,-0.5517,-0.2887
2021,285,Jordan Wood,Lehigh,4,2,2.9334,8.0000,-0.9334,0.0038,-0.3065,0.0000,0.0000,0.0000,0.1027,0.0054,-0.7388,0.0000,0.0246,0.0038,-0.9070,0.0000,-0.0548,0.8287,-1.5674,-0.9334
2021,285,Josh Heindselman,Oklahoma,3,1,1.4658,19.0000,-0.4658,-0.1029,0.0249,0.0000,0.0000,-0.4568,0.0000,-0.0032,0.0723,0.0000,0.0282,-0.1029,-0.0606,-0.4568,0.1263,0.2496,-0.1773,-0.4658
2021,285,Luke Luffman,Illinois,3,1,1.7888,16.0000,-0.7888,-0.0552,-0.0615,0.0000,0.0000,0.0000,0.0000,0.0001,-0.5906,-0.0815,-0.2185,-0.0552,-0.8186,0.0000,0.3035,0.9016,-1.4922,-0.7888
2021,285,Mason Parris,Michigan,5,4,3.7004,2.0000,0.2996,0.0047,0.0170,0.0000,0.0000,0.0000,0.0000,-0.0109,0.2842,0.0046,-0.1272,0.0047,0.1356,0.0000,0.2865,0.8174,-0.5332,0.2996
2021,285,Matt Stencel,Central Michigan,3,1,2.7390,3.0000,-1.7390,0.0533,-1.1730,0.0000,0.0000,0.0000,0.0000,-0.0720,-0.5479,0.0006,-0.1284,0.0533,-0.8497,0.0000,-0.8143,0.7252,-1.2731,-1.7390
2021,285,Michael McAleavey,The Citadel,2,0,0.7911,23.0000,-0.7911,-0.0380,-0.0327,0.0000,0.0000,-0.5190,0.0000,-0.0041,-0.1974,0.0000,-0.1210,-0.0380,-0.1752,-0.5190,0.0621,0.2075,-0.4049,-0.7911
2021,285,Nathan Traxler,Stanford,5,3,1.2404,25.0000,1.7596,0.0261,0.4024,0.0000,0.0000,0.0000,0.0000,-0.0076,0.9636,0.3751,0.0045,0.0261,0.6650,0.0000,1.0640,1.1500,-0.1864,1.7596
2021,285,Quinn Miller,Virginia,2,0,1.0216,20.0000,-1.0216,0.0393,-0.4225,0.0000,0.0000,0.0000,0.0000,0.0005,-0.6388,0.0000,-0.5336,0.0393,-0.5322,0.0000,0.0050,0.5572,-1.1960,-1.0216
2021,285,Sam Schuyler,Buffalo,3,1,0.7324,26.0000,0.2676,-0.0024,0.1364,0.0000,0.0000,0.5190,0.0000,0.0011,-0.3866,0.0000,-0.2206,-0.0024,0.0192,0.5190,-0.0476,0.2228,-0.6094,0.2676
2021,285,Tate Orndorff,Ohio State,7,4,2.1803,21.0000,1.8197,0.0158,1.1080,0.0000,0.0000,0.5562,0.0000,0.0293,0.1105,0.0000,0.3076,0.0158,0.7145,0.5562,0.2257,1.3628,-1.2523,1.8197
2021,285,Taye Ghadiali,Campbell,2,0,0.2247,32.0000,-0.2247,0.0305,-0.0892,0.0000,0.0000,0.0000,0.0000,-0.0011,-0.1591,-0.0057,-0.1680,0.0305,-0.1557,0.0000,0.0686,0.0859,-0.2450,-0.2247
2021,285,Tony Cassioppi,Iowa,6,5,3.5937,5.0000,1.4063,0.0572,0.3319,0.0000,0.0000,0.0000,0.0000,0.0032,1.0140,0.0000,-0.0184,0.0572,0.9938,0.0000,0.3736,1.3025,-0.2885,1.4063
2021,285,Trent Hillger,Wisconsin,7,4,2.7734,14.0000,1.2266,-0.0834,0.7895,0.0000,0.0000,-0.4231,0.0000,0.0718,0.8718,0.0000,0.5390,-0.0834,0.6606,-0.4231,0.5334,1.5077,-0.6359,1.2266
2021,285,Wyatt Hendrickson,Air Force,5,3,1.7561,17.0000,1.2439,0.0214,0.1153,0.0000,0.0000,0.0000,-0.1027,-0.0083,1.1366,0.0815,-0.1445,0.0214,1.2245,0.0000,0.1425,2.0819,-0.9453,1.2439
2021,285,Zach Elam,Missouri,4,2,2.4252,11.0000,-0.4252,-0.0072,0.2359,0.0000,0.0000,0.4915,0.0000,-0.0015,-0.2662,-0.8777,-1.0735,-0.0072,-0.1872,0.4915,0.3512,0.2370,-0.5033,-0.4252
2021,285,Zachary Knighton-Ward,Hofstra,3,1,0.8935,27.0000,0.1065,-0.0300,0.0284,0.0000,0.0000,0.0000,0.0000,-0.0051,-0.1946,0.3079,-0.1595,-0.0300,0.2166,0.0000,0.0795,0.4430,-0.6376,0.1065
2022,125,Anthony Noto,Lock Haven,3,1,1.0463,17.0000,-0.0463,-0.0184,0.0019,0.0000,0.0000,0.5071,0.0000,-0.0009,-0.5064,-0.0296,-0.3977,-0.0184,-0.2086,0.5071,0.0712,0.6575,-1.1639,-0.0463
2022,125,Antonio Lorenzo,Cal Poly,2,0,0.2879,31.0000,-0.2879,-0.0233,-0.1797,0.0000,0.0000,0.0000,0.0000,-0.0013,-0.0835,0.0000,-0.2848,-0.0233,0.0123,0.0000,0.0079,0.0449,-0.1284,-0.2879
2022,125,Brandon Courtney,Arizona State,6,3,3.9532,4.0000,-0.9532,-0.0621,-0.2096,0.0000,0.0000,0.0000,0.0000,-0.0204,-0.6610,0.0000,-0.8956,-0.0621,-0.0750,0.0000,0.0795,1.0827,-1.7437,-0.9532
2022,125,Brandon Kaylor,Oregon State,6,3,2.7501,11.0000,0.2499,-0.0266,0.1705,0.0000,0.0000,0.0000,0.0000,-0.0158,0.3998,-0.2781,-0.7007,-0.0266,0.9738,0.0000,0.0033,1.8682,-1.4684,0.2499
2022,125,Brody Teske,Northern Iowa,4,2,1.5130,15.0000,0.4870,-0.0269,0.4173,0.0000,0.0000,0.0000,0.0000,0.0077,0.0888,0.0000,-0.0876,-0.0269,0.1498,0.0000,0.4516,1.2796,-1.1907,0.4870
2022,125,Caleb Smith,Appalachian State,3,1,1.1058,25.0000,-0.1058,-0.0185,0.2352,0.0000,0.0000,0.0000,0.0000,-0.0031,-0.3194,0.0000,-0.0800,-0.0185,-0.2599,0.0000,0.2526,1.0192,-1.3386,-0.1058
2022,125,Devin Schroder,Purdue,2,0,1.2699,9.0000,-1.2699,0.0114,-0.1358,0.0000,0.0000,0.0000,0.0000,-0.0006,-1.1449,0.0000,-0.1162,0.0114,-1.0600,0.0000,-0.1051,0.1527,-1.2976,-1.2699
2022,125,Drake Ayala,Iowa,3,1,1.9729,13.0000,-0.9729,0.0214,-0.8446,0.0000,0.0000,0.0000,0.0000,0.0044,-0.1541,0.0000,-0.5126,0.0214,-0.5331,0.0000,0.0514,1.6460,-1.8001,-0.9729
2022,125,Drew Hildebrandt,Penn State,3,1,1.8027,16.0000,-0.8027,0.1064,-0.2594,0.0000,0.0000,-0.5071,0.0000,0.0034,-0.1461,0.0000,-0.2215,0.1064,-0.5048,-0.5071,0.3242,0.9025,-1.0486,-0.8027
2022,125,Dylan Shawver,Rutgers,4,2,1.7290,23.0000,0.2710,-0.0637,0.3124,0.0000,0.0000,0.0000,0.0000,0.0025,0.0197,0.0000,-0.1694,-0.0637,0.2129,0.0000,0.2911,1.1680,-1.1483,0.2710
2022,125,Eric Barnett,Wisconsin,7,5,5.0628,6.0000,-0.0628,0.0391,-0.6774,0.0000,0.0000,0.0000,-0.0510,0.0007,0.3445,0.2814,0.4288,0.0391,-1.0632,0.0000,0.5325,2.7816,-2.4372,-0.0628
2022,125,Fabian Gutierrez,Chattanooga,3,1,0.9552,20.0000,0.0448,-0.0411,0.8247,0.0000,0.0000,0.0000,0.0000,-0.0006,-0.7383,0.0000,0.1569,-0.0411,-0.3339,0.0000,0.2629,0.9839,-1.7222,0.0448
2022,125,Jace Koelzer,Northern Colorado,2,0,0.3383,30.0000,-0.3383,0.0132,-0.0831,0.0000,0.0000,0.0000,0.0000,-0.0073,-0.2610,0.0000,-0.1246,0.0132,-0.2229,0.0000,-0.0040,0.0069,-0.2680,-0.3383
2022,125,Jakob Camacho,NC State,4,2,1.5200,14.0000,0.4800,-0.0473,0.4414,0.0000,0.0000,0.0000,0.0000,-0.0056,0.0914,0.0000,-0.4211,-0.0473,0.6009,0.0000,0.3475,1.3673,-1.2759,0.4800
2022,125,Joe Manchio,Columbia,2,0,0.2712,29.0000,-0.2712,0.0144,-0.0054,0.0000,0.0000,0.0000,0.0000,-0.0046,-0.2756,0.0000,-0.0591,0.0144,-0.2866,0.0000,0.0601,0.0624,-0.3380,-0.2712
2022,125,Joey Prata,Oklahoma,5,3,2.4566,19.0000,0.5434,0.1008,-0.9963,0.0000,0.0000,0.4868,0.0000,-0.0074,0.9595,0.0000,-0.3109,0.1008,0.1979,0.4868,0.0688,1.9178,-0.9583,0.5434
2022,125,Justin Cardani,Illinois,2,0,0.5121,27.0000,-0.5121,-0.0309,-0.1339,0.0000,0.0000,0.0000,0.0000,-0.0130,-0.3343,0.0000,-0.2692,-0.0309,-0.1094,0.0000,-0.1026,0.0194,-0.3538,-0.5121
2022,125,Killian Cardinale,West Virginia,4,2,2.8331,5.0000,-0.8331,0.0260,-1.1832,0.0000,0.0000,0.3630,0.0000,-0.0005,0.6843,-0.7227,-1.1846,0.0260,0.2584,0.3630,-0.2960,1.8224,-1.1381,-0.8331
2022,125,Korbin Meink,Campbell,2,0,0.2887,28.0000,-0.2887,0.0048,0.0034,0.0000,0.0000,0.0000,0.0000,-0.0004,-0.2965,0.0000,-0.0682,0.0048,-0.3252,0.0000,0.1000,0.1054,-0.4019,-0.2887
2022,125,Kysen Terukina,Iowa State,2,0,0.5773,26.0000,-0.5773,0.0964,-0.1004,0.0000,0.0000,0.0000,0.0000,0.0052,-0.5785,0.0000,-0.1696,0.0964,-0.4843,0.0000,-0.0198,0.4133,-0.9918,-0.5773
2022,125,Logan Ashton,Stanford,2,0,0.2097,33.0000,-0.2097,-0.0860,0.0310,0.0000,0.0000,0.0000,0.0000,-0.0004,-0.1543,0.0000,-0.0219,-0.0860,-0.0781,0.0000,-0.0238,0.0227,-0.1771,-0.2097
2022,125,Malik Heinselman,Ohio State,3,1,1.8071,12.0000,-0.8071,0.0146,-0.1259,0.0000,0.0000,0.0000,0.0510,-0.0000,-0.7468,0.0000,-0.1710,0.0146,-0.4836,0.0000,-0.1671,0.8799,-1.6267,-0.8071
2022,125,Michael DeAugustino,Northwestern,7,5,3.0180,10.0000,1.9820,-0.0021,1.3614,0.0000,0.0000,0.0000,0.0000,0.0259,0.5968,0.0000,0.1756,-0.0021,0.7274,0.0000,1.0811,1.6351,-1.0383,1.9820
2022,125,Nick Suriano,Michigan,5,5,4.4569,1.0000,0.5431,-0.0036,0.0376,0.0000,0.0000,0.0000,0.0000,0.0055,0.4937,0.0098,-0.0892,-0.0036,0.4522,0.0000,0.1837,0.6105,-0.1168,0.5431
2022,125,Noah Surtin,Missouri,5,3,2.5946,18.0000,0.4054,0.0314,0.0615,0.0000,0.0000,0.0000,0.0000,-0.0069,0.2931,0.0263,-0.2140,0.0314,0.0686,0.0000,0.5194,1.4828,-1.1897,0.4054
2022,125,Pat Glory,Princeton,5,4,3.2419,3.0000,0.7581,0.0406,0.4703,0.0000,0.0000,0.0000,0.0000,0.0050,0.2422,0.0000,-0.1372,0.0406,0.3595,0.0000,0.4952,1.0219,-0.7797,0.7581
2022,125,Patrick McKee,Minnesota,8,6,3.8580,8.0000,2.1420,-0.0058,0.4309,0.0000,0.0000,0.0000,0.0000,0.0177,0.9764,0.7227,0.1960,-0.0058,0.8749,0.0000,1.0769,2.7380,-1.7616,2.1420
2022,125,Ryan Miller,Pennsylvania,3,1,1.3465,22.0000,-0.3465,0.0047,-0.1947,0.0000,0.0000,0.0000,0.0000,0.0107,-0.1672,0.0000,-0.1284,0.0047,-0.4595,0.0000,0.2368,0.5376,-0.7048,-0.3465
2022,125,Sam Latona,Virginia Tech,4,2,0.8813,24.0000,1.1187,0.0693,0.0836,0.0000,0.0000,0.0000,0.0000,-0.0002,0.9759,-0.0098,-0.1537,0.0693,1.1970,0.0000,0.0062,1.3065,-0.3306,1.1187
2022,125,Taylor LaMont,Utah Valley,4,2,1.4300,21.0000,0.5700,-0.0276,1.4946,0.0000,0.0000,-0.8498,0.0000,0.0102,-0.0574,0.0000,0.4295,-0.0276,0.5516,-0.8498,0.4663,2.2645,-2.3219,0.5700
2022,125,Trevor Mastrogiovanni,Oklahoma State,3,1,1.9966,7.0000,-0.9966,-0.0774,-0.8101,0.0000,0.0000,0.0000,0.0000,-0.0120,-0.0971,0.0000,-0.4389,-0.0774,-0.6774,0.0000,0.1971,0.6325,-0.7296,-0.9966
2022,125,Vito Arujau,Cornell,6,5,4.9134,2.0000,0.0866,-0.0336,-0.4383,0.0000,0.0000,0.0000,0.0000,0.0021,0.5563,0.0000,-0.5895,-0.0336,0.5285,0.0000,0.1812,1.2097,-0.6534,0.0866
2022,133,Anthony Madrigal,Oklahoma,2,0,0.3995,23.0000,-0.3995,0.0297,-0.0836,0.0000,0.0000,0.0000,0.0000,-0.0135,-0.3321,0.0000,-0.2980,0.0297,-0.1323,0.0000,0.0010,0.1344,-0.4665,-0.3995
2022,133,Austin DeSanto,Iowa,6,5,3.2193,5.0000,1.7807,0.0130,0.7234,0.0000,0.0000,0.0000,0.0000,-0.0024,1.0466,0.0001,-0.1171,0.0130,1.5472,0.0000,0.3376,2.3546,-1.3079,1.7807
2022,133,Brayden Palmer,Chattanooga,2,0,1.0992,19.0000,-1.0992,-0.0290,0.0630,0.0000,0.0000,0.0000,0.0000,0.0191,-1.0624,-0.0900,-0.3550,-0.0290,-1.2830,0.0000,0.5677,0.1949,-1.2573,-1.0992
2022,133,Brian Courtney,Virginia,4,2,0.5986,25.0000,1.4014,0.0201,0.9554,0.0000,0.0000,0.0000,0.0000,-0.0282,0.4541,0.0000,0.3599,0.0201,0.1880,0.0000,0.8334,1.2699,-0.8158,1.4014
2022,133,Brock Hudkins,Indiana,2,1,0.8703,13.0000,0.1297,0.0071,-0.0397,0.0000,0.0000,0.0000,0.0335,-0.0006,0.1336,-0.0043,-0.3355,0.0071,0.3843,0.0000,0.0737,0.6410,-0.5073,0.1297
2022,133,Chance Rich,CSU Bakersfield,4,2,1.6927,20.0000,0.3073,-0.0150,0.2294,0.0000,0.0000,0.0000,-0.0335,-0.0034,0.1297,0.0000,-0.1477,-0.0150,0.3012,0.0000,0.1688,1.1059,-0.9761,0.3073
2022,133,Chris Cannon,Northwestern,6,4,3.2311,10.0000,0.7689,0.0236,-0.0089,0.0000,0.0000,0.0000,0.0000,-0.0076,0.6319,0.1298,-0.1014,0.0236,0.4163,0.0000,0.4303,1.5139,-0.8819,0.7689
2022,133,Codi Russell,Appalachian State,2,0,0.9439,21.0000,-0.9439,-0.0085,-0.2864,0.0000,0.0000,0.0000,0.0000,-0.0012,-0.6478,0.0000,-0.3666,-0.0085,-0.4568,0.0000,-0.1120,0.2108,-0.8586,-0.9439
2022,133,Daton Fix,Oklahoma State,5,4,3.6166,2.0000,0.3834,0.0459,-0.1363,0.0000,0.0000,0.0000,0.0000,0.0029,0.4139,0.0570,-0.1484,0.0459,0.2213,0.0000,0.2646,0.8631,-0.4492,0.3834
2022,133,Devan Turner,Oregon State,7,4,4.0892,11.0000,-0.0892,-0.1149,-0.5206,0.0000,0.0000,0.0000,0.0000,-0.0043,0.5506,0.0000,-0.2601,-0.1149,0.0393,0.0000,0.2465,2.0322,-1.4816,-0.0892
2022,133,Dominic LaJoie,Cornell,2,0,0.2399,32.0000,-0.2399,0.0170,0.0714,0.0000,0.0000,0.0000,0.0000,0.0001,-0.3284,0.0000,0.0684,0.0170,-0.3378,0.0000,0.0125,0.4425,-0.7709,-0.2399
2022,133,Dylan Ragusin,Michigan,4,2,2.4293,6.0000,-0.4293,0.0153,-0.1829,0.0000,0.0000,0.0000,0.0000,0.0047,-0.2665,0.0000,-0.1881,0.0153,-0.2764,0.0000,0.0199,1.6637,-1.9302,-0.4293
2022,133,Haiden Drury,Utah Valley,3,1,1.7067,17.0000,-0.7067,-0.1108,-0.4030,0.0000,0.0000,0.0000,0.0000,0.0207,-0.2136,0.0000,-0.5741,-0.1108,-0.7498,0.0000,0.7280,1.2268,-1.4404,-0.7067
2022,133,Jake Gliva,Minnesota,2,0,0.3924,29.0000,-0.3924,0.0001,0.0969,0.0000,0.0000,0.0000,0.0000,-0.0006,-0.4888,0.0000,0.0303,0.0001,-0.4235,0.0000,0.0006,0.3192,-0.8080,-0.3924
2022,133,Joe Olivieri,Rutgers,3,1,1.1563,22.0000,-0.1563,-0.0163,0.0452,0.0000,0.0000,0.0000,0.0000,0.0004,-0.1857,0.0000,-0.2232,-0.0163,0.2632,0.0000,-0.1800,1.0867,-1.2724,-0.1563
2022,133,Joseph Heilmann,North Carolina,4,2,1.8667,18.0000,0.1333,-0.0726,-0.2155,0.0000,0.0000,0.0000,0.0000,-0.0183,0.4398,0.0000,-0.3208,-0.0726,-0.0277,0.0000,0.5545,0.9437,-0.5039,0.1333
2022,133,Josh Koderhandt,Navy,3,1,1.1174,16.0000,-0.1174,0.0324,-0.0745,0.0000,0.0000,0.0000,0.0000,-0.0243,-0.0495,-0.0015,-0.9594,0.0324,0.3604,0.0000,0.4492,0.7361,-0.7856,-0.1174
2022,133,Kai Orine,NC State,4,2,1.9349,15.0000,0.0651,0.1520,0.3697,0.0000,0.0000,0.0000,0.0000,0.0166,-0.4733,0.0000,-0.2136,0.1520,-0.2429,0.0000,0.3696,0.5872,-1.0605,0.0651
2022,133,Korbin Myers,Virginia Tech,7,4,4.9992,4.0000,-0.9992,0.0628,-0.6727,0.0000,0.0000,0.0000,0.0000,-0.0045,-0.3885,0.0037,-0.7026,0.0628,-0.2662,0.0000,-0.0932,1.1038,-1.4923,-0.9992
2022,133,Kyle Biscoglia,Northern Iowa,3,1,1.4018,14.0000,-0.4018,0.0201,-0.1053,0.0000,0.0000,0.0000,0.0000,0.0048,-0.4114,0.0900,0.0244,0.0201,-0.6672,0.0000,0.2210,0.2301,-0.6415,-0.4018
2022,133,Kyle Burwick,Wisconsin,2,0,0.2879,31.0000,-0.2879,0.0369,-0.0781,0.0000,0.0000,0.0000,0.0000,-0.0003,-0.2463,0.0000,-0.1968,0.0369,-0.2391,0.0000,0.1112,0.1276,-0.3739,-0.2879
2022,133,Lucas Byrd,Illinois,8,6,4.8657,7.0000,1.1343,0.0168,0.5655,0.0000,0.0000,0.4783,0.0000,0.0328,0.5518,-0.5108,0.0076,0.0168,-0.2662,0.4783,0.8978,3.0429,-2.4911,1.1343
2022,133,Malyke Hines,Lehigh,2,0,0.5121,27.0000,-0.5121,0.0071,-0.0278,0.0000,0.0000,0.0000,0.0000,-0.0029,-0.4885,0.0000,-0.1643,0.0071,-0.1896,0.0000,-0.1652,0.1801,-0.6686,-0.5121
2022,133,Matt Ramos,Purdue,5,3,0.8512,26.0000,2.1488,-0.1126,0.8995,0.0000,0.0000,0.0000,0.0012,-0.0009,0.8502,0.5114,-0.0620,-0.1126,1.7535,0.0000,0.5698,1.4754,-0.6252,2.1488
2022,133,Michael Colaiocco,Pennsylvania,3,1,2.0495,9.0000,-1.0495,0.0282,-0.7494,0.0000,0.0000,-0.4783,0.0000,0.0131,0.0525,0.0843,-0.1740,0.0282,-0.1693,-0.4783,-0.2561,1.5279,-1.4754,-1.0495
2022,133,Michael McGee,Arizona State,6,4,4.0448,3.0000,-0.0448,-0.1147,0.0091,0.0000,0.0000,0.0000,0.0000,-0.0013,0.0620,0.0000,-0.1217,-0.1147,-0.4223,0.0000,0.6139,1.9397,-1.8777,-0.0448
2022,133,Micky Phillippi,Pittsburgh,5,3,2.9493,12.0000,0.0507,0.0372,0.5579,0.0000,0.0000,0.0000,0.0000,0.0039,-0.3615,-0.1868,-0.4745,0.0372,0.1568,0.0000,0.3312,2.1239,-2.4854,0.0507
2022,133,Ramazan Attasauov,Iowa State,1,0,0.1973,24.0000,-0.1973,0.0000,0.0191,0.0000,0.0000,0.0000,0.0000,0.0000,-0.1320,-0.0843,-0.0843,0.0000,-0.1130,0.0000,0.0000,0.0000,-0.1320,-0.1973
2022,133,RayVon Foley,Michigan State,2,0,1.6790,8.0000,-1.6790,0.0132,-0.7464,0.0000,0.0000,0.0000,-0.0012,-0.0027,-0.9418,0.0000,-0.5257,0.0132,-0.5772,0.0000,-0.5893,0.4634,-1.4053,-1.6790
2022,133,Richie Koehler,Rider,3,1,0.5144,30.0000,0.4856,0.0256,-0.4297,0.0000,0.0000,0.0000,0.0000,-0.0228,0.9125,-0.0000,-0.6644,0.0256,0.4848,0.0000,0.6397,2.4294,-1.5169,0.4856
2022,133,Roman Bravo-Young,Penn State,5,5,4.4092,1.0000,0.5908,-0.0107,-0.2843,0.0000,0.0000,0.0000,0.0000,0.0169,0.8675,0.0015,0.1463,-0.0107,0.6868,0.0000,-0.2316,1.1762,-0.3087,0.5908
2022,133,Sidney Flores,Air Force,3,1,0.6345,28.0000,0.3655,0.0010,0.4395,0.0000,0.0000,0.0000,0.0000,0.0036,-0.0786,-0.0001,0.1118,0.0010,0.0370,0.0000,0.2156,0.8858,-0.9644,0.3655
2022,141,Allan Hart,Missouri,3,1,1.7016,9.0000,-0.7016,0.0254,0.3296,0.0000,0.0000,-0.9679,0.0000,-0.0034,-0.0853,0.0000,0.1228,0.0254,0.2591,-0.9679,-0.1411,1.0291,-1.1143,-0.7016
2022,141,Andrew Alirez,Northern Colorado,5,3,3.9798,5.0000,-0.9798,-0.0325,-0.8458,0.0000,0.0000,-0.5754,0.0000,0.0027,0.9356,-0.4644,-0.5466,-0.0325,0.8507,-0.5754,-0.6759,2.0393,-1.1037,-0.9798
2022,141,CJ Composto,Pennsylvania,6,3,2.7765,12.0000,0.2235,0.0176,0.0472,0.0000,0.0000,0.9924,-0.0197,-0.0184,-0.7955,-0.0001,-0.3567,0.0176,-0.7469,0.9924,0.3171,1.9165,-2.7120,0.2235
2022,141,Carter Young,Oklahoma State,2,0,0.6459,25.0000,-0.6459,0.0029,-0.1743,0.0000,0.0000,0.0000,0.0000,-0.0049,-0.4695,0.0000,-0.1345,0.0029,-0.3673,0.0000,-0.1470,0.2723,-0.7418,-0.6459
2022,141,Chad Red,Nebraska,5,3,1.6523,19.0000,1.3477,0.0567,1.3305,0.0000,0.0000,-0.3400,0.0000,0.0548,0.5240,-0.2783,-0.5912,0.0567,1.6443,-0.3400,0.5779,2.5133,-1.9893,1.3477
2022,141,Clay Carlson,South Dakota State,5,3,3.3325,7.0000,-0.3325,-0.0617,-0.7746,0.0000,0.0000,0.8857,0.0000,-0.0058,-0.3761,0.0000,0.1179,-0.0617,-1.2310,0.8857,-0.0435,1.6680,-2.0440,-0.3325
2022,141,Cole Matthews,Pittsburgh,6,4,3.6121,6.0000,0.3879,0.1087,0.0446,0.0000,0.0000,-0.1371,0.0000,0.0011,0.3706,0.0000,-0.0789,0.1087,0.2123,-0.1371,0.2829,2.6989,-2.3283,0.3879
2022,141,Collin Gerardi,Virginia Tech,2,0,0.4504,28.0000,-0.4504,0.0235,0.0237,0.0000,0.0000,0.0000,0.0000,-0.0002,-0.4974,0.0000,-0.0899,0.0235,-0.4147,0.0000,0.0307,0.0238,-0.5213,-0.4504
2022,141,Connor McGonagle,Lehigh,2,0,0.2712,29.0000,-0.2712,-0.0257,0.1420,0.0000,0.0000,0.0000,0.0000,-0.0020,-0.3855,0.0000,-0.0803,-0.0257,-0.1564,0.0000,-0.0088,0.0127,-0.3982,-0.2712
2022,141,Dresden Simon,Central Michigan,4,2,2.2714,14.0000,-0.2714,-0.0813,-0.1867,0.0000,0.0000,0.0000,0.0000,-0.0356,0.0322,0.0000,0.0627,-0.0813,0.1512,0.0000,-0.4040,2.6033,-2.5711,-0.2714
2022,141,Dylan D`Emilio,Ohio State,3,1,1.3430,17.0000,-0.3430,-0.0248,-0.5592,0.0000,0.0000,0.0000,0.0000,-0.0007,0.2417,0.0000,-0.0267,-0.0248,-0.5105,0.0000,0.2191,1.2300,-0.9883,-0.3430
2022,141,Dylan Droegemueller,North Dakota State,4,2,1.6864,21.0000,0.3136,-0.1307,-0.0709,0.0000,0.0000,0.0000,0.0000,-0.0177,0.5329,0.0000,-0.2704,-0.1307,0.2705,0.0000,0.4442,1.1703,-0.6374,0.3136
2022,141,Frankie Tal Shahar,Northwestern,3,1,0.7885,26.0000,0.2115,0.0407,-0.1231,0.0000,0.0000,0.0000,0.0000,-0.0012,0.2952,0.0000,-0.2484,0.0407,0.2157,0.0000,0.2036,1.1500,-0.8548,0.2115
2022,141,Gabe Willochell,Edinboro,2,0,0.3995,23.0000,-0.3995,-0.0047,-0.0465,0.0000,0.0000,0.0000,0.0000,-0.0012,-0.3470,0.0000,-0.2728,-0.0047,0.0056,0.0000,-0.1276,0.3090,-0.6560,-0.3995
2022,141,Grant Willits,Oregon State,7,5,3.5508,8.0000,1.4492,-0.0253,0.3877,0.0000,0.0000,0.4896,0.0197,0.0194,0.2883,0.2699,0.4156,-0.0253,0.1405,0.4896,0.4288,2.5775,-2.2891,1.4492
2022,141,Ian Parker,Iowa State,3,1,2.0817,13.0000,-1.0817,0.0854,-0.9702,0.0000,0.0000,0.0000,0.0000,-0.0099,-0.1871,0.0000,-0.5194,0.0854,-1.1005,0.0000,0.4528,0.9365,-1.1236,-1.0817
2022,141,Jacob Butler,Oklahoma,2,0,0.2551,30.0000,-0.2551,-0.0054,0.0124,0.0000,0.0000,0.0000,0.0000,-0.0007,-0.2614,0.0000,-0.0683,-0.0054,-0.2532,0.0000,0.0718,0.0917,-0.3532,-0.2551
2022,141,Jakob Bergeland,Minnesota,6,4,3.3098,10.0000,0.6902,0.0016,0.1610,0.0000,0.0000,0.0000,0.0000,0.0021,0.0612,0.4643,0.1685,0.0016,-0.2913,0.0000,0.8114,0.9877,-0.9265,0.6902
2022,141,Jaydin Eierman,Iowa,4,2,3.7180,2.0000,-1.7180,0.1412,-0.7117,0.0000,0.0000,-0.6616,0.0774,0.0062,-0.4378,-0.1316,-0.4327,0.1412,-1.0262,-0.6616,0.2614,0.5749,-1.0127,-1.7180
2022,141,Joseph Zargo,Wisconsin,3,1,0.6064,27.0000,0.3936,0.0003,0.3877,0.0000,0.0000,0.0000,0.0000,-0.0010,0.0066,0.0000,-0.7174,0.0003,0.9079,0.0000,0.2028,2.2000,-2.1934,0.3936
2022,141,Josh Mason,Bloomsburg,2,0,0.2399,32.0000,-0.2399,-0.0240,0.4479,0.0000,0.0000,0.0000,0.0000,0.0008,-0.6645,0.0000,-0.2572,-0.0240,0.0856,0.0000,-0.0442,0.4797,-1.1443,-0.2399
2022,141,Kizhan Clarke,North Carolina,5,4,1.3573,15.0000,2.6427,-0.1525,0.9984,0.0000,0.0000,1.2459,0.0000,0.0392,0.5117,0.0000,-0.0190,-0.1525,1.3673,1.2459,0.2010,1.2978,-0.7861,2.6427
2022,141,Matt Kazimir,Columbia,3,1,1.7865,11.0000,-0.7865,0.0301,0.2075,0.0000,0.0000,-0.4471,0.0000,0.0292,-0.6062,0.0000,0.3315,0.0301,-0.6841,-0.4471,-0.0168,0.6303,-1.2365,-0.7865
2022,141,Nick Lee,Penn State,5,5,4.5616,1.0000,0.4384,0.0180,0.0279,0.0000,0.0000,0.0000,0.0000,0.0182,0.3660,0.0084,-0.0055,0.0180,0.2812,0.0000,0.1448,0.5750,-0.2091,0.4384
2022,141,Parker Filius,Purdue,3,1,0.8461,20.0000,0.1539,0.0088,0.4305,0.0000,0.0000,0.0000,0.0000,-0.0037,-0.2817,0.0000,-0.1842,0.0088,0.4514,0.0000,-0.1221,1.5725,-1.8542,0.1539
2022,141,Quinn Kinner,Rider,3,1,1.1174,16.0000,-0.1174,0.0253,0.2556,0.0000,0.0000,0.0000,0.0000,0.0349,-0.4331,0.0000,-0.1187,0.0253,-0.6960,0.0000,0.6721,0.9258,-1.3589,-0.1174
2022,141,Real Woods,Stanford,6,3,3.8044,4.0000,-0.8044,-0.0742,-0.5648,0.0000,0.0000,0.0000,0.0000,-0.0112,-0.1543,0.0001,-0.5903,-0.0742,-0.5865,0.0000,0.4466,0.9180,-1.0723,-0.8044
2022,141,Ryan Jack,NC State,4,2,1.8667,18.0000,0.1333,-0.0067,-0.0724,0.0000,0.0000,-0.4075,0.0000,-0.0685,0.6884,0.0000,-0.8601,-0.0067,1.1455,-0.4075,0.2621,2.0689,-1.3804,0.1333
2022,141,Sebastian Rivera,Rutgers,7,6,5.2650,3.0000,0.7350,0.0721,-0.4065,0.0000,0.0000,0.3400,0.0000,-0.0075,0.7369,0.0000,-0.1784,0.0721,-0.0303,0.3400,0.5316,2.9020,-2.1651,0.7350
2022,141,Shannon Hanna,Campbell,2,0,0.8669,22.0000,-0.8669,0.0338,-0.3544,0.0000,0.0000,0.0000,0.0000,-0.0192,-0.5271,0.0000,-0.0807,0.0338,-0.8472,0.0000,0.0272,1.5332,-2.0603,-0.8669
2022,141,Stevan Micic,Michigan,5,3,1.5677,24.0000,1.4323,-0.0620,0.6571,0.0000,0.0000,-0.4170,-0.0774,0.0052,1.1948,0.1316,-0.1970,-0.0620,1.3405,-0.4170,0.7679,2.6522,-1.4574,1.4323
2022,141,Wilfredo Gil,Franklin & Marshall,2,0,0.2879,31.0000,-0.2879,0.0197,-0.0299,0.0000,0.0000,0.0000,0.0000,-0.0010,-0.2766,0.0000,-0.0631,0.0197,-0.3871,0.0000,0.1427,0.1555,-0.4321,-0.2879
2022,149,Anthony Artalona,Pennsylvania,5,3,2.0760,18.0000,0.9240,0.0282,0.4612,0.0000,0.0000,0.0000,0.0000,0.0212,0.4134,0.0000,0.0032,0.0282,0.4650,0.0000,0.4275,1.6248,-1.2114,0.9240
2022,149,Austin Gomez,Wisconsin,7,5,5.1001,3.0000,-0.1001,-0.2170,-0.0142,0.0000,0.0000,0.0000,0.0000,0.0182,0.1131,-0.0004,-0.4483,-0.2170,1.0938,0.0000,-0.5286,3.0160,-2.9029,-0.1001
2022,149,Beau Bartlett,Penn State,3,1,1.5038,13.0000,-0.5038,0.0550,-0.7449,0.0000,0.0000,0.0000,0.0000,-0.0038,0.1899,0.0000,-0.3943,0.0550,-0.2096,0.0000,0.0451,1.5889,-1.3990,-0.5038
2022,149,Bryce Andonian,Virginia Tech,6,5,2.2958,11.0000,2.7042,0.0230,0.4504,0.0000,0.0000,0.0000,0.0000,-0.0105,2.2410,0.0004,0.2669,0.0230,1.4515,0.0000,0.9628,4.4338,-2.1928,2.7042
2022,149,Colin Realbuto,Northern Iowa,4,2,1.5721,20.0000,0.4279,-0.0752,0.4652,0.0000,0.0000,0.0000,-0.0051,-0.0167,-0.0825,0.1422,-0.1108,-0.0752,0.3207,0.0000,0.2932,1.5948,-1.6773,0.4279
2022,149,Corbyn Munson,Central Michigan,2,0,0.6459,25.0000,-0.6459,0.0072,-0.1384,0.0000,0.0000,0.0000,0.0000,-0.0001,-0.5132,-0.0013,-0.1347,0.0072,-0.8260,0.0000,0.3076,0.3372,-0.8504,-0.6459
2022,149,Cory Crooks,Oregon State,4,2,1.2364,27.0000,0.7636,-0.1162,0.4045,0.0000,0.0000,0.5382,0.0000,0.0058,-0.0687,0.0000,0.3245,-0.1162,-0.0331,0.5382,0.0502,1.6470,-1.7157,0.7636
2022,149,Jaden Abas,Stanford,3,1,1.0015,23.0000,-0.0015,-0.0729,0.3143,0.0000,0.0000,0.0000,0.0000,-0.0005,-0.1547,-0.0876,-0.0043,-0.0729,0.2729,0.0000,-0.1971,0.7949,-0.9496,-0.0015
2022,149,Jarrett Degen,Iowa State,2,0,1.2519,17.0000,-1.2519,0.0359,-0.3448,0.0000,0.0000,0.0000,0.0000,-0.0026,-0.9404,0.0000,-0.5439,0.0359,-0.8416,0.0000,0.0977,0.6123,-1.5527,-1.2519
2022,149,John Arceri,Buffalo,2,0,0.3924,29.0000,-0.3924,0.0102,0.0536,0.0000,0.0000,0.0000,0.0000,-0.0100,-0.3041,-0.1422,-0.1541,0.0102,-0.2476,0.0000,-0.0008,0.0000,-0.3041,-0.3924
2022,149,Jonathan Millner,Appalachian State,8,5,5.1487,6.0000,-0.1487,0.0979,0.4458,0.0000,0.0000,0.0000,0.0051,0.0387,-0.7362,0.0000,-0.5979,0.0979,-0.4352,0.0000,0.7865,2.4117,-3.1480,-0.1487
2022,149,Josh Edmond,Missouri,2,0,0.5773,26.0000,-0.5773,-0.0395,-0.1509,0.0000,0.0000,0.0000,0.0000,-0.0011,-0.3858,0.0000,-0.1020,-0.0395,-0.2948,0.0000,-0.1410,0.2633,-0.6490,-0.5773
2022,149,Josh Finesilver,Duke,3,1,1.4018,14.0000,-0.4018,0.0561,-0.6763,0.0000,0.0000,0.0000,0.0000,-0.0004,0.2188,0.0000,0.0919,0.0561,-0.6533,0.0000,0.1035,2.3244,-2.1056,-0.4018
2022,149,Joshua Heil,Campbell,3,1,2.3034,7.0000,-1.3034,0.0350,-0.0925,0.0000,-0.2658,0.0000,0.0000,0.0175,-0.9795,-0.0181,0.0856,0.0350,-1.6098,0.0000,0.1858,0.5050,-1.4845,-1.3034
2022,149,Kaden Gfeller,Oklahoma State,5,3,2.9840,9.0000,0.0160,0.0592,-0.1251,0.0000,0.0000,0.0000,0.0000,-0.0126,0.0068,0.0876,-0.1358,0.0592,-0.3084,0.0000,0.4011,0.8423,-0.8354,0.0160
2022,149,Kody Komara,Kent State,2,0,0.2887,28.0000,-0.2887,-0.0324,0.0901,0.0000,0.0000,0.0000,0.0000,-0.0009,-0.3455,0.0000,-0.1178,-0.0324,-0.1392,0.0000,0.0007,0.0189,-0.3644,-0.2887
2022,149,Kyle Parco,Arizona State,6,3,3.8777,5.0000,-0.8777,-0.0469,-0.3877,0.0000,0.0000,-0.4830,0.0000,-0.0050,0.0449,0.0000,-0.4656,-0.0469,0.2438,-0.4830,-0.1260,1.1773,-1.1324,-0.8777
2022,149,Legend Lamer,Cal Poly,2,0,1.3575,15.0000,-1.3575,0.0299,-0.7919,0.0000,0.0000,0.0000,0.0000,-0.0000,-0.5954,0.0000,-0.2005,0.0299,-1.4275,0.0000,0.2407,0.3544,-0.9498,-1.3575
2022,149,Marcus Robinson,Cleveland State,3,1,1.0697,21.0000,-0.0697,0.0262,0.0076,0.0000,0.0000,-0.5382,0.0000,-0.0088,0.4435,0.0000,0.1542,0.0262,0.1851,-0.5382,0.1030,1.4984,-1.0549,-0.0697
2022,149,Marshall Keller,Princeton,2,0,0.3383,30.0000,-0.3383,-0.0045,0.0117,0.0000,0.0000,0.0000,0.0000,-0.0000,-0.3454,-0.0001,-0.1354,-0.0045,-0.1907,0.0000,-0.0076,0.0000,-0.3454,-0.3383
2022,149,Max Brignola,Lehigh,2,0,0.8669,22.0000,-0.8669,0.0052,-0.5000,0.0000,0.0000,0.0000,0.0000,0.0002,-0.3722,0.0000,-0.1111,0.0052,-0.5896,0.0000,-0.1713,0.8561,-1.2283,-0.8669
2022,149,Max Murin,Iowa,4,2,1.9047,8.0000,0.0953,-0.0799,0.1346,0.0000,0.0000,0.0000,0.0000,0.0010,0.0384,0.0013,-0.3936,-0.0799,0.3163,0.0000,0.2526,0.7606,-0.7222,0.0953
2022,149,Michael Blockhus,Minnesota,3,1,0.4648,31.0000,0.5352,0.0248,0.7076,0.0000,0.0000,-0.4033,0.0000,-0.0068,0.2130,0.0000,0.0422,0.0248,0.7695,-0.4033,0.1021,1.0848,-0.8718,0.5352
2022,149,Mike Van Brill,Rutgers,3,1,1.8071,12.0000,-0.8071,0.0378,-0.2757,0.0000,0.0000,0.0000,0.0000,-0.0091,-0.5601,0.0000,-0.7687,0.0378,-0.1314,0.0000,0.0552,0.6320,-1.1921,-0.8071
2022,149,PJ Ogunsanya,Army West Point,4,2,1.2533,24.0000,0.7467,-0.1007,-0.2795,0.0000,0.0000,0.0000,0.0000,-0.0347,1.1435,0.0181,-0.8706,-0.1007,1.7058,0.0000,0.0123,2.0562,-0.9127,0.7467
2022,149,Ridge Lovett,Nebraska,5,4,1.9572,10.0000,2.0428,0.1280,0.6990,0.0000,0.2658,0.0000,0.0000,0.0135,0.8093,0.1272,0.3873,0.1280,0.2155,0.0000,1.3120,2.1764,-1.3671,2.0428
2022,149,Sammy Sasso,Ohio State,6,4,3.5050,4.0000,0.4950,0.0357,-0.3526,0.0000,0.0000,0.4830,0.0000,-0.0014,0.3304,0.0000,0.0833,0.0357,-0.5596,0.4830,0.4526,2.3524,-2.0220,0.4950
2022,149,Tariq Wilson,NC State,6,4,4.9358,2.0000,-0.9358,0.1004,-0.4554,0.0000,0.0000,0.0000,0.0000,-0.0019,-0.4517,-0.1272,-0.7125,0.1004,-0.4275,0.0000,0.1038,1.0508,-1.5025,-0.9358
2022,149,Willie McDougald,Oklahoma,4,2,1.6733,16.0000,0.3267,-0.0434,-0.6664,0.0000,0.0000,0.4033,0.0000,0.0079,0.6253,0.0000,0.1616,-0.0434,-0.3627,0.4033,0.1680,1.6949,-1.0696,0.3267
2022,149,Yahya Thomas,Northwestern,5,3,2.2006,19.0000,0.7994,0.0371,1.0281,0.0000,0.0000,0.0000,0.0000,-0.0005,-0.2654,0.0001,-0.4972,0.0371,0.9025,0.0000,0.3570,2.2177,-2.4831,0.7994
2022,149,Yianni Diakomihalis,Cornell,5,5,4.5272,1.0000,0.4728,0.0335,-0.0468,0.0000,0.0000,0.0000,0.0000,0.0015,0.4847,0.0000,-0.1815,0.0335,0.5491,0.0000,0.0718,0.6686,-0.1839,0.4728
2022,149,Zachary Sherman,North Carolina,3,1,0.4813,32.0000,0.5187,-0.0374,0.7693,0.0000,0.0000,0.0000,0.0000,0.0020,-0.2151,0.0000,-0.3581,-0.0374,0.7964,0.0000,0.1179,0.9028,-1.1179,0.5187
2022,157,Andrew Cerniglia,Navy,2,0,1.1762,18.0000,-1.1762,0.0354,-0.5457,0.0000,0.0000,0.0000,0.0000,-0.0007,-0.6653,0.0000,-0.0069,0.0354,-1.0417,0.0000,-0.1630,0.9567,-1.6220,-1.1762
2022,157,Austin O`Connor,North Carolina,5,4,3.2766,11.0000,0.7234,-0.1598,0.5144,0.0000,-0.0000,-0.5789,-0.0036,0.0033,0.9480,0.0000,-0.1339,-0.1598,1.1566,-0.5789,0.4393,2.0763,-1.1283,0.7234
2022,157,Ben Barton,Lock Haven,2,0,0.5773,26.0000,-0.5773,-0.0687,-0.0671,0.0000,0.0000,0.0000,0.0000,-0.0003,-0.4412,0.0000,-0.2226,-0.0687,-0.1944,0.0000,-0.0916,0.0493,-0.4905,-0.5773
2022,157,Brady Berge,Penn State,4,2,2.1547,16.0000,-0.1547,-0.0143,-0.1857,0.0000,0.0000,0.0000,0.0000,-0.0216,0.0669,0.0000,-0.6620,-0.0143,0.1857,0.0000,0.3359,1.0918,-1.0249,-0.1547
2022,157,Chase Saldate,Michigan State,2,0,0.9439,21.0000,-0.9439,-0.0619,-0.5030,0.0000,0.0000,0.0000,0.0000,-0.0011,-0.3779,0.0000,-0.2036,-0.0619,-0.7563,0.0000,0.0779,0.2090,-0.5869,-0.9439
2022,157,Connor Brady,Virginia Tech,3,1,0.8321,28.0000,0.1679,-0.0002,0.5033,0.0000,0.0000,-0.4619,0.0000,0.0004,0.1264,0.0000,-0.1462,-0.0002,0.6259,-0.4619,0.1504,0.4863,-0.3599,0.1679
2022,157,David Carr,Iowa State,7,6,6.4738,1.0000,-0.4738,0.0325,-0.7432,0.0000,0.0000,-0.7217,0.0000,0.0050,0.9536,0.0000,0.1918,0.0325,-0.0587,-0.7217,0.0823,1.7556,-0.8020,-0.4738
2022,157,Dazjon Casto,The Citadel,5,3,1.7724,22.0000,1.2276,0.0635,-0.4761,0.0000,0.0000,1.0408,0.0000,-0.0042,0.5233,0.0802,-0.2418,0.0635,0.5792,1.0408,-0.2141,1.2462,-0.7229,1.2276
2022,157,Derek Holschlag,Northern Iowa,2,0,0.2097,33.0000,-0.2097,-0.0060,-0.0280,0.0000,0.0000,0.0000,0.0000,-0.0009,-0.1748,0.0000,-0.0529,-0.0060,-0.1883,0.0000,0.0375,0.0887,-0.2635,-0.2097
2022,157,Doug Zapf,Pennsylvania,3,1,0.9346,24.0000,0.0654,0.0025,-0.2120,0.0000,0.0000,0.4937,0.0000,0.0075,-0.2262,0.0000,-0.0966,0.0025,-0.5055,0.4937,0.1713,0.3783,-0.6045,0.0654
2022,157,Ed Scott,NC State,4,2,2.9914,4.0000,-0.9914,0.0485,-0.5541,0.0000,0.0000,0.0000,0.0000,0.0024,-0.4358,-0.0524,-0.5165,0.0485,-0.7740,0.0000,0.2506,0.6968,-1.1327,-0.9914
2022,157,Elijah Cleary,Pittsburgh,3,1,1.3915,20.0000,-0.3915,-0.1333,0.2058,0.0000,0.0000,0.0000,0.0000,0.0013,-0.4653,0.0000,-0.1383,-0.1333,-0.0960,0.0000,-0.0239,0.9420,-1.4073,-0.3915
2022,157,Garrett Model,Wisconsin,2,0,0.3077,27.0000,-0.3077,0.0217,-0.0546,0.0000,0.0000,0.0000,0.0000,0.0002,-0.2750,0.0000,-0.0860,0.0217,-0.2726,0.0000,0.0292,0.0531,-0.3281,-0.3077
2022,157,Hunter Richard,Cornell,4,2,0.6908,30.0000,1.3092,0.0444,0.9584,0.0000,0.0000,0.0000,0.0036,0.0153,0.2875,0.0000,-0.3064,0.0444,1.3484,0.0000,0.2228,1.4723,-1.1847,1.3092
2022,157,Hunter Willits,Oregon State,5,3,1.7386,17.0000,1.2614,0.0193,0.6819,0.0000,0.0000,0.7217,0.0000,0.0261,-0.1876,0.0000,0.0842,0.0193,-0.0537,0.7217,0.4899,0.6355,-0.8230,1.2614
2022,157,Jacob Wright,Wyoming,3,1,1.4432,12.0000,-0.4432,0.0391,-0.4854,0.0000,0.0000,0.0000,0.0000,-0.0004,0.0036,0.0000,-0.2115,0.0391,-0.6379,0.0000,0.3671,0.5660,-0.5625,-0.4432
2022,157,Jacori Teemer,Arizona State,6,3,4.3570,3.0000,-1.3570,-0.1493,-0.4921,0.0000,0.0000,-0.5762,0.0000,-0.0199,-0.1698,0.0503,-0.5086,-0.1493,0.3450,-0.5762,-0.4677,1.4182,-1.5880,-1.3570
2022,157,Jake Keating,Virginia,4,2,2.0693,14.0000,-0.0693,0.1247,-0.0647,0.0000,0.0000,0.0000,-0.1004,0.0017,0.1001,-0.1306,0.6191,0.1247,-0.9057,0.0000,0.0927,0.9517,-0.8516,-0.0693
2022,157,Jared Franek,North Dakota State,4,2,2.2175,6.0000,-0.2175,0.0358,0.3533,0.0000,0.0000,0.0000,0.0000,0.0005,-0.6071,0.0000,-0.1056,0.0358,-0.3482,0.0000,0.2004,0.8923,-1.4994,-0.2175
2022,157,Jarrett Jacques,Missouri,2,0,0.6459,25.0000,-0.6459,-0.0190,0.2351,0.0000,0.0000,-0.8686,0.0000,-0.0020,0.0086,0.0000,-0.0303,-0.0190,0.2356,-0.8686,0.0364,0.1967,-0.1881,-0.6459
2022,157,Johnny Lovett,Central Michigan,3,1,1.1968,15.0000,-0.1968,-0.0571,-0.1959,0.0000,0.0000,0.0000,0.0000,0.0027,0.0609,-0.0075,-0.3708,-0.0571,-0.0850,0.0000,0.3160,1.1291,-1.0681,-0.1968
2022,157,Josh Humphreys,Lehigh,4,2,2.3164,7.0000,-0.3164,0.0650,0.4161,0.0000,0.0000,0.0000,0.0000,0.0058,-0.8033,0.0000,0.5504,0.0650,-1.1932,0.0000,0.2614,1.4723,-2.2755,-0.3164
2022,157,Justin Thomas,Oklahoma,3,1,1.6789,13.0000,-0.6789,0.0162,-0.6890,0.0000,0.0000,0.0000,0.0000,-0.0201,0.0140,0.0000,-0.3280,0.0162,-0.4695,0.0000,0.1025,1.8445,-1.8305,-0.6789
2022,157,Kaleb Young,Iowa,4,2,2.1602,9.0000,-0.1602,0.0382,0.2620,0.0000,0.0000,-0.4896,0.0000,0.0057,0.0236,0.0000,-0.1082,0.0382,0.4584,-0.4896,-0.0588,0.6838,-0.6602,-0.1602
2022,157,Kendall Coleman,Purdue,2,0,1.0992,19.0000,-1.0992,-0.0322,-0.2313,0.0000,0.0000,0.0000,0.1004,-0.0027,-0.9333,0.0000,-0.2821,-0.0322,-0.4586,0.0000,-0.3262,0.2709,-1.2042,-1.0992
2022,157,Markus Hartman,Army West Point,3,1,1.0015,23.0000,-0.0015,-0.0100,0.1422,0.0000,0.0000,0.0000,0.0000,-0.0027,-0.0416,-0.0894,-0.1180,-0.0100,-0.0490,0.0000,0.1756,0.3449,-0.3864,-0.0015
2022,157,Michael Petite,Buffalo,2,0,0.3924,29.0000,-0.3924,-0.0178,-0.2040,0.0000,0.0000,0.0000,0.0000,-0.0054,-0.1576,-0.0076,-0.0342,-0.0178,-0.4708,0.0000,0.1303,0.1978,-0.3555,-0.3924
2022,157,Peyton Robb,Nebraska,8,6,3.8647,10.0000,2.1353,0.0668,0.6843,0.0000,0.0000,0.0000,0.0000,0.0137,1.2212,0.1493,-0.2086,0.0668,1.7283,0.0000,0.5488,2.8403,-1.6191,2.1353
2022,157,Quincy Monday,Princeton,5,4,2.9979,5.0000,1.0021,-0.0846,0.8655,0.0000,0.0000,0.0000,0.0000,0.0028,0.2184,0.0000,-0.4963,-0.0846,1.7237,0.0000,-0.1408,1.3317,-1.1134,1.0021
2022,157,Ryan Deakin,Northwestern,5,5,3.9276,2.0000,1.0724,0.1611,-0.1973,0.0000,0.0000,0.0000,0.0000,0.0003,1.1008,0.0075,0.3492,0.1611,0.3730,0.0000,0.1890,1.7075,-0.6067,1.0724
2022,157,Will Lewan,Michigan,6,4,2.8570,8.0000,1.1430,0.0126,-0.2973,0.0000,0.0000,1.4408,0.0000,-0.0014,-0.0117,0.0000,0.1424,0.0126,-0.6027,1.4408,0.1499,0.8498,-0.8615,1.1430
2022,157,Wyatt Sheets,Oklahoma State,3,1,0.3032,31.0000,0.6968,-0.0130,0.4043,0.0000,0.0000,0.0000,0.0000,-0.0109,0.3165,0.0000,0.3783,-0.0130,0.4021,0.0000,-0.0706,0.9752,-0.6588,0.6968
2022,165,Alex Marinelli,Iowa,6,4,4.1770,3.0000,-0.1770,0.0188,-0.0161,0.0000,0.0000,-0.5526,0.0000,0.0084,0.3646,0.0000,-0.2397,0.0188,0.3099,-0.5526,0.2866,0.8826,-0.5180,-0.1770
2022,165,Andrew Nicholson,Chattanooga,1,0,0.0667,29.0000,-0.0667,-0.0018,0.0065,0.0000,0.0000,0.0000,0.0000,0.0000,-0.0709,-0.0005,-0.0083,-0.0018,-0.0800,0.0000,0.0235,0.0261,-0.0971,-0.0667
2022,165,Anthony Valencia,Arizona State,4,2,1.6042,18.0000,0.3958,-0.0596,0.0186,0.0000,0.0000,0.4039,0.0000,-0.0002,0.0332,0.0000,-0.5205,-0.0596,0.4506,0.4039,0.1215,0.7586,-0.7255,0.3958
2022,165,Ashton Eyler,Lock Haven,2,0,0.7911,23.0000,-0.7911,0.0137,-0.2923,0.0000,0.0000,0.0000,0.0000,-0.0033,-0.4823,-0.0270,-0.3369,0.0137,-0.8203,0.0000,0.3523,0.2790,-0.7613,-0.7911
2022,165,Austin Yant,Northern Iowa,4,2,2.1966,15.0000,-0.1966,0.1473,-0.1078,0.0000,0.0000,0.0000,0.0000,0.0011,-0.2373,0.0000,-0.0302,0.1473,-1.2291,0.0000,0.9153,1.1178,-1.3550,-0.1966
2022,165,Brevin Cassella,Binghamton,3,1,0.8498,25.0000,0.1502,0.0162,0.1088,0.0000,0.0000,0.0000,0.0000,0.0030,0.0222,0.0000,-0.0201,0.0162,0.0806,0.0000,0.0734,0.4415,-0.4193,0.1502
2022,165,Brian Meyer,Lehigh,2,0,1.2665,17.0000,-1.2665,0.0262,-0.6418,0.0000,0.0000,-0.6027,0.0000,-0.0030,-0.0451,0.0000,-0.1248,0.0262,-0.1828,-0.6027,-0.3823,0.1629,-0.2081,-1.2665
2022,165,Cael Carlson,Minnesota,2,0,0.4504,28.0000,-0.4504,-0.0007,-0.0749,0.0000,0.0000,0.0000,0.0000,-0.0004,-0.3742,-0.0002,-0.2018,-0.0007,-0.2472,0.0000,-0.0007,0.0004,-0.3745,-0.4504
2022,165,Caleb Fish,Michigan State,2,0,0.2400,31.0000,-0.2400,-0.0019,-0.0289,0.0000,0.0000,0.0000,0.0000,-0.0001,-0.1955,-0.0136,-0.0582,-0.0019,-0.1424,0.0000,-0.0375,0.0209,-0.2164,-0.2400
2022,165,Cameron Amine,Michigan,6,4,2.6987,6.0000,1.3013,0.1134,0.2699,0.0000,0.0000,0.5526,0.0000,-0.0099,0.3752,0.0000,-0.2808,0.1134,0.8938,0.5526,0.0222,1.4546,-1.0793,1.3013
2022,165,Carson Kharchla,Ohio State,6,4,3.2367,7.0000,0.7633,-0.0861,-0.5095,0.0000,0.0000,0.0000,0.0974,0.0206,1.2409,0.0000,-0.0777,-0.0861,0.8358,0.0000,0.0912,2.3865,-1.1456,0.7633
2022,165,Clayton Wilson,Nebraska,3,1,0.7262,27.0000,0.2738,-0.0318,0.3627,0.0000,0.0000,0.0000,0.0000,0.0225,-0.0797,0.0000,-0.1859,-0.0318,0.2066,0.0000,0.2849,0.5629,-0.6426,0.2738
2022,165,Dean Hamiti,Wisconsin,6,4,4.2866,4.0000,-0.2866,-0.0922,-0.3918,0.0000,0.0000,0.0000,0.1097,0.0073,0.0799,0.0005,-0.2725,-0.0922,-0.4126,0.0000,0.4907,3.7329,-3.6530,-0.2866
2022,165,Evan Barczak,Drexel,2,0,0.2551,30.0000,-0.2551,0.0111,0.4332,0.0000,0.0000,-0.3954,0.0000,-0.0077,-0.2963,0.0000,0.2612,0.0111,0.0896,-0.3954,-0.2216,0.1032,-0.3995,-0.2551
2022,165,Evan Wick,Cal Poly,6,5,5.2645,1.0000,-0.2645,-0.0728,-0.0301,0.0000,0.0000,0.0000,0.0000,0.0210,-0.1826,0.0000,0.2499,-0.0728,-0.7607,0.0000,0.3191,1.3687,-1.5513,-0.2645
2022,165,Izzak Olejnik,Northern Illinois,4,2,2.4674,11.0000,-0.4674,-0.0992,-0.0812,0.0000,0.0000,0.4211,0.0000,0.0023,-0.7103,0.0000,0.1823,-0.0992,-0.9297,0.4211,-0.0418,0.4310,-1.1413,-0.4674
2022,165,Jake Wentzel,Pittsburgh,5,3,2.9319,10.0000,0.0681,0.0731,0.1707,0.0000,0.0000,0.0000,0.0000,-0.0057,-0.1969,0.0270,-0.0664,0.0731,-0.1465,0.0000,0.2079,0.6423,-0.8392,0.0681
2022,165,Joshua Ogunsanya,Columbia,3,1,1.8785,14.0000,-0.8785,-0.0618,-0.7268,0.0000,0.0000,0.3954,0.0000,0.0073,-0.4926,0.0000,0.0078,-0.0618,-0.9001,0.3954,-0.3198,0.4208,-0.9134,-0.8785
2022,165,Julian Ramirez,Cornell,5,3,2.1963,13.0000,0.8037,0.0407,0.2228,0.0000,0.0000,0.0000,0.0000,-0.0026,0.1555,0.3874,0.5273,0.0407,-0.5981,0.0000,0.8338,3.4446,-3.2891,0.8037
2022,165,Justin McCoy,Virginia,5,3,1.6094,19.0000,1.3906,0.0603,0.4056,0.0000,0.0000,0.0000,0.0000,-0.0065,0.9312,0.0000,-0.2183,0.0603,0.9512,0.0000,0.5975,1.5609,-0.6296,1.3906
2022,165,Keegan O`Toole,Missouri,5,5,4.0974,2.0000,0.9026,0.1361,0.0747,0.0000,0.0000,0.0000,0.0000,0.0024,0.6758,0.0136,0.6214,0.1361,-0.0499,0.0000,0.1949,1.2991,-0.6233,0.9026
2022,165,Lucas Revano,Pennsylvania,3,1,0.7324,26.0000,0.2676,-0.0232,0.2331,0.0000,0.0000,0.0000,0.0000,0.0043,0.0534,0.0000,-0.4342,-0.0232,0.3246,0.0000,0.4004,0.7610,-0.7076,0.2676
2022,165,Luke Weber,North Dakota State,3,1,1.0504,16.0000,-0.0504,-0.0814,0.1431,0.0000,0.0000,0.0000,0.0000,0.0062,-0.1183,0.0000,0.0620,-0.0814,-0.0570,0.0000,0.0260,0.4276,-0.5459,-0.0504
2022,165,Matthew Olguin,Oregon State,3,1,0.4503,33.0000,0.5497,-0.0147,0.5586,0.0000,0.0000,0.1989,0.0000,-0.0072,-0.1858,0.0000,-0.0928,-0.0147,0.2891,0.1989,0.1692,0.1887,-0.3746,0.5497
2022,165,Peyton Hall,West Virginia,6,3,2.8350,9.0000,0.1650,-0.0330,0.5610,0.0000,0.0000,0.0000,-0.2071,-0.0132,-0.1428,0.0000,-0.6195,-0.0330,1.1481,0.0000,-0.3307,2.0738,-2.2166,0.1650
2022,165,Philip Conigliaro,Harvard,5,3,3.1702,8.0000,-0.1702,-0.0132,-0.1725,0.0000,0.0000,0.0000,0.0000,-0.0016,0.0172,0.0000,-0.4257,-0.0132,0.2573,0.0000,0.0115,1.4050,-1.3878,-0.1702
2022,165,Riley Smucker,Cleveland State,2,0,0.7173,24.0000,-0.7173,-0.0202,-0.2015,0.0000,0.0000,0.0000,0.0000,-0.0033,-0.4924,0.0000,-0.1714,-0.0202,-0.5445,0.0000,0.0188,0.0674,-0.5598,-0.7173
2022,165,Rodrick Mosley,Gardner-Webb,2,0,0.8669,22.0000,-0.8669,0.0327,-0.1725,0.0000,0.0000,-0.4211,0.0000,-0.0156,-0.2905,0.0000,-0.1848,0.0327,-0.3075,-0.4211,0.0138,0.2017,-0.4921,-0.8669
2022,165,Shane Griffith,Stanford,5,4,2.5504,5.0000,1.4496,-0.0651,0.1412,0.0000,0.0000,0.0000,0.0000,-0.0148,1.3883,0.0000,-0.1531,-0.0651,2.1040,0.0000,-0.4362,3.3030,-1.9147,1.4496
2022,165,Thomas Bullard,NC State,3,1,1.2280,21.0000,-0.2280,0.0483,-0.3220,0.0000,0.0000,0.0000,0.0000,-0.0133,0.0588,0.0002,-0.1407,0.0483,0.2089,0.0000,-0.3445,0.6540,-0.5951,-0.2280
2022,165,William Formato,Appalachian State,2,0,0.8263,20.0000,-0.8263,-0.0060,-0.1070,0.0000,0.0000,0.0000,0.0000,-0.0008,-0.7126,0.0000,-0.2267,-0.0060,-0.5977,0.0000,0.0041,0.4230,-1.1356,-0.8263
2022,165,Zach Hartman,Bucknell,4,2,2.2816,12.0000,-0.2816,0.0266,0.1663,0.0000,0.0000,0.0000,0.0000,0.0028,-0.0900,-0.3874,-0.4700,0.0266,-0.1440,0.0000,0.3058,0.9013,-0.9912,-0.2816
2022,174,Adam Kemp,Cal Poly,3,1,1.0504,16.0000,-0.0504,0.0108,0.0729,0.0000,0.0000,0.0000,-0.0053,-0.0229,-0.1059,0.0000,-1.1132,0.0108,0.9217,0.0000,0.1302,0.8744,-0.9802,-0.0504
2022,174,Anthony Mantanona,Oklahoma,4,2,2.1664,15.0000,-0.1664,0.0439,0.3770,0.0000,0.0000,0.0000,0.0000,0.0052,-0.2084,-0.3841,-0.3659,0.0439,0.0976,0.0000,0.0580,0.7833,-0.9917,-0.1664
2022,174,Bailee O`Reilly,Minnesota,2,0,0.9439,21.0000,-0.9439,-0.0279,-0.3605,0.0000,0.0000,0.0000,0.0000,-0.0183,-0.5373,0.0000,-0.3477,-0.0279,-0.5154,0.0000,-0.0530,0.0093,-0.5466,-0.9439
2022,174,Benjamin Pasiuk,Army West Point,3,1,0.8321,28.0000,0.1679,0.0287,0.7463,0.0000,0.0000,0.0000,0.0000,0.0299,-0.6370,0.0000,0.2907,0.0287,-0.3444,0.0000,0.1930,0.4312,-1.0681,0.1679
2022,174,Cade DeVos,South Dakota State,3,1,1.4432,12.0000,-0.4432,-0.0151,0.0963,0.0000,0.0000,0.0000,0.0000,0.0029,-0.5273,0.0000,-0.2346,-0.0151,-0.0890,0.0000,-0.1044,0.7911,-1.3184,-0.4432
2022,174,Carter Starocci,Penn State,5,5,4.3016,1.0000,0.6984,0.0392,-0.3446,0.0000,0.0000,0.4440,0.0053,0.0056,0.5490,0.0000,-0.1097,0.0392,0.3429,0.4440,-0.0179,1.2014,-0.6524,0.6984
2022,174,Chris Foca,Cornell,3,1,1.8785,14.0000,-0.8785,-0.0141,0.1204,0.0000,0.0000,0.0000,0.0000,-0.0015,-0.9953,0.0120,-0.2076,-0.0141,-0.3932,0.0000,-0.2635,1.0897,-2.0849,-0.8785
2022,174,Clay Lautt,North Carolina,6,3,3.1077,10.0000,-0.1077,-0.0157,0.1526,0.0000,0.0000,0.0000,0.0000,0.0024,-0.2470,0.0000,-0.3381,-0.0157,0.1179,0.0000,0.1283,1.4544,-1.7014,-0.1077
2022,174,Connor O`Neill,Rutgers,2,0,0.2242,33.0000,-0.2242,0.0001,-0.0224,0.0000,0.0000,0.0000,0.0000,-0.0003,-0.1427,-0.0589,-0.0920,0.0001,-0.1391,0.0000,0.0068,0.0067,-0.1493,-0.2242
2022,174,Dennis Robin,West Virginia,2,0,0.2400,31.0000,-0.2400,0.0072,-0.0887,0.0000,0.0000,0.0000,0.0000,-0.0039,-0.1546,0.0000,-0.0810,0.0072,-0.1665,0.0000,0.0002,0.0498,-0.2044,-0.2400
2022,174,Dustin Plott,Oklahoma State,7,4,3.9866,6.0000,0.0134,0.0542,-0.3979,0.0000,0.0000,0.4874,0.0000,0.0084,-0.1387,0.0000,0.3000,0.0542,-1.1424,0.4874,0.3142,2.3704,-2.5091,0.0134
2022,174,Ethan Smith,Ohio State,5,3,3.7217,7.0000,-0.7217,-0.0237,-0.3533,0.0000,0.0000,-0.4874,0.0000,-0.0031,0.1457,0.0000,-0.3214,-0.0237,1.3191,-0.4874,-1.2084,3.2529,-3.1071,-0.7217
2022,174,Gerrit Nijenhuis,Purdue,3,1,0.4978,25.0000,0.5022,-0.0416,0.2120,0.0000,0.0000,0.6250,0.0000,0.0043,-0.2975,0.0000,-0.0375,-0.0416,-0.0487,0.6250,0.0050,0.4571,-0.7546,0.5022
2022,174,Hayden Hastings,Wyoming,5,3,2.2956,20.0000,0.7044,-0.0608,0.5003,0.0000,0.0000,0.0000,0.0000,0.0074,-0.0229,0.2804,0.3187,-0.0608,-0.3654,0.0000,0.8119,1.0008,-1.0237,0.7044
2022,174,Hayden Hidlay,NC State,6,5,3.6258,4.0000,1.3742,0.0107,0.3077,0.0000,0.0000,0.0000,0.0000,0.0003,1.0350,0.0205,-0.1918,0.0107,1.2657,0.0000,0.2896,2.0473,-1.0123,1.3742
2022,174,Jacob Nolan,Binghamton,2,0,0.2551,30.0000,-0.2551,0.0176,-0.0891,0.0000,0.0000,0.0000,0.0000,-0.0003,-0.1713,-0.0120,-0.1414,0.0176,-0.1715,0.0000,0.0402,0.0600,-0.2312,-0.2551
2022,174,Jay Nivison,Buffalo,2,0,0.3924,29.0000,-0.3924,0.0005,-0.0807,0.0000,0.0000,0.0000,0.0000,-0.0059,-0.2858,-0.0205,-0.1366,0.0005,-0.2548,0.0000,-0.0015,0.0000,-0.2858,-0.3924
2022,174,Joel Devine,Iowa State,2,0,0.3746,24.0000,-0.3746,0.0323,0.0449,0.0000,0.0000,0.0000,0.0000,-0.0018,-0.4500,0.0000,-0.1427,0.0323,-0.3374,0.0000,0.0732,0.2271,-0.6771,-0.3746
2022,174,Lance Runyon,Northern Iowa,4,2,1.2568,18.0000,0.7432,-0.0183,0.0247,0.0000,0.0000,0.0000,0.0000,-0.0041,0.3943,0.3464,-0.1309,-0.0183,0.3222,0.0000,0.5702,1.3303,-0.9359,0.7432
2022,174,Logan Massa,Michigan,6,4,4.1908,3.0000,-0.1908,-0.1145,0.1388,0.0000,0.0000,-0.5383,0.0000,0.0003,0.4066,-0.0835,-0.4141,-0.1145,0.4153,-0.5383,0.4609,1.7873,-1.3807,-0.1908
2022,174,Mason Kauffman,Northern Illinois,4,2,1.5025,22.0000,0.4975,0.0378,-0.4557,0.0000,0.0000,0.0000,0.0000,-0.0302,0.9456,0.0000,-0.2124,0.0378,1.2648,0.0000,-0.5927,1.4614,-0.5158,0.4975
2022,174,Matt Finesilver,Duke,4,2,1.8425,13.0000,0.1575,-0.0223,-0.2336,0.0000,0.0000,0.0000,0.0000,0.0019,0.4115,0.0000,0.0657,-0.0223,-0.1473,0.0000,0.2614,1.3742,-0.9627,0.1575
2022,174,Mekhi Lewis,Virginia Tech,5,4,3.6397,2.0000,0.3603,0.0381,0.2803,0.0000,0.0000,-0.4440,0.0000,0.0052,0.3972,0.0835,-0.0576,0.0381,0.4862,-0.4440,0.3376,1.5333,-1.1361,0.3603
2022,174,Michael Kemerer,Iowa,7,5,4.1779,5.0000,0.8221,-0.0061,0.0251,0.0000,0.0000,0.9897,0.0000,0.0064,-0.1930,0.0000,-0.2038,-0.0061,-0.3188,0.9897,0.3611,2.2779,-2.4710,0.8221
2022,174,Michael O`Malley,Drexel,5,3,3.6213,8.0000,-0.6213,0.0004,-0.3163,0.0000,0.0000,-0.6250,0.0000,-0.0020,0.2821,0.0395,-0.2100,0.0004,-0.1775,-0.6250,0.3907,1.1543,-0.8722,-0.6213
2022,174,Mikey Labriola,Nebraska,6,4,3.3452,9.0000,0.6548,0.0101,0.3428,0.0000,0.0000,-0.4513,0.0000,0.0001,0.7530,0.0000,-0.2701,0.0101,1.3126,-0.4513,0.0535,1.5125,-0.7594,0.6548
2022,174,Nick Incontrera,Pennsylvania,3,1,1.7883,17.0000,-0.7883,-0.0242,-0.3704,0.0000,0.0000,0.0000,0.0000,0.0214,-0.4739,0.0589,-0.3387,-0.0242,-1.6050,0.0000,1.1796,0.8530,-1.3270,-0.7883
2022,174,Peyton Mocco,Missouri,5,3,3.0866,11.0000,-0.0866,0.0226,-0.4640,0.0000,0.0000,0.0000,0.0000,-0.0048,0.3596,0.0000,0.1637,0.0226,-0.8915,0.0000,0.6186,2.0669,-1.7073,-0.0866
2022,174,Sal Perrine,Ohio,2,0,0.3077,27.0000,-0.3077,0.0450,-0.0018,0.0000,0.0000,0.0000,0.0000,-0.0002,-0.3508,0.0000,-0.1956,0.0450,-0.0473,0.0000,-0.1099,0.6187,-0.9695,-0.3077
2022,174,Thomas Flitz,Appalachian State,3,1,1.0201,19.0000,-0.0201,-0.0040,-0.1780,0.0000,0.0000,0.0000,0.0000,0.0007,0.4417,-0.2804,-0.3631,-0.0040,0.3154,0.0000,0.0316,1.6572,-1.2156,-0.0201
2022,174,Troy Fisher,Northwestern,2,0,0.3995,23.0000,-0.3995,-0.0191,0.0288,0.0000,0.0000,0.0000,0.0000,-0.0005,-0.4088,0.0000,-0.0293,-0.0191,-0.4003,0.0000,0.0492,0.0699,-0.4787,-0.3995
2022,174,Tyler Eischens,Stanford,3,1,0.4836,26.0000,0.5164,0.0081,0.2861,0.0000,0.0000,0.0000,0.0000,-0.0027,0.2268,-0.0018,0.7772,0.0081,-0.6259,0.0000,0.3570,2.0740,-1.8472,0.5164
2022,184,AJ Burkhart,Lehigh,2,0,0.2879,31.0000,-0.2879,-0.0118,-0.0047,0.0000,0.0000,0.0000,0.0000,-0.0003,-0.2710,0.0000,-0.0647,-0.0118,-0.3073,0.0000,0.0961,0.1000,-0.3710,-0.2879
2022,184,Aaron Brooks,Penn State,5,5,3.5537,2.0000,1.4463,0.0222,0.3615,0.0000,0.0000,0.4702,0.0000,0.0236,0.5686,0.0000,0.0248,0.0222,0.4575,0.4702,0.4716,1.2071,-0.6385,1.4463
2022,184,Abe Assad,Iowa,3,1,1.6322,18.0000,-0.6322,-0.0279,-0.2812,0.0000,0.0000,-0.4860,0.0000,-0.0051,0.1680,0.0000,0.0024,-0.0279,0.5414,-0.4860,-0.6621,1.2323,-1.0643,-0.6322
2022,184,Bernie Truax,Cal Poly,6,4,3.4167,5.0000,0.5833,0.0744,0.6311,0.0000,0.0000,-0.3780,0.0000,0.0035,0.2523,0.0000,-0.1037,0.0744,0.7641,-0.3780,0.2265,2.0655,-1.8131,0.5833
2022,184,Brit Wilson,Northern Illinois,3,1,1.9656,12.0000,-0.9656,0.0170,-0.1925,0.0000,0.0000,-0.5642,0.0000,-0.0071,-0.2188,0.0000,-0.0380,0.0170,-0.1220,-0.5642,-0.2583,0.5738,-0.7926,-0.9656
2022,184,Caleb Hopkins,Campbell,3,1,0.9346,24.0000,0.0654,-0.0137,0.2416,0.0000,0.0000,0.0000,0.0055,-0.0011,-0.5239,0.3570,0.1799,-0.0137,-0.6618,0.0000,0.5610,0.3814,-0.9054,0.0654
2022,184,Christopher Weiler,Wisconsin,2,0,0.3924,29.0000,-0.3924,-0.0147,-0.0785,0.0000,0.0000,0.0000,0.0000,-0.0056,-0.2937,0.0000,-0.0862,-0.0147,-0.3115,0.0000,0.0200,0.0368,-0.3305,-0.3924
2022,184,Colin McCracken,Kent State,2,0,0.2399,32.0000,-0.2399,-0.0005,0.0118,0.0000,0.0000,0.0000,0.0000,-0.0005,-0.1568,-0.0938,-0.0970,-0.0005,-0.1459,0.0000,0.0035,0.0041,-0.1609,-0.2399
2022,184,Dakota Geer,Oklahoma State,4,2,1.4140,16.0000,0.5860,0.0023,-0.0110,0.0000,0.0000,0.4860,0.0000,0.0010,-0.4786,0.5862,0.7097,0.0023,-1.2220,0.4860,0.6099,1.3463,-1.8249,0.5860
2022,184,Donnell Washington,Indiana,2,0,0.5773,26.0000,-0.5773,-0.0524,-0.0386,0.0000,0.0000,0.0000,0.0000,-0.0009,-0.4855,0.0000,-0.1526,-0.0524,-0.3237,0.0000,-0.0487,0.0715,-0.5570,-0.5773
2022,184,Gavin Kane,North Carolina,2,0,1.4031,14.0000,-1.4031,0.0074,-0.6861,0.0000,0.0000,0.0000,0.0000,0.0022,-0.7267,0.0000,-0.2889,0.0074,-1.0667,0.0000,-0.0549,0.5447,-1.2714,-1.4031
2022,184,Gregg Harvey,Pittsburgh,2,0,0.2887,28.0000,-0.2887,-0.0234,-0.0008,0.0000,0.0000,0.0000,0.0000,-0.0001,-0.2643,0.0000,-0.0550,-0.0234,-0.1690,0.0000,-0.0413,0.0320,-0.2964,-0.2887
2022,184,Hunter Bolen,Virginia Tech,3,1,1.2191,15.0000,-0.2191,0.0625,-0.0547,0.0000,0.0000,0.0000,0.0000,0.0013,-0.2281,0.0000,0.1132,0.0625,-0.3069,0.0000,-0.0878,0.7212,-0.9493,-0.2191
2022,184,Isaiah Salazar,Minnesota,3,1,1.0201,19.0000,-0.0201,0.0549,0.0679,0.0000,0.0000,0.0000,0.0000,-0.0016,-0.1412,0.0000,-0.2074,0.0549,-0.2462,0.0000,0.3786,1.3090,-1.4502,-0.0201
2022,184,Jeremiah Kent,Missouri,4,2,2.0387,17.0000,-0.0387,-0.0668,0.1943,0.0000,0.0000,0.0000,0.0000,-0.0018,0.3280,-0.4924,-0.4693,-0.0668,0.5530,0.0000,-0.0557,1.1667,-0.8388,-0.0387
2022,184,John Poznanski,Rutgers,4,2,1.8018,20.0000,0.1982,0.0451,-0.1380,0.0000,0.0000,0.0000,0.0000,0.0052,0.2860,0.0000,-0.4249,0.0451,-0.1688,0.0000,0.7468,1.9127,-1.6267,0.1982
2022,184,Jonathan Loew,Cornell,7,4,3.4024,11.0000,0.5976,0.0226,-0.4238,0.0000,0.0000,0.5187,0.0000,0.0044,0.4757,0.0000,-0.4633,0.0226,0.3131,0.5187,0.2064,2.1461,-1.6704,0.5976
2022,184,Kaleb Romero,Ohio State,7,4,3.8433,7.0000,0.1567,-0.1085,-0.2136,0.0000,0.0000,0.0000,0.0000,0.0019,0.4768,0.0000,-0.4227,-0.1085,0.2004,0.0000,0.4874,1.7358,-1.2590,0.1567
2022,184,Keegan Moore,Oklahoma,4,2,1.4540,27.0000,0.5460,-0.0535,0.3727,0.0000,0.0000,0.0000,0.0000,-0.0025,0.2293,0.0000,-0.2748,-0.0535,0.4774,0.0000,0.3969,1.4740,-1.2447,0.5460
2022,184,Kyle Cochran,Maryland,3,1,1.6789,13.0000,-0.6789,-0.0523,-0.1997,0.0000,0.0000,-0.6120,0.0000,0.0018,0.1833,0.0000,-0.4912,-0.0523,0.2258,-0.6120,0.2508,1.3701,-1.1868,-0.6789
2022,184,Layne Malczewski,Michigan State,2,0,0.8669,22.0000,-0.8669,0.0188,-0.2218,0.0000,0.0000,0.0000,0.0000,-0.0005,-0.6634,0.0000,-0.1918,0.0188,-0.9118,0.0000,0.2180,0.2973,-0.9606,-0.8669
2022,184,Marcus Coleman,Iowa State,7,5,4.3605,8.0000,0.6395,-0.0451,0.1302,0.0000,0.0000,-0.5104,0.0000,-0.0030,1.0678,0.0000,-0.7497,-0.0451,1.2887,-0.5104,0.6560,3.0105,-1.9427,0.6395
2022,184,Max Lyon,Purdue,5,3,0.9893,30.0000,2.0107,0.0140,1.2411,0.0000,0.0000,0.6120,0.0000,-0.0064,0.1501,0.0000,-0.3339,0.0140,1.1141,0.6120,0.6046,1.7624,-1.6123,2.0107
2022,184,Michael Battista,Virginia,2,0,0.6459,25.0000,-0.6459,0.0143,-0.0511,0.0000,0.0000,0.0000,0.0000,-0.0000,-0.2521,-0.3570,-0.4730,0.0143,0.0100,0.0000,-0.1972,0.3227,-0.5747,-0.6459
2022,184,Myles Amine,Michigan,5,4,4.3333,1.0000,-0.3333,0.0347,-0.5584,0.0000,0.0000,0.3780,0.0000,-0.0245,-0.1632,0.0000,-0.4337,0.0347,-0.3781,0.3780,0.0657,0.2815,-0.4447,-0.3333
2022,184,Parker Keckeisen,Northern Iowa,7,6,4.7224,4.0000,1.2776,0.0343,-0.3410,0.0000,0.0000,0.5213,0.0000,0.0104,1.0526,0.0000,-0.3897,0.0343,1.0687,0.5213,0.0430,4.1310,-3.0784,1.2776
2022,184,Tate Samuelson,Wyoming,3,1,1.0697,21.0000,-0.0697,-0.0337,-0.1946,0.0000,0.0000,0.5642,0.0000,0.0093,-0.4149,0.0000,0.1944,-0.0337,-0.9098,0.5642,0.1151,0.4524,-0.8672,-0.0697
2022,184,Taylor Venz,Nebraska,5,3,2.8995,10.0000,0.1005,0.0068,0.2266,0.0000,0.0000,0.0000,0.0267,0.0019,-0.1614,0.0000,-0.0468,0.0068,-0.0564,0.0000,0.1969,1.7603,-1.9218,0.1005
2022,184,Travis Stefanik,Princeton,3,1,0.9805,23.0000,0.0195,0.1327,-0.0327,0.0000,0.0000,0.0000,-0.0322,0.0007,-0.0490,0.0000,-0.1314,0.1327,-0.1875,0.0000,0.2057,0.5274,-0.5764,0.0195
2022,184,Trent Hidlay,NC State,6,4,4.1736,3.0000,-0.1736,-0.0030,0.4216,0.0000,0.0000,-0.9916,0.0000,-0.0069,0.4063,0.0000,-0.1407,-0.0030,0.4717,-0.9916,0.4899,1.9379,-1.5317,-0.1736
2022,184,Trey Munoz,Oregon State,4,2,2.4648,6.0000,-0.4648,-0.0532,-0.1854,0.0000,0.0000,0.0000,0.0000,-0.0001,-0.2260,0.0000,-0.3441,-0.0532,-0.1543,0.0000,0.0869,0.8597,-1.0857,-0.4648
2022,184,Zach Braunagel,Illinois,4,2,1.9292,9.0000,0.0708,-0.0033,0.0077,0.0000,0.0000,-0.0083,0.0000,0.0009,0.0738,0.0000,-0.0350,-0.0033,0.1638,-0.0083,-0.0464,0.5708,-0.4970,0.0708
2022,197,Alan Clothier,Northern Colorado,2,0,0.5121,27.0000,-0.5121,0.0129,0.0142,0.0000,0.0000,0.0000,0.0000,-0.0011,-0.3684,-0.1697,-0.2419,0.0129,-0.2799,0.0000,-0.0032,0.0000,-0.3684,-0.5121
2022,197,Andrew Davison,Northwestern,2,0,0.2887,28.0000,-0.2887,-0.0295,0.1357,0.0000,0.0000,0.0000,0.0000,-0.0018,-0.3931,0.0000,-0.0840,-0.0295,-0.1489,0.0000,-0.0262,-0.0017,-0.3913,-0.2887
2022,197,Benjamin Smith,Cleveland State,2,0,0.3924,29.0000,-0.3924,-0.0052,0.0013,0.0000,0.0000,0.0000,0.0000,-0.0005,-0.3881,0.0000,-0.1324,-0.0052,-0.2490,0.0000,-0.0058,0.0145,-0.4026,-0.3924
2022,197,Braxton Amos,Wisconsin,3,1,1.0015,23.0000,-0.0015,0.0249,0.6787,0.0000,0.0000,0.0000,0.0000,-0.0001,-0.7051,0.0000,0.1150,0.0249,-0.5387,0.0000,0.3973,0.9200,-1.6250,-0.0015
2022,197,Cameron Caffey,Michigan State,4,2,2.7541,9.0000,-0.7541,-0.0166,-1.1844,0.0000,0.0000,0.0000,0.0000,0.0010,0.4459,0.0000,-0.3389,-0.0166,-0.1515,0.0000,-0.2472,2.7650,-2.3191,-0.7541
2022,197,Cole Urbas,Pennsylvania,2,0,0.3383,30.0000,-0.3383,-0.0014,0.4531,0.0000,0.0000,0.0000,0.0000,-0.0032,-0.7868,0.0000,0.2396,-0.0014,-0.4219,0.0000,-0.1546,0.2092,-0.9960,-0.3383
2022,197,Eric Schultz,Nebraska,6,4,4.8589,3.0000,-0.8589,-0.0351,-1.5133,0.0000,0.0000,0.0000,0.0000,0.0034,0.6861,0.0000,-0.2839,-0.0351,-0.1427,0.0000,-0.3972,1.6479,-0.9618,-0.8589
2022,197,Evan Bockman,Utah Valley,2,0,0.7173,24.0000,-0.7173,0.0372,0.2316,0.0000,0.0000,0.0000,0.0000,-0.0018,-0.9842,0.0000,-0.1833,0.0372,-0.3401,0.0000,-0.2311,0.8078,-1.7920,-0.7173
2022,197,Gavin Hoffman,Ohio State,6,3,1.2675,21.0000,1.7325,-0.0433,0.3796,0.0000,0.0000,1.2012,0.0000,0.0048,0.2606,-0.0703,-0.3405,-0.0433,1.0577,1.2012,-0.1425,1.6419,-1.3813,1.7325
2022,197,Greg Bulsak,Rutgers,7,4,2.7193,14.0000,1.2807,0.4526,0.4306,0.0000,0.0000,0.0000,0.0000,-0.0045,0.4019,0.0000,-0.0390,0.4526,-0.3484,0.0000,1.2155,2.3048,-1.9029,1.2807
2022,197,Isaac Trumble,NC State,3,1,1.9027,15.0000,-0.9027,0.0541,-0.6451,0.0000,0.0000,-0.5212,0.0000,-0.1045,0.2579,0.0561,-0.1271,0.0541,0.2535,-0.5212,-0.5619,1.6567,-1.3987,-0.9027
2022,197,JT Brown,Army West Point,2,0,0.2400,31.0000,-0.2400,-0.0431,0.3198,0.0000,0.0000,0.0000,0.0000,-0.0003,-0.4602,-0.0561,-0.1600,-0.0431,0.0162,0.0000,-0.0531,0.0000,-0.4602,-0.2400
2022,197,Jacob Cardenas,Cornell,3,1,1.2379,19.0000,-0.2379,-0.0204,0.1544,0.0000,0.0000,-0.3594,0.0000,0.0040,-0.0165,0.0000,-0.0839,-0.0204,0.7458,-0.3594,-0.5199,1.0528,-1.0693,-0.2379
2022,197,Jacob Koser,Navy,3,1,1.3915,20.0000,-0.3915,0.0484,-0.3446,0.0000,0.0000,0.0000,0.0000,-0.0066,-0.0887,0.0000,-0.4041,0.0484,0.1657,0.0000,-0.2015,0.5681,-0.6568,-0.3915
2022,197,Jacob Warner,Iowa,5,4,2.2970,6.0000,1.7030,0.0854,1.2142,0.0000,0.0000,0.0000,0.0000,0.0102,0.3933,0.0000,0.8109,0.0854,0.1765,0.0000,0.6302,1.3273,-0.9340,1.7030
2022,197,Jake Woodley,Oklahoma,4,2,1.9611,13.0000,0.0389,-0.0119,0.2331,0.0000,0.0000,0.0000,0.0000,0.0078,-0.1901,0.0000,0.0386,-0.0119,-0.8042,0.0000,0.8164,1.7425,-1.9325,0.0389
2022,197,Jaron Smith,Maryland,3,1,0.8498,25.0000,0.1502,0.0016,0.0618,0.0000,0.0000,0.0000,0.0000,-0.0036,0.0904,0.0000,0.0361,0.0016,-0.2409,0.0000,0.3533,0.7445,-0.6542,0.1502
2022,197,Jay Aiello,Virginia,5,3,1.4123,17.0000,1.5877,-0.1038,0.8964,0.0000,0.0000,0.5071,0.0000,0.1238,0.1643,0.0000,1.0756,-0.1038,-0.6625,0.5071,0.7714,1.9948,-1.8305,1.5877
2022,197,Kordell Norfleet,Arizona State,4,2,2.2078,16.0000,-0.2078,0.0658,-0.0461,0.0000,0.0000,-0.5071,0.0000,-0.0326,0.2954,0.0167,-0.0633,0.0658,0.6687,-0.5071,-0.3719,1.6552,-1.3597,-0.2078
2022,197,Lou Deprez,Binghamton,4,2,2.1429,8.0000,-0.1429,-0.2255,0.5392,0.0000,0.0000,0.0000,0.0000,0.0019,-0.4585,0.0000,-0.0247,-0.2255,0.7564,0.0000,-0.6491,1.3121,-1.7706,-0.1429
2022,197,Luke Stout,Princeton,3,1,0.9734,18.0000,0.0266,0.0231,-0.0086,0.0000,0.0000,0.5212,0.0000,0.0051,-0.4975,-0.0167,0.0544,0.0231,-0.2861,0.5212,-0.2860,0.5435,-1.0410,0.0266
2022,197,Max Dean,Penn State,5,5,4.6448,1.0000,0.3552,0.0752,-1.0712,0.0000,0.0000,0.0000,0.0000,0.0052,1.3461,0.0000,0.2277,0.0752,0.4655,0.0000,-0.4132,1.8347,-0.4886,0.3552
2022,197,Michial Foy,Minnesota,2,0,0.5773,26.0000,-0.5773,-0.0325,-0.0964,0.0000,0.0000,0.0000,0.0000,-0.0017,-0.4466,0.0000,-0.6350,-0.0325,-0.1043,0.0000,0.1945,-0.0848,-0.3618,-0.5773
2022,197,Nino Bonaccorsi,Pittsburgh,5,3,3.6639,5.0000,-0.6639,0.0041,-0.1732,0.0000,0.0000,-0.6370,0.0000,-0.0084,0.1506,0.0000,-0.2518,0.0041,-0.0946,-0.6370,0.3154,0.9255,-0.7749,-0.6639
2022,197,Owen Pentz,North Dakota State,3,1,1.0017,22.0000,-0.0017,0.0034,0.2088,0.0000,0.0000,0.0000,0.0000,0.0034,-0.3868,0.1697,-0.2492,0.0034,-0.1927,0.0000,0.4369,0.3008,-0.6876,-0.0017
2022,197,Patrick Brucki,Michigan,4,2,3.1307,4.0000,-1.1307,0.0262,-1.0171,0.0000,0.0000,0.3594,0.0000,-0.0016,-0.4976,0.0000,0.2038,0.0262,-1.9162,0.3594,0.1961,1.2779,-1.7755,-1.1307
2022,197,Rocky Elam,Missouri,7,5,3.4491,7.0000,1.5509,-0.0126,0.7213,0.0000,0.0000,0.0000,0.0000,0.0058,0.8365,0.0000,-0.5111,-0.0126,1.5562,0.0000,0.5184,1.3907,-0.5543,1.5509
2022,197,Stephen Buchanan,Wyoming,6,5,4.9958,2.0000,0.0042,0.1076,-0.2853,0.0000,0.0000,0.0000,0.0000,0.0122,0.1697,0.0000,-0.4196,0.1076,0.3362,0.0000,-0.0200,1.2958,-1.1261,0.0042
2022,197,Tanner Sloan,South Dakota State,3,1,1.9656,12.0000,-0.9656,0.0169,0.2096,0.0000,0.0000,-1.0557,0.0000,0.0096,-0.1460,0.0000,0.1835,0.0169,-0.8437,-1.0557,0.7333,1.6066,-1.7526,-0.9656
2022,197,Thomas Penola,Purdue,4,2,2.1742,11.0000,-0.1742,-0.1946,-0.7302,0.0000,0.0000,0.4915,0.0000,-0.0074,0.2666,0.0000,-1.0656,-0.1946,0.1962,0.4915,0.3983,2.3067,-2.0401,-0.1742
2022,197,Will Feldkamp,Clarion,2,0,0.2247,32.0000,-0.2247,0.0196,0.0595,0.0000,0.0000,0.0000,0.0000,-0.0000,-0.3038,-0.0000,-0.0211,0.0196,-0.4361,0.0000,0.2129,0.4812,-0.7850,-0.2247
2022,197,Yonger Bastida,Iowa State,8,6,4.7059,10.0000,1.2941,-0.2834,0.1727,0.0000,0.0000,0.0000,0.0000,-0.0182,1.3527,0.0703,-0.2764,-0.2834,1.8080,0.0000,0.0459,2.7114,-1.3587,1.2941
2022,285,AJ Nevills,South Dakota State,3,1,1.0017,22.0000,-0.0017,0.0759,0.5616,0.0000,0.0000,-0.4211,0.0000,0.0313,-0.2494,0.0000,0.1351,0.0759,0.7557,-0.4211,-0.5473,0.6315,-0.8809,-0.0017
2022,285,Ben Goldin,Pennsylvania,3,1,0.7324,26.0000,0.2676,-0.0085,-0.1345,0.0000,0.0000,0.5190,0.0000,0.0820,-0.1903,0.0000,0.2788,-0.0085,-0.4677,0.5190,-0.0540,0.6230,-0.8134,0.2676
2022,285,Brandon Metz,North Dakota State,2,0,0.3924,29.0000,-0.3924,-0.0012,-0.0990,0.0000,0.0000,0.0000,0.0000,-0.0065,-0.2766,-0.0091,-0.1125,-0.0012,-0.2572,0.0000,-0.0215,0.0000,-0.2766,-0.3924
2022,285,Christian Lance,Nebraska,6,3,2.4487,12.0000,0.5513,0.0014,-0.2339,0.0000,0.0000,0.4555,0.0000,-0.0433,0.3716,0.0000,-0.5898,0.0014,0.8547,0.4555,-0.1705,1.1816,-0.8099,0.5513
2022,285,Cohlton Schultz,Arizona State,5,4,3.7235,2.0000,0.2765,-0.0370,-0.6828,0.0000,0.0000,0.4181,0.0000,0.0434,0.4835,0.0513,-0.3507,-0.0370,0.3319,0.4181,-0.0857,1.5212,-1.0377,0.2765
2022,285,Gable Steveson,Minnesota,5,5,4.3016,1.0000,0.6984,-0.0199,0.1428,0.0000,0.0000,0.0000,0.0000,0.0017,0.5738,0.0000,-0.1320,-0.0199,0.6406,0.0000,0.2097,1.0693,-0.4955,0.6984
2022,285,Gary Traub,Oregon State,5,3,2.9266,11.0000,0.0734,-0.0341,-0.8808,0.0000,0.0000,0.8485,0.0000,0.0086,0.1313,0.0000,0.4154,-0.0341,-0.7689,0.8485,-0.3875,1.3454,-1.2142,0.0734
2022,285,Greg Kerkvliet,Penn State,5,4,3.3205,4.0000,0.6795,0.0688,0.0084,0.0000,0.0000,0.0000,0.0000,0.0200,0.5732,0.0091,-0.1627,0.0688,0.4553,0.0000,0.3180,0.9091,-0.3359,0.6795
2022,285,Isaac Reid,Lock Haven,3,1,0.8498,25.0000,0.1502,-0.0542,-0.0925,0.0000,0.0000,0.0000,0.0000,-0.0001,0.2969,0.0000,0.0561,-0.0542,0.1310,0.0000,0.0172,1.4561,-1.1592,0.1502
2022,285,Joe Doyle,Binghamton,4,2,1.6927,20.0000,0.3073,0.0189,0.3519,0.0000,0.0000,0.0000,0.0000,-0.0008,-0.0626,0.0000,0.0856,0.0189,-0.3573,0.0000,0.5601,1.2630,-1.3256,0.3073
2022,285,Jordan Wood,Lehigh,5,4,2.7567,6.0000,1.2433,0.0141,0.6472,0.0000,0.0000,0.1345,0.0000,0.0002,0.4473,0.0000,-0.2334,0.0141,0.7169,0.1345,0.6111,1.4837,-1.0364,1.2433
2022,285,Josh Heindselman,Oklahoma,1,0,0.2904,30.0000,-0.2904,-0.0018,-0.0542,0.0000,0.0000,0.0000,0.0295,-0.0000,-0.2640,0.0000,-0.0155,-0.0018,-0.1867,0.0000,-0.0864,0.0312,-0.2952,-0.2904
2022,285,Lewis Fernandes,Cornell,5,3,1.6710,18.0000,1.3290,0.0965,1.3052,0.0000,0.0000,-0.4555,-0.0173,0.0357,0.3992,-0.0348,0.6403,0.0965,0.7166,-0.4555,0.3310,1.4315,-1.0322,1.3290
2022,285,Lucas Davison,Northwestern,7,4,3.3389,9.0000,0.6611,0.0724,0.2774,0.0000,0.0000,0.0000,-0.0190,-0.0029,0.3332,0.0000,-0.6062,0.0724,0.6467,0.0000,0.5482,2.5701,-2.2370,0.6611
2022,285,Luke Luffman,Illinois,3,1,1.4018,14.0000,-0.4018,0.0674,-0.3568,0.0000,0.0000,0.0000,0.0000,-0.0013,-0.1111,0.0000,-0.6036,0.0674,0.2713,0.0000,-0.1368,0.8616,-0.9727,-0.4018
2022,285,Luke Surber,Oklahoma State,3,1,1.4658,19.0000,-0.4658,-0.0407,0.0814,0.0000,0.0000,0.0000,-0.0295,-0.0001,-0.4769,0.0000,0.0316,-0.0407,-0.3007,0.0000,-0.1560,0.4330,-0.9099,-0.4658
2022,285,Mason Parris,Michigan,7,5,3.6008,7.0000,1.3992,0.0152,0.9441,0.0000,0.0000,0.0000,0.0000,-0.0279,0.4679,0.0000,0.0651,0.0152,0.2306,0.0000,1.0884,2.5673,-2.0994,1.3992
2022,285,Matt Stencel,Central Michigan,4,2,2.9151,8.0000,-0.9151,0.0526,-0.1469,0.0000,0.0000,0.0000,0.0000,0.0030,-0.3922,-0.4317,-0.7067,0.0526,-0.5870,0.0000,0.3260,0.5948,-0.9869,-0.9151
2022,285,Michael McAleavey,The Citadel,2,0,0.4504,28.0000,-0.4504,0.0258,-0.1142,0.0000,0.0000,0.0000,0.0000,-0.0001,-0.3409,-0.0210,-0.1239,0.0258,-0.4009,0.0000,0.0487,0.4744,-0.8153,-0.4504
2022,285,Michael Wolfgram,West Virginia,2,0,0.5121,27.0000,-0.5121,-0.1045,-0.2998,0.0000,0.0000,0.0000,0.0000,-0.0412,-0.0666,0.0000,-0.1041,-0.1045,-0.4070,0.0000,0.1036,0.2330,-0.2996,-0.5121
2022,285,Nathan Traxler,Virginia Tech,4,2,2.6540,10.0000,-0.6540,-0.0028,-0.9106,0.0000,0.0000,0.4061,0.0173,0.0026,-0.1665,0.0000,-0.2277,-0.0028,-0.5154,0.4061,-0.3142,1.8295,-1.9961,-0.6540
2022,285,Quinn Miller,Virginia,2,0,0.7911,23.0000,-0.7911,-0.0250,0.4368,0.0000,0.0000,-0.9251,0.0000,-0.0886,-0.1892,0.0000,0.2342,-0.0250,0.3569,-0.9251,-0.4322,1.0630,-1.2522,-0.7911
2022,285,Sam Schuyler,Iowa State,2,0,0.7173,24.0000,-0.7173,0.0183,-0.0888,0.0000,0.0000,0.0000,0.0190,-0.0011,-0.6647,0.0000,-0.0222,0.0183,-0.5715,0.0000,-0.1419,0.6254,-1.2901,-0.7173
2022,285,Tate Orndorff,Ohio State,5,3,2.0874,13.0000,0.9126,0.0314,-0.0436,0.0000,0.0000,0.0000,0.0000,-0.0104,0.9352,0.0000,-0.0022,0.0314,0.3677,0.0000,0.5157,1.7052,-0.7701,0.9126
2022,285,Taye Ghadiali,Campbell,3,1,1.8804,15.0000,-0.8804,-0.0133,-0.6555,0.0000,0.0000,0.3964,0.0000,-0.0102,-0.5183,-0.0795,-0.2244,-0.0133,-0.5147,0.3964,-0.5243,1.5764,-2.0947,-0.8804
2022,285,Tony Cassioppi,Iowa,5,3,3.8674,3.0000,-0.8674,-0.0603,-0.0553,0.0000,0.0000,-0.5526,0.0000,0.0022,-0.2012,0.0000,-0.2869,-0.0603,-0.2000,-0.5526,0.2325,0.4070,-0.6083,-0.8674
2022,285,Trent Hillger,Wisconsin,3,1,1.7883,17.0000,-0.7883,-0.0465,-0.4385,0.0000,0.0000,0.0000,0.0000,-0.0346,-0.2686,0.0000,-0.2587,-0.0465,-0.3012,0.0000,-0.1818,0.6997,-0.9683,-0.7883
2022,285,Tyrell Gordon,Northern Iowa,2,0,0.2242,33.0000,-0.2242,-0.0009,-0.0192,0.0000,0.0000,0.0000,0.0000,-0.0011,-0.2030,-0.0000,-0.0800,-0.0009,-0.1415,0.0000,-0.0017,0.0086,-0.2116,-0.2242
2022,285,Tyrie Houghton,NC State,3,1,1.2280,21.0000,-0.2280,-0.0701,0.1699,0.0000,0.0000,-0.4274,0.0000,-0.0010,0.1006,0.0000,-0.0589,-0.0701,0.1374,-0.4274,0.1910,0.9074,-0.8068,-0.2280
2022,285,Wyatt Hendrickson,Air Force,4,2,3.2443,5.0000,-1.2443,-0.0308,-0.4156,0.0000,0.0000,0.0000,0.0000,0.0017,-0.8205,0.0210,-0.4725,-0.0308,-1.0158,0.0000,0.2748,1.1193,-1.9399,-1.2443
2022,285,Zach Elam,Missouri,5,3,1.4847,16.0000,1.5153,0.0127,0.3853,0.0000,0.0000,0.0000,0.0000,0.0299,0.5760,0.5112,0.5027,0.0127,0.4752,0.0000,0.5246,1.8083,-1.2323,1.5153
2022,285,Zachary Knighton-Ward,Hofstra,2,0,0.2400,31.0000,-0.2400,-0.0196,0.4105,0.0000,0.0000,-0.3964,0.0000,0.0090,-0.2270,-0.0165,0.1288,-0.0196,-0.0952,-0.3964,0.1423,0.7837,-1.0107,-0.2400
2023,125,Anthony Noto,Lock Haven,7,5,3.8229,8.0000,1.1771,0.1123,-0.0238,0.0000,0.0000,0.0562,0.0000,-0.0015,1.0339,0.0000,-0.2126,0.1123,0.9072,0.0562,0.3140,2.2623,-1.2284,1.1771
2023,125,Antonio Lorenzo,Cal Poly,1,0,0.0479,30.0000,-0.0479,-0.0096,0.0995,0.0000,0.0000,0.0000,0.0000,-0.0000,-0.1378,0.0000,0.0256,-0.0096,-0.0069,0.0000,-0.0570,0.1054,-0.2432,-0.0479
2023,125,Brandon Courtney,Arizona State,6,5,3.3675,10.0000,1.6325,-0.0890,0.2428,0.0000,0.0000,0.5200,0.0000,-0.0105,0.9693,0.0000,-0.2940,-0.0890,1.3760,0.5200,0.1196,1.6136,-0.6443,1.6325
2023,125,Brandon Kaylor,Oregon State,3,1,2.2628,7.0000,-1.2628,-0.0534,-0.5304,0.0000,0.0000,0.0000,0.0000,0.0007,-0.3906,-0.2891,-0.1644,-0.0534,-1.1200,0.0000,0.0750,0.5502,-0.9408,-1.2628
2023,125,Braxton Brown,Maryland,3,1,0.8656,19.0000,0.1344,0.0447,0.2287,0.0000,0.0000,0.0000,0.0000,0.0007,-0.1397,0.0000,-0.5601,0.0447,0.2515,0.0000,0.3983,1.1548,-1.2945,0.1344
2023,125,Brett Ungar,Cornell,5,3,2.9207,15.0000,0.0793,0.1121,-0.6353,0.0000,0.0000,0.0000,0.0000,-0.0011,0.5904,0.0132,-0.3091,0.1121,0.1518,0.0000,0.1245,0.9817,-0.3913,0.0793
2023,125,Caleb Smith,Appalachian State,2,0,1.6356,5.0000,-1.6356,-0.0285,-1.1220,0.0000,0.0000,0.0000,0.0000,0.0001,-0.4852,0.0000,-0.1891,-0.0285,-1.6018,0.0000,0.1838,0.4377,-0.9229,-1.6356
2023,125,Dean Peterson,Rutgers,5,3,2.8887,13.0000,0.1113,-0.1743,0.0720,0.0000,0.0000,0.0000,0.0000,-0.0196,0.2333,0.0000,-0.1534,-0.1743,-0.1725,0.0000,0.6116,1.4161,-1.1828,0.1113
2023,125,Diego Sotelo,Harvard,2,0,0.4253,22.0000,-0.4253,0.0209,0.0149,0.0000,0.0000,0.0000,0.0000,-0.0057,-0.4554,0.0000,-0.1211,0.0209,-0.1588,0.0000,-0.1662,0.4975,-0.9528,-0.4253
2023,125,Eddie Ventresca,Virginia Tech,6,4,1.2292,27.0000,2.7708,-0.0738,1.9047,0.0000,0.0000,0.3633,0.0000,-0.0284,0.6049,0.0000,-0.0379,-0.0738,1.4584,0.3633,1.0608,2.2417,-1.6367,2.7708
2023,125,Eric Barnett,Wisconsin,5,3,3.2149,9.0000,-0.2149,0.0677,-0.3245,0.0000,0.0000,0.0000,0.0000,0.0039,-0.2511,0.2891,-0.1510,0.0677,-0.3247,0.0000,0.1931,1.3170,-1.5681,-0.2149
2023,125,Ethan Berginc,Army West Point,2,0,1.2665,17.0000,-1.2665,0.0012,-0.5372,0.0000,0.0000,0.0000,0.0000,-0.0016,-0.7290,0.0000,-0.3492,0.0012,-0.7961,0.0000,-0.1224,0.8940,-1.6230,-1.2665
2023,125,Jack Medley,Michigan,4,2,1.4421,16.0000,0.5579,-0.0188,0.0909,0.0000,0.0000,0.0000,0.0000,0.0005,0.4855,-0.0003,-0.0384,-0.0188,0.3702,0.0000,0.2449,1.0613,-0.5758,0.5579
2023,125,Jack Wagner,North Carolina,3,1,0.7885,26.0000,0.2115,0.0295,0.4838,0.0000,0.0000,0.0000,0.0000,0.0008,-0.0643,-0.2383,-0.3700,0.0295,0.7562,0.0000,-0.2042,0.7228,-0.7870,0.2115
2023,125,Jake Ferri,Kent State,2,0,0.3995,23.0000,-0.3995,-0.0126,-0.0585,0.0000,0.0000,0.0000,0.0000,-0.0013,-0.3270,0.0000,-0.0598,-0.0126,-0.3165,0.0000,-0.0106,0.3288,-0.6558,-0.3995
2023,125,Jarrett Trombley,NC State,4,2,1.0267,20.0000,0.9733,0.0644,0.5349,0.0000,0.0000,-0.3533,-0.0903,0.0378,0.7798,0.0000,0.3427,0.0644,1.1377,-0.3533,-0.2182,2.1870,-1.4071,0.9733
2023,125,Joey Prata,Oklahoma,2,0,0.6459,25.0000,-0.6459,0.0201,-0.4771,0.0000,0.0000,0.0000,0.0000,-0.0067,-0.1821,0.0000,-0.0368,0.0201,-0.3159,0.0000,-0.3131,0.1216,-0.3037,-0.6459
2023,125,Jore Volk,Wyoming,3,1,1.1126,21.0000,-0.1126,-0.0271,0.0108,0.0000,0.0000,0.5642,0.0000,-0.0017,-0.6588,0.0000,-0.4777,-0.0271,-0.5681,0.5642,0.3961,0.4793,-1.1381,-0.1126
2023,125,Killian Cardinale,West Virginia,6,3,1.3901,28.0000,1.6099,0.0929,1.5577,0.0000,0.0000,0.0000,0.0000,0.0044,-0.0452,0.0000,0.0173,0.0929,1.9587,0.0000,-0.4591,2.9233,-2.9684,1.6099
2023,125,Liam Cronin,Nebraska,5,3,3.9148,3.0000,-0.9148,0.0205,-0.8353,0.0000,0.0000,-0.2808,0.0000,0.0018,0.1790,0.0000,-0.3493,0.0205,-0.4759,-0.2808,0.1707,0.9703,-0.7913,-0.9148
2023,125,Matt Ramos,Purdue,5,4,3.2807,4.0000,0.7193,-0.2223,-0.1804,0.0000,0.0000,0.3533,0.0000,-0.0076,-0.0818,0.8580,0.7532,-0.2223,-0.6075,0.3533,0.4426,1.9082,-1.9900,0.7193
2023,125,Michael DeAugustino,Northwestern,3,1,1.4432,12.0000,-0.4432,0.0462,-0.2264,0.0000,0.0000,-0.5642,0.0000,-0.0012,0.3024,0.0000,-0.6197,0.0462,0.6765,-0.5642,0.0179,0.8704,-0.5680,-0.4432
2023,125,Nick Babin,Columbia,4,2,1.5752,24.0000,0.4248,0.0304,0.4208,0.0000,0.0000,0.0000,0.0000,0.0004,-0.2651,0.2383,0.3228,0.0304,-0.2152,0.0000,0.2868,0.4714,-0.7365,0.4248
2023,125,Nico Provo,Stanford,2,0,0.2712,29.0000,-0.2712,0.0164,-0.2061,0.0000,0.0000,0.0000,0.0000,-0.0006,-0.0809,0.0000,-0.2261,0.0164,-0.0847,0.0000,0.0231,0.0602,-0.1411,-0.2712
2023,125,Noah Surtin,Missouri,3,1,2.0592,14.0000,-1.0592,-0.0055,-0.1811,0.0000,0.0000,0.0000,0.0903,-0.0092,-0.9545,0.0008,0.0293,-0.0055,-0.8669,0.0000,-0.2162,0.7283,-1.6828,-1.0592
2023,125,Pat Glory,Princeton,5,5,3.9436,2.0000,1.0564,0.1333,0.1783,0.0000,0.0000,0.0000,0.0000,0.0147,0.7171,0.0130,0.0967,0.1333,0.5541,0.0000,0.2723,0.8628,-0.1458,1.0564
2023,125,Patrick McKee,Minnesota,4,2,2.6151,11.0000,-0.6151,-0.0626,-0.4303,0.0000,0.0000,0.0000,0.0000,0.0412,-0.1634,0.0000,-0.5444,-0.0626,-0.6805,0.0000,0.6723,0.8014,-0.9648,-0.6151
2023,125,Reece Witcraft,Oklahoma State,2,0,0.2879,31.0000,-0.2879,0.0195,-0.0166,0.0000,0.0000,0.0000,0.0000,0.0000,-0.0430,-0.2477,-0.0742,0.0195,-0.3858,0.0000,0.1526,0.1526,-0.1956,-0.2879
2023,125,Ryan Miller,Pennsylvania,3,1,1.6322,18.0000,-0.6322,-0.0296,-0.2289,0.0000,0.0000,0.0000,0.0000,-0.0031,-0.6052,0.2347,-0.4928,-0.0296,-0.3254,0.0000,0.2156,0.3466,-0.9518,-0.6322
2023,125,Spencer Lee,Iowa,4,3,3.6184,1.0000,-0.6184,0.1288,-0.0615,0.0000,0.0000,0.0000,0.0000,0.0009,0.1661,-0.8527,-0.5569,0.1288,-0.2668,0.0000,0.0764,0.6782,-0.5121,-0.6184
2023,125,Stevo Poulin,Northern Colorado,5,3,4.0178,6.0000,-1.0178,-0.0627,-0.3028,0.0000,0.0000,-0.6587,0.0000,-0.0102,0.0166,0.0000,0.1013,-0.0627,-0.7398,-0.6587,0.3421,1.9473,-1.9308,-1.0178
2023,125,Tanner Jordan,South Dakota State,1,0,0.1812,32.0000,-0.1812,-0.0008,-0.0211,0.0000,0.0000,0.0000,0.0000,0.0000,-0.1585,-0.0008,-0.0678,-0.0008,-0.1052,0.0000,-0.0073,0.0000,-0.1585,-0.1812
2023,125,Tucker Owens,Air Force,3,1,0.4068,33.0000,0.5932,-0.0901,0.5593,0.0000,0.0000,0.0000,0.0000,0.0020,0.1402,-0.0182,-0.0332,-0.0901,0.5366,0.0000,0.1798,1.0091,-0.8689,0.5932
2023,133,Aaron Nagao,Minnesota,7,5,3.3705,8.0000,1.6295,0.0341,1.1519,0.0000,0.0000,0.0000,0.0000,0.0258,0.3691,0.0485,-0.2555,0.0341,1.2926,0.0000,0.5583,1.7279,-1.3588,1.6295
2023,133,Angelo Rini,Columbia,3,1,0.6134,29.0000,0.3866,-0.0026,0.3489,0.0000,0.0000,0.0000,0.0000,-0.0000,0.0403,0.0000,0.0858,-0.0026,0.0809,0.0000,0.2225,1.0691,-1.0287,0.3866
2023,133,Brayden Palmer,Chattanooga,4,2,1.5893,17.0000,0.4107,0.0560,0.1839,0.0000,0.0000,0.0000,0.0000,0.0067,0.1641,0.0000,-0.0818,0.0560,0.0512,0.0000,0.3853,0.6683,-0.5042,0.4107
2023,133,Brendan Ferretti,Navy,2,0,1.0216,20.0000,-1.0216,-0.0221,-0.3233,0.0000,0.0000,0.0000,0.0000,-0.0013,-0.6748,0.0000,-0.4453,-0.0221,-0.5862,0.0000,0.0321,0.5655,-1.2404,-1.0216
2023,133,Brody Teske,Iowa,3,1,1.0015,23.0000,-0.0015,0.0243,-0.1002,0.0000,0.0000,0.0000,0.0000,-0.0017,0.0762,0.0000,-0.4631,0.0243,0.3310,0.0000,0.1064,0.6086,-0.5324,-0.0015
2023,133,Chance Rich,CSU Bakersfield,3,1,0.7352,21.0000,0.2648,-0.0650,0.5551,0.0000,0.0000,0.0000,0.0000,-0.0004,-0.2248,0.0000,-0.2135,-0.0650,0.3634,0.0000,0.1799,0.4540,-0.6789,0.2648
2023,133,Chris Cannon,Northwestern,3,1,2.2031,12.0000,-1.2031,0.0542,-0.5051,0.0000,0.0000,0.0000,0.0000,0.0027,0.1132,-0.8681,-1.1759,0.0542,-0.1166,0.0000,0.0352,0.4663,-0.3531,-1.2031
2023,133,Cody Phippen,Air Force,4,2,1.0472,22.0000,0.9528,-0.0468,0.0686,0.0000,0.0000,-0.4451,0.0000,-0.0189,-0.1377,1.5328,0.1293,-0.0468,-0.1153,-0.4451,1.4308,0.5801,-0.7179,0.9528
2023,133,Connor Brown,Missouri,2,0,0.5773,26.0000,-0.5773,0.0036,-0.1202,0.0000,0.0000,0.0000,0.0000,-0.0000,-0.4117,-0.0490,-0.2046,0.0036,-0.5255,0.0000,0.1492,0.1637,-0.5754,-0.5773
2023,133,Daton Fix,Oklahoma State,6,4,4.7374,2.0000,-0.7374,-0.0479,-1.1872,0.0000,0.0000,0.0000,0.0000,-0.0065,0.5002,0.0040,-0.1503,-0.0479,-1.1221,0.0000,0.5828,1.4138,-0.9136,-0.7374
2023,133,Domenic Zaccone,Campbell,3,1,1.4658,19.0000,-0.4658,-0.0319,0.0018,0.0000,0.0000,0.0000,0.0000,0.0002,-0.4220,-0.0139,-0.1982,-0.0319,-0.2394,0.0000,0.0038,0.5418,-0.9638,-0.4658
2023,133,Dylan Ragusin,Michigan,4,2,2.8041,11.0000,-0.8041,0.0587,-0.0437,0.0000,0.0000,-0.5167,0.0000,0.0060,0.3562,-0.6646,-0.4806,0.0587,0.2545,-0.5167,-0.1200,0.8219,-0.4657,-0.8041
2023,133,Ethan Oakley,Appalachian State,2,0,0.2097,33.0000,-0.2097,-0.0165,0.0858,0.0000,0.0000,0.0000,0.0000,-0.0004,-0.2787,0.0000,-0.0287,-0.0165,0.1215,0.0000,-0.2860,0.2614,-0.5401,-0.2097
2023,133,Ethan Rotondo,Cal Poly,2,0,0.3383,30.0000,-0.3383,0.0111,-0.0794,0.0000,0.0000,0.0000,0.0000,-0.0007,-0.2693,-0.0000,-0.1913,0.0111,-0.2084,0.0000,0.0502,0.0593,-0.3287,-0.3383
2023,133,Gable Strickland,Lock Haven,2,0,0.2887,28.0000,-0.2887,-0.0227,0.0839,0.0000,0.0000,0.0000,0.0000,-0.0024,-0.2933,-0.0541,-0.1190,-0.0227,-0.1178,0.0000,-0.0292,0.0000,-0.2933,-0.2887
2023,133,Jack Maida,American,3,1,0.5286,31.0000,0.4714,0.0249,-0.0336,0.0000,0.0000,0.0000,0.0000,-0.0000,-0.2357,0.7158,0.1757,0.0249,-0.4065,0.0000,0.6772,0.2777,-0.5134,0.4714
2023,133,Jason Shaner,Oregon State,2,0,1.1762,18.0000,-1.1762,-0.0374,-0.0966,0.0000,0.0000,0.0000,0.0000,0.0000,-0.2580,-0.7842,-0.9114,-0.0374,0.1181,0.0000,-0.3455,0.4378,-0.6957,-1.1762
2023,133,Jesse Mendez,Ohio State,8,5,3.2408,13.0000,1.7592,0.0131,0.2075,0.0000,0.0000,1.6116,0.0000,-0.0161,-0.0709,0.0139,-0.2570,0.0131,0.3339,1.6116,0.0576,1.3018,-1.3727,1.7592
2023,133,Joe Heilmann,Rutgers,3,1,1.8027,16.0000,-0.8027,-0.0129,-0.6528,0.0000,0.0000,0.0000,0.0000,-0.0415,-0.0955,0.0000,-0.1252,-0.0129,-0.7019,0.0000,0.0374,0.7413,-0.8367,-0.8027
2023,133,Kai Orine,NC State,6,3,4.1571,5.0000,-1.1571,0.0340,-0.7285,0.0000,0.0000,0.0000,0.0000,-0.0122,-0.5046,0.0541,-0.4131,0.0340,-0.7937,0.0000,0.0157,1.2272,-1.7317,-1.1571
2023,133,Kurtis Phipps,Bucknell,2,0,0.6459,25.0000,-0.6459,-0.0371,-0.0025,0.0000,0.0000,0.0000,0.0000,-0.0004,-0.6059,0.0000,-0.1182,-0.0371,-0.3427,0.0000,-0.1480,0.2424,-0.8483,-0.6459
2023,133,Kyle Biscoglia,Northern Iowa,5,3,1.7043,15.0000,1.2957,-0.0015,0.8586,0.0000,0.0000,0.0000,0.0000,0.0245,0.3496,0.0644,0.2653,-0.0015,0.5669,0.0000,0.4650,1.3481,-0.9985,1.2957
2023,133,Lucas Byrd,Illinois,4,2,1.9191,10.0000,0.0809,0.0263,0.0980,0.0000,0.0000,-0.5257,0.0000,-0.0142,0.4965,0.0000,-0.0957,0.0263,0.4944,-0.5257,0.1816,0.9131,-0.4166,0.0809
2023,133,Michael Colaiocco,Pennsylvania,4,2,3.0174,7.0000,-1.0174,-0.0300,-0.6828,0.0000,0.0000,0.0000,0.0000,0.0004,-0.4170,0.1120,-0.1625,-0.0300,-0.6387,0.0000,-0.1862,0.6225,-1.0395,-1.0174
2023,133,Michael McGee,Arizona State,6,5,3.6000,4.0000,1.4000,0.0914,1.0171,0.0000,0.0000,-0.3942,0.0000,0.0573,0.6285,0.0000,0.3904,0.0914,0.4945,-0.3942,0.8180,1.8022,-1.1737,1.4000
2023,133,Micky Phillippi,Pittsburgh,5,3,3.1470,9.0000,-0.1470,0.0962,-0.0154,0.0000,0.0000,0.0000,0.0000,0.0039,-0.1833,-0.0485,-0.1727,0.0962,-0.4166,0.0000,0.3460,0.8593,-1.0426,-0.1470
2023,133,Roman Bravo-Young,Penn State,5,4,4.3706,1.0000,-0.3706,-0.1129,-0.5655,0.0000,0.0000,0.3942,0.0000,-0.0387,-0.0476,0.0000,-0.3579,-0.1129,-0.1060,0.3942,-0.1880,1.1947,-1.2424,-0.3706
2023,133,Sam Latona,Virginia Tech,6,4,3.8390,6.0000,0.1610,-0.0694,-0.0537,0.0000,0.0000,-0.2280,0.0000,0.0236,0.4886,0.0000,-0.0301,-0.0694,0.3148,-0.2280,0.1738,1.8166,-1.3281,0.1610
2023,133,Taylor Lamont,Wisconsin,2,0,0.3077,27.0000,-0.3077,-0.0286,0.1142,0.0000,0.0000,-0.3413,0.0000,0.0012,-0.0534,0.0000,-0.0990,-0.0286,0.1504,-0.3413,0.0107,0.3257,-0.3791,-0.3077
2023,133,Vito Arujau,Cornell,5,5,3.1106,3.0000,1.8894,0.0810,0.3844,0.0000,0.0000,0.0000,0.0000,0.0024,1.4215,0.0000,-0.1163,0.0810,1.5555,0.0000,0.3693,2.4919,-1.0704,1.8894
2023,133,Wyatt Henson,Oklahoma,3,1,0.8746,24.0000,0.1254,-0.0939,0.2460,0.0000,0.0000,0.0000,0.0000,-0.0003,0.0366,-0.0630,0.0883,-0.0939,0.3153,0.0000,-0.1843,0.8728,-0.8362,0.1254
2023,133,Zach Redding,Iowa State,5,3,2.5553,14.0000,0.4447,0.0703,-0.2154,0.0000,0.0000,0.4451,0.0000,0.0011,0.1435,0.0000,0.1856,0.0703,-0.4014,0.4451,0.1451,1.4577,-1.3142,0.4447
2023,141,Allan Hart,Missouri,4,2,2.0708,8.0000,-0.0708,-0.0173,-0.0971,0.0000,0.0000,0.4896,0.0000,0.0077,-0.4537,0.0000,-0.0232,-0.0173,-0.6142,0.4896,0.0943,0.9635,-1.4172,-0.0708
2023,141,Andrew Alirez,Northern Colorado,5,5,3.7864,2.0000,1.2136,0.0643,0.3955,0.0000,0.0000,0.0000,0.0000,0.0080,0.7370,0.0088,-0.3988,0.0643,0.9809,0.0000,0.5671,1.4618,-0.7248,1.2136
2023,141,Beau Bartlett,Penn State,6,5,3.4471,6.0000,1.5529,0.0143,0.4329,0.0000,0.0000,0.5526,0.0000,-0.0033,0.5564,0.0000,-0.2118,0.0143,0.7219,0.5526,0.4760,1.2944,-0.7380,1.5529
2023,141,Brock Hardy,Nebraska,6,3,4.2397,4.0000,-1.2397,0.0240,-0.3358,0.0000,0.0000,0.0000,0.0000,0.0001,-0.4941,-0.4339,-0.7106,0.0240,-0.4489,0.0000,-0.1043,0.5659,-1.0600,-1.2397
2023,141,Cael Happel,Northern Iowa,4,2,1.9741,14.0000,0.0259,0.0054,0.0814,0.0000,0.0000,0.0000,0.0000,0.0035,-0.0644,0.0000,-0.5002,0.0054,0.3052,0.0000,0.2156,1.1734,-1.2378,0.0259
2023,141,Carmen Ferrante,Pennsylvania,2,0,0.6459,25.0000,-0.6459,-0.0023,-0.0751,0.0000,0.0000,0.0000,0.0000,-0.0113,-0.5572,0.0000,-0.1878,-0.0023,-0.5655,0.0000,0.1098,0.1059,-0.6631,-0.6459
2023,141,Carter Young,Oklahoma State,2,0,1.4483,13.0000,-1.4483,-0.0184,-0.7570,0.0000,0.0000,0.0000,0.0000,-0.0026,-0.6702,0.0000,-0.4271,-0.0184,-0.9468,0.0000,-0.0560,0.0420,-0.7122,-1.4483
2023,141,Casey Swiderski,Iowa State,5,3,1.5107,24.0000,1.4893,-0.0595,0.3107,0.0000,0.0000,0.0000,0.0000,-0.0082,0.4271,0.8192,-0.5133,-0.0595,0.9277,0.0000,1.1344,1.7829,-1.3558,1.4893
2023,141,Clay Carlson,South Dakota State,8,6,3.9931,11.0000,2.0069,-0.0843,0.2183,0.0000,0.0000,0.0000,0.0000,-0.0037,1.4427,0.4339,-0.6665,-0.0843,1.8094,0.0000,0.9484,3.1098,-1.6671,2.0069
2023,141,Cleveland Belton,Oregon State,2,0,0.9439,21.0000,-0.9439,0.0465,-0.4814,0.0000,0.0000,0.0000,0.0000,-0.0026,-0.5064,0.0000,-0.0088,0.0465,-0.3169,0.0000,-0.6647,0.3313,-0.8377,-0.9439
2023,141,Cole Matthews,Pittsburgh,4,2,3.3244,3.0000,-1.3244,-0.0022,-0.2922,0.0000,0.0000,-1.2003,0.0000,0.0044,0.1659,0.0000,0.0911,-0.0022,-0.3224,-1.2003,0.1094,0.3487,-0.1828,-1.3244
2023,141,Cole Mattin,Michigan,4,2,1.3786,23.0000,0.6214,0.0148,-0.0736,0.0000,0.0000,0.0000,0.0000,-0.0030,-0.1063,0.7896,0.0049,0.0148,-0.5636,0.0000,1.1653,0.8282,-0.9345,0.6214
2023,141,Dylan D`Emilio,Ohio State,7,4,2.4445,17.0000,1.5555,-0.0338,1.0522,0.0000,0.0000,0.1853,0.0000,0.0137,0.3380,0.0000,-0.2154,-0.0338,0.8512,0.1853,0.7682,1.6590,-1.3210,1.5555
2023,141,Frankie Tal Shahar,Northwestern,4,2,1.8973,18.0000,0.1027,0.0767,-0.0566,0.0000,0.0000,0.5212,0.0000,0.0002,-0.4389,0.0000,-0.2058,0.0767,-0.5848,0.5212,0.2954,0.7499,-1.1888,0.1027
2023,141,Jakob Bergeland,Minnesota,2,1,0.4762,20.0000,0.5238,-0.0267,0.3333,0.0000,0.0000,0.0000,0.0000,0.0016,0.2156,0.0000,0.0094,-0.0267,0.2697,0.0000,0.2714,0.3421,-0.1265,0.5238
2023,141,Jordan Titus,West Virginia,3,1,0.4921,29.0000,0.5079,0.0119,0.3982,0.0000,0.0000,0.0000,0.0000,-0.0066,0.1044,0.0000,-0.0679,0.0119,0.3128,0.0000,0.2511,0.5797,-0.4754,0.5079
2023,141,Joseph Zargo,Wisconsin,2,0,0.2400,31.0000,-0.2400,0.0047,-0.1866,0.0000,0.0000,-0.3964,0.0000,-0.0061,0.3531,-0.0088,-0.0926,0.0047,0.5267,-0.3964,-0.2825,0.4468,-0.0937,-0.2400
2023,141,Josh Koderhandt,Navy,2,0,1.3118,16.0000,-1.3118,-0.0911,-0.4189,0.0000,0.0000,0.0000,0.0000,-0.0007,-0.8010,0.0000,-0.3946,-0.0911,-0.9044,0.0000,0.0784,0.4845,-1.2855,-1.3118
2023,141,Kal Miller,Maryland,3,1,0.4660,32.0000,0.5340,0.0419,0.2700,0.0000,0.0000,0.0000,0.0000,-0.0011,0.2232,0.0000,-0.1848,0.0419,0.3575,0.0000,0.3194,0.9377,-0.7145,0.5340
2023,141,Lachlan McNeil,North Carolina,7,5,3.4029,10.0000,1.5971,0.0578,0.7303,0.0000,0.0000,0.0000,0.0000,0.0029,0.8061,0.0000,-0.1094,0.0578,0.8184,0.0000,0.8303,1.5865,-0.7804,1.5971
2023,141,Malyke Hines,Lehigh,5,3,1.6859,22.0000,1.3141,0.0974,-0.0144,0.0000,0.0000,0.0000,0.0000,0.0062,0.3762,0.8488,1.1170,0.0974,-0.4139,0.0000,0.5137,1.5648,-1.1887,1.3141
2023,141,Matt Kazimir,Columbia,3,1,1.6610,19.0000,-0.6610,0.0098,0.1428,0.0000,0.0000,0.0000,0.0000,0.0015,0.0337,-0.8488,0.0189,0.0098,-0.3145,0.0000,-0.3752,0.8502,-0.8165,-0.6610
2023,141,McKenzie Bell,Rider,2,0,0.5773,26.0000,-0.5773,0.0079,-0.1301,0.0000,0.0000,0.0000,0.0000,-0.0002,-0.0586,-0.3962,-0.4753,0.0079,0.0318,0.0000,-0.1417,0.4854,-0.5440,-0.5773
2023,141,Mosha Schwartz,Oklahoma,3,1,2.0596,9.0000,-1.0596,0.0359,-0.0617,0.0000,0.0000,-0.4896,0.0000,0.0053,-0.1561,-0.3933,-0.4840,0.0359,-0.0841,-0.4896,-0.0378,0.3099,-0.4660,-1.0596
2023,141,Parker Filius,Purdue,6,4,3.0386,12.0000,0.9614,0.0448,-0.2539,0.0000,0.0000,0.4623,0.0000,0.0032,0.5269,0.1781,-0.0246,0.0448,-0.0254,0.4623,0.5044,2.4192,-1.8922,0.9614
2023,141,Real Woods,Iowa,5,4,4.2921,1.0000,-0.2921,-0.0541,-0.3385,0.0000,0.0000,0.0000,0.0000,-0.0024,0.1029,0.0000,-0.3777,-0.0541,-0.1127,0.0000,0.2523,0.9058,-0.8029,-0.2921
2023,141,Ryan Jack,NC State,3,1,2.5008,5.0000,-1.5008,0.0140,-0.4825,0.0000,0.0000,0.0000,0.0000,-0.0068,-1.0254,0.0000,-0.6750,0.0140,-0.3254,0.0000,-0.5145,0.2841,-1.3095,-1.5008
2023,141,Saul Ervin,SIU Edwardsville,3,1,0.6345,28.0000,0.3655,-0.0932,0.3732,0.0000,0.0000,0.0000,0.0000,0.0041,0.0814,0.0000,0.7053,-0.0932,-0.4060,0.0000,0.1594,0.6011,-0.5197,0.3655
2023,141,Seth Koleno,Clarion,2,0,0.3383,30.0000,-0.3383,-0.0097,-0.1515,0.0000,0.0000,0.0000,0.0000,-0.0061,-0.1710,0.0000,-0.2138,-0.0097,-0.1366,0.0000,0.0219,0.0681,-0.2391,-0.3383
2023,141,Shannon Hanna,Campbell,2,0,0.5121,27.0000,-0.5121,-0.0245,-0.0397,0.0000,0.0000,0.0000,0.0000,-0.0013,-0.4465,0.0000,-0.1813,-0.0245,-0.0426,0.0000,-0.2635,0.4720,-0.9186,-0.5121
2023,141,Tom Crook,Virginia Tech,3,1,1.9027,15.0000,-0.9027,-0.0357,-0.0651,0.0000,0.0000,-0.1249,0.0000,0.0019,-0.6789,0.0000,0.1252,-0.0357,-0.9406,-0.1249,0.0734,0.1761,-0.8549,-0.9027
2023,141,Vince Cornella,Cornell,3,1,2.3034,7.0000,-1.3034,-0.0190,-0.4271,0.0000,0.0000,0.0000,0.0000,0.0019,0.1381,-0.9973,-1.5158,-0.0190,0.1561,0.0000,0.0753,0.4634,-0.3253,-1.3034
2023,149,Alec Hagan,Ohio,2,0,0.4504,28.0000,-0.4504,-0.1162,0.2167,0.0000,0.0000,-0.3228,0.0000,0.0054,-0.2335,0.0000,-0.1042,-0.1162,0.1507,-0.3228,-0.0579,0.0768,-0.3103,-0.4504
2023,149,Anthony White,Rutgers,2,0,0.2879,31.0000,-0.2879,-0.0370,-0.0557,0.0000,0.0000,0.0000,0.0000,-0.0038,-0.1914,0.0000,-0.1625,-0.0370,-0.0025,0.0000,-0.0859,0.0032,-0.1945,-0.2879
2023,149,Austin Gomez,Wisconsin,4,2,1.9146,14.0000,0.0854,-0.0663,0.5981,0.0000,0.0000,0.0000,0.0000,0.0013,-0.0935,-0.3542,-0.5711,-0.0663,0.6959,0.0000,0.0268,1.5340,-1.6275,0.0854
2023,149,Brock Mauller,Missouri,6,4,3.8703,6.0000,0.1297,-0.0841,-0.4072,0.0000,0.0000,0.0000,0.0000,0.0027,0.6184,0.0000,-0.6359,-0.0841,0.5430,0.0000,0.3068,2.8849,-2.2666,0.1297
2023,149,Caleb Henson,Virginia Tech,8,6,6.0772,4.0000,-0.0772,0.0587,-0.8697,0.0000,0.0000,0.3594,0.0000,-0.0070,0.3813,0.0000,-0.5904,0.0587,-0.4961,0.3594,0.5911,2.9596,-2.5782,-0.0772
2023,149,Caleb Tyus,SIU Edwardsville,3,1,0.8498,25.0000,0.1502,0.0435,0.1938,0.0000,0.0000,0.0000,0.0000,-0.0005,-0.0866,0.0000,-0.2128,0.0435,0.0203,0.0000,0.2992,0.9480,-1.0346,0.1502
2023,149,Chance Lamer,Michigan,5,3,1.4394,22.0000,1.5606,0.0095,0.5903,0.0000,0.0000,0.0000,0.0000,0.0160,0.5905,0.3542,0.0587,0.0095,0.8716,0.0000,0.6207,1.1493,-0.5588,1.5606
2023,149,Colin Realbuto,Northern Iowa,3,1,1.4913,15.0000,-0.4913,0.0356,-0.4985,0.0000,0.0000,0.0000,0.0336,-0.0012,-0.0608,0.0000,-0.1666,0.0356,-0.9098,0.0000,0.5494,0.9338,-0.9946,-0.4913
2023,149,Dom Demas,Cal Poly,4,2,0.5242,33.0000,1.4758,-0.1385,1.0044,0.0000,0.0000,-0.3457,0.0000,0.0004,0.9551,0.0000,-0.3693,-0.1385,1.9780,-0.3457,0.3513,1.6791,-0.7240,1.4758
2023,149,Doug Zapf,Pennsylvania,4,2,2.0901,11.0000,-0.0901,0.0006,-0.1792,0.0000,0.0000,0.0000,0.0000,-0.0013,0.0898,0.0000,-0.2140,0.0006,-0.0230,0.0000,0.1463,1.1435,-1.0537,-0.0901
2023,149,Dylan Chappell,Bucknell,2,0,0.2712,29.0000,-0.2712,0.0577,0.1439,0.0000,0.0000,0.0000,0.0000,-0.0011,0.2030,-0.6746,-0.5022,0.0577,0.2424,0.0000,-0.0690,0.6519,-0.4489,-0.2712
2023,149,Dylan Martinez,Air Force,1,0,0.0479,30.0000,-0.0479,-0.0009,0.0048,0.0000,0.0000,0.0000,0.0000,-0.0009,-0.0510,0.0000,-0.0096,-0.0009,-0.0617,0.0000,0.0244,0.0270,-0.0780,-0.0479
2023,149,Ethen Miller,Maryland,3,1,1.4643,21.0000,-0.4643,0.1171,0.0293,0.0000,0.0000,0.0000,0.0000,-0.0128,0.3510,-0.9489,-0.7182,0.1171,0.0641,0.0000,0.0726,0.8044,-0.4534,-0.4643
2023,149,Graham Rooks,Indiana,4,2,1.0783,20.0000,0.9217,0.0282,0.6653,0.0000,0.0000,0.0000,0.0000,-0.0010,0.2293,0.0000,-0.3288,0.0282,1.5830,0.0000,-0.3606,2.1710,-1.9416,0.9217
2023,149,Isaiah Delgado,Utah Valley,1,0,0.2573,32.0000,-0.2573,0.0255,-0.0425,0.0000,0.0000,0.0000,0.0000,-0.0012,-0.2392,0.0000,-0.0870,0.0255,-0.2181,0.0000,0.0223,0.0252,-0.2643,-0.2573
2023,149,Jackson Arrington,NC State,5,3,1.9984,16.0000,1.0016,0.1138,0.5230,0.0000,0.0000,0.9790,0.0000,0.0667,-0.6675,-0.0135,-1.0988,0.1138,0.3081,0.9790,0.6994,1.1322,-1.7996,1.0016
2023,149,Jaden Abas,Stanford,3,1,2.0596,9.0000,-1.0596,0.0283,-0.7414,0.0000,0.0000,-0.6031,0.0000,0.0030,-0.1374,0.3910,-0.0183,0.0283,-0.8926,-0.6031,0.4261,0.9373,-1.0747,-1.0596
2023,149,Jarod Verkleeren,Virginia,2,0,0.3077,27.0000,-0.3077,-0.0332,0.0531,0.0000,0.0000,0.0000,0.0000,-0.0014,-0.3263,0.0000,-0.0833,-0.0332,-0.2814,0.0000,0.0902,0.0301,-0.3564,-0.3077
2023,149,Johnny Lovett,Central Michigan,3,1,1.2710,19.0000,-0.2710,-0.0559,0.2032,0.0000,0.0000,-0.3594,0.0000,0.0059,-0.0648,0.0000,-0.0603,-0.0559,-0.2476,-0.3594,0.4522,1.2232,-1.2880,-0.2710
2023,149,Kellyn March,North Dakota State,3,1,1.9729,13.0000,-0.9729,-0.0185,-0.6442,0.0000,0.0000,0.0000,0.0000,-0.0091,-0.9756,0.6746,-0.0525,-0.0185,-1.3043,0.0000,0.4025,0.6561,-1.6317,-0.9729
2023,149,Kyle Parco,Arizona State,6,4,4.3936,3.0000,-0.3936,0.0183,-0.6626,0.0000,0.0000,0.0000,0.0000,-0.0005,0.2511,0.0000,0.2769,0.0183,-0.6882,0.0000,-0.0007,2.3696,-2.1185,-0.3936
2023,149,Max Murin,Iowa,7,4,3.4469,8.0000,0.5531,-0.0847,-0.0489,0.0000,0.0000,0.4800,0.0000,0.0112,0.1955,0.0000,-0.2555,-0.0847,0.1896,0.4800,0.2238,1.4671,-1.2716,0.5531
2023,149,Michael Blockhus,Minnesota,7,4,4.3731,10.0000,-0.3731,-0.0150,-0.0862,0.0000,0.0000,-0.6030,0.0000,-0.0073,0.3384,0.0000,-0.4775,-0.0150,0.2376,-0.6030,0.4848,1.8190,-1.4806,-0.3731
2023,149,Mitch Moore,Oklahoma,3,1,1.6322,18.0000,-0.6322,0.0612,0.0783,0.0000,0.0000,-0.4860,0.0000,-0.0492,-0.2365,0.0000,-0.7549,0.0612,-0.2328,-0.4860,0.7802,0.5209,-0.7574,-0.6322
2023,149,Nate Higley,George Mason,2,0,0.5773,26.0000,-0.5773,-0.0214,-0.0898,0.0000,0.0000,0.0000,0.0161,-0.0005,-0.4818,0.0000,-0.1340,-0.0214,-0.7018,0.0000,0.2799,0.4570,-0.9388,-0.5773
2023,149,Paniro Johnson,Iowa State,3,1,2.3369,5.0000,-1.3369,0.0059,-0.8123,0.0000,0.0000,0.3228,0.0000,-0.0113,-0.8421,0.0000,-0.3885,0.0059,-1.3645,0.3228,0.0873,0.5451,-1.3872,-1.3369
2023,149,Quinn Kinner,Rider,2,0,1.2665,17.0000,-1.2665,0.0842,-0.3223,0.0000,0.0000,-0.4929,0.0000,0.0034,-0.5388,0.0000,-0.2615,0.0842,-1.1897,-0.4929,0.5934,0.6017,-1.1406,-1.2665
2023,149,Ryan Burgos,Edinboro,2,0,0.7173,24.0000,-0.7173,-0.0218,-0.0779,0.0000,0.0000,0.0000,0.0000,-0.0014,-0.2251,-0.3910,-0.3589,-0.0218,-0.0642,0.0000,-0.2724,0.5198,-0.7449,-0.7173
2023,149,Sammy Sasso,Ohio State,5,4,3.5537,2.0000,0.4463,0.0027,0.2384,0.0000,0.0000,0.0000,-0.0336,0.0043,0.2345,0.0000,-0.1386,0.0027,0.2401,0.0000,0.3421,0.8372,-0.6027,0.4463
2023,149,Shayne Van Ness,Penn State,6,5,2.1454,12.0000,2.8546,-0.0602,1.2709,0.0000,0.0000,0.0000,0.0000,0.0194,0.6757,0.9489,-0.0920,-0.0602,1.4099,0.0000,1.5969,3.4189,-2.7432,2.8546
2023,149,Victor Voinovich,Oklahoma State,4,2,1.3579,23.0000,0.6421,0.0374,0.2511,0.0000,0.0000,0.6031,0.0000,-0.0201,-0.2294,0.0000,-0.6037,0.0374,0.1316,0.6031,0.4737,1.1645,-1.3938,0.6421
2023,149,Yahya Thomas,Northwestern,4,2,2.0554,7.0000,-0.0554,-0.0008,-0.4256,0.0000,0.0000,0.4687,-0.0161,0.0000,-0.0815,0.0000,-0.5090,-0.0008,-0.1563,0.4687,0.1421,0.4888,-0.5704,-0.0554
2023,149,Yianni Diakomihalis,Cornell,5,5,4.4202,1.0000,0.5798,0.0261,-0.1004,0.0000,0.0000,0.0000,0.0000,-0.0082,0.6489,0.0135,0.1323,0.0261,0.1686,0.0000,0.2528,1.5565,-0.9076,0.5798
2023,157,Andrew Clark,Rutgers,2,0,0.9439,21.0000,-0.9439,-0.0393,-0.2377,0.0000,0.0000,-0.5445,0.0000,0.0063,-0.1287,0.0000,-0.1616,-0.0393,-0.5040,-0.5445,0.3055,0.4258,-0.5545,-0.9439
2023,157,Anthony Artalona,Pennsylvania,2,0,1.3118,16.0000,-1.3118,-0.0426,-0.4335,0.0000,0.0000,-0.6030,0.0000,-0.0204,-0.2122,0.0000,0.0102,-0.0426,-0.8923,-0.6030,0.2160,0.3531,-0.5653,-1.3118
2023,157,Ashton Eyler,Lock Haven,2,0,0.2879,31.0000,-0.2879,-0.0067,-0.0215,0.0000,0.0000,0.0000,0.0000,-0.0009,-0.2587,0.0000,-0.0843,-0.0067,-0.2592,0.0000,0.0624,0.0957,-0.3544,-0.2879
2023,157,Austin O`Connor,North Carolina,5,5,4.3375,1.0000,0.6625,-0.0171,0.3895,0.0000,0.0000,0.0000,0.0000,0.0133,0.2768,0.0000,0.0380,-0.0171,0.0893,0.0000,0.5522,0.6514,-0.3746,0.6625
2023,157,Bryce Andonian,Virginia Tech,6,4,3.4206,7.0000,0.5794,0.0525,0.3639,0.0000,0.0000,0.0000,0.0000,-0.0004,0.8322,-0.6687,-0.4749,0.0525,0.3671,0.0000,0.6348,3.5547,-2.7224,0.5794
2023,157,Cael Swensen,South Dakota State,5,3,2.4108,20.0000,0.5892,0.0100,0.0315,0.0000,0.0000,0.0000,0.0000,-0.0036,0.5513,0.0000,0.0767,0.0100,0.1299,0.0000,0.3725,1.7881,-1.2368,0.5892
2023,157,Cesar Alvan,Columbia,2,0,0.3077,27.0000,-0.3077,-0.0047,0.0316,0.0000,0.0000,0.0000,0.0000,-0.0005,-0.2681,-0.0660,-0.1117,-0.0047,-0.1861,0.0000,-0.0052,0.0000,-0.2681,-0.3077
2023,157,Chase Saldate,Michigan State,5,3,2.9901,11.0000,0.0099,-0.0165,0.2029,-0.5789,0.0000,0.0000,0.0000,0.0134,0.3583,0.0307,-0.2122,-0.0165,-0.2275,0.0000,0.4661,3.1541,-2.7959,0.0099
2023,157,Cobe Siebrecht,Iowa,3,1,1.8785,14.0000,-0.8785,0.0278,-0.0234,0.0000,0.0000,0.0000,0.0000,0.0018,-0.7694,-0.1152,-0.1173,0.0278,-0.8909,0.0000,0.1019,1.5093,-2.2787,-0.8785
2023,157,Corbyn Munson,Central Michigan,2,0,0.3924,29.0000,-0.3924,-0.0085,-0.0435,0.0000,0.0000,0.0000,0.0000,-0.0039,-0.3365,0.0000,-0.1095,-0.0085,-0.2703,0.0000,-0.0041,0.0022,-0.3388,-0.3924
2023,157,Daniel Cardenas,Stanford,4,2,2.6456,6.0000,-0.6456,0.0226,-0.0509,0.0000,0.0000,-0.5240,-0.1017,0.0119,-0.0036,0.0000,-0.3138,0.0226,-0.1059,-0.5240,0.2755,0.9954,-0.9990,-0.6456
2023,157,Derek Gilcher,Indiana,3,1,1.6545,18.0000,-0.6545,-0.0174,-0.3320,0.0000,0.0000,0.0000,0.0000,-0.0015,-0.3035,0.0000,-0.2626,-0.0174,-0.7309,0.0000,0.3564,0.6576,-0.9612,-0.6545
2023,157,Derek Holschlag,Northern Iowa,3,1,1.0435,22.0000,-0.0435,-0.0813,-0.2525,0.5789,0.0000,0.0000,0.0000,-0.0131,-0.2756,0.0000,0.0658,-0.0813,-0.3918,0.0000,0.3636,1.3358,-1.6113,-0.0435
2023,157,Ed Scott,NC State,7,5,4.1689,8.0000,0.8311,-0.0037,-0.3608,0.0000,0.0000,0.5240,0.1017,-0.0058,0.1194,0.4563,-0.3480,-0.0037,-0.2953,0.5240,0.9542,2.4662,-2.3468,0.8311
2023,157,Garrett Model,Wisconsin,3,1,1.0201,19.0000,-0.0201,-0.0419,0.0957,0.0000,0.0000,0.0000,0.0000,0.0006,-0.0745,-0.0000,-0.2079,-0.0419,-0.1825,0.0000,0.4122,1.1819,-1.2563,-0.0201
2023,157,Jacob Wright,Wyoming,3,1,1.4782,15.0000,-0.4782,-0.0107,0.0225,0.0000,0.0000,0.0000,0.0000,-0.0119,-0.4781,0.0000,-0.2107,-0.0107,-0.3202,0.0000,0.0634,0.7476,-1.2257,-0.4782
2023,157,Jared Franek,North Dakota State,7,5,4.9001,4.0000,0.0999,0.0361,-0.3288,0.0000,0.0000,0.5213,0.0000,0.0026,-0.1313,0.0000,-0.3642,0.0361,0.3498,0.5213,-0.4431,0.8164,-0.9477,0.0999
2023,157,Jared Hill,Oklahoma,2,0,0.2551,30.0000,-0.2551,0.0325,0.0753,0.0000,0.0000,0.0000,0.0000,-0.0038,-0.3590,-0.0000,-0.2837,0.0325,0.2905,0.0000,-0.2943,0.2619,-0.6209,-0.2551
2023,157,Jarrett Jacques,Missouri,4,2,1.3247,17.0000,0.6753,0.0686,0.1650,0.0000,0.0000,0.0000,0.0000,0.0160,0.4257,0.0000,-0.2986,0.0686,0.8995,0.0000,0.0058,0.9515,-0.5257,0.6753
2023,157,Jason Kraisser,Iowa State,4,2,1.4886,25.0000,0.5114,-0.0015,0.1648,0.0000,0.0000,0.0000,0.0000,-0.0034,0.0057,0.3459,-0.3370,-0.0015,-0.0233,0.0000,0.8733,0.7705,-0.7648,0.5114
2023,157,Josh Humphreys,Lehigh,6,5,3.3190,5.0000,1.6810,0.1129,0.4039,0.0000,0.0000,0.0000,0.0000,0.0013,1.1629,0.0000,0.3390,0.1129,0.8670,0.0000,0.3620,1.6262,-0.4632,1.6810
2023,157,Kaden Gfeller,Oklahoma State,3,1,1.9669,10.0000,-0.9669,0.0210,-0.5855,0.0000,0.0000,0.4061,0.0000,-0.0066,-0.4561,-0.3459,-0.6294,0.0210,-0.7164,0.4061,-0.0482,0.4786,-0.9347,-0.9669
2023,157,Kendall Coleman,Purdue,3,1,1.4432,12.0000,-0.4432,-0.0551,-0.0981,0.0000,0.0000,0.0000,0.0000,-0.0018,-0.2883,0.0000,-0.2596,-0.0551,0.1745,0.0000,-0.3030,1.0501,-1.3384,-0.4432
2023,157,Levi Haines,Penn State,5,4,3.5537,2.0000,0.4463,0.0075,-0.4692,0.0000,0.0000,0.0000,0.0000,-0.0057,0.5962,0.3174,-0.5974,0.0075,0.9174,0.0000,0.1188,1.7195,-1.1233,0.4463
2023,157,Paddy Gallagher,Ohio State,4,2,1.1758,28.0000,0.8242,0.0126,0.3826,0.0000,0.0000,0.5445,0.0000,-0.0084,-0.1071,0.0000,-0.3881,0.0126,0.7048,0.5445,-0.0496,1.5254,-1.6325,0.8242
2023,157,Peter Pappas,George Mason,3,1,0.9805,23.0000,0.0195,-0.0773,0.6000,0.0000,0.0000,-0.4061,0.0000,0.0029,-0.0303,-0.0697,-0.1877,-0.0773,0.5896,-0.4061,0.1010,0.7538,-0.7841,0.0195
2023,157,Peyten Kellar,Ohio,2,0,0.5773,26.0000,-0.5773,0.0358,0.2013,0.0000,0.0000,0.0000,0.0000,0.0022,-0.8166,0.0000,0.1291,0.0358,-0.6339,0.0000,-0.1083,0.4179,-1.2344,-0.5773
2023,157,Peyton Robb,Nebraska,5,3,3.4777,3.0000,-0.4777,0.0351,-0.1181,0.0000,0.0000,-0.5213,0.0000,-0.0007,0.1273,0.0000,-0.2258,0.0351,-0.1345,-0.5213,0.3688,1.0730,-0.9456,-0.4777
2023,157,Tommy Askey,Appalachian State,2,0,0.7173,24.0000,-0.7173,-0.0162,-0.2711,0.0000,0.0000,0.0000,0.0000,0.0020,-0.4320,0.0000,-0.1458,-0.0162,-0.5415,0.0000,-0.0138,0.1578,-0.5898,-0.7173
2023,157,Trevor Chumbley,Northwestern,4,2,1.8425,13.0000,0.1575,0.0158,-0.3460,0.0000,0.0000,0.0000,0.0000,0.0071,0.3653,0.1152,0.1419,0.0158,-0.1189,0.0000,0.1187,2.1560,-1.7907,0.1575
2023,157,Vinny Zerban,Northern Colorado,5,3,0.8344,32.0000,2.1656,-0.0299,0.8627,0.0000,0.0000,0.6030,0.0000,0.0169,0.7128,0.0000,0.1613,-0.0299,1.1988,0.6030,0.2324,1.1960,-0.4832,2.1656
2023,157,Will Lewan,Michigan,6,3,2.8512,9.0000,0.1488,-0.0203,-0.0206,0.0000,0.0000,0.0000,0.0000,-0.0057,0.1954,0.0000,-0.8830,-0.0203,0.8475,0.0000,0.2047,1.2549,-1.0595,0.1488
2023,165,Alex Facundo,Penn State,2,0,0.8703,13.0000,-0.8703,-0.0148,-0.3966,0.0000,0.0000,0.0000,0.0000,-0.0001,-0.4588,0.0000,-0.0903,-0.0148,-0.9198,0.0000,0.1546,0.2779,-0.7368,-0.8703
2023,165,Andrew Sparks,Minnesota,3,1,0.5538,28.0000,0.4462,-0.0527,0.3771,0.0000,0.0000,0.0000,0.0000,-0.0013,0.1231,0.0000,-0.0823,-0.0527,0.1269,0.0000,0.4543,0.6025,-0.4795,0.4462
2023,165,Austin Yant,Northern Iowa,5,3,2.0710,17.0000,0.9290,0.0043,0.2595,0.0000,0.0000,0.0000,0.0000,-0.0048,0.6699,0.0000,-0.0465,0.0043,0.3707,0.0000,0.6005,1.1840,-0.5141,0.9290
2023,165,Brevin Cassella,Binghamton,2,0,0.5773,26.0000,-0.5773,0.0615,0.0537,0.0000,0.0000,0.0000,0.0009,-0.0016,-0.6918,0.0000,-0.1880,0.0615,-0.4055,0.0000,-0.0454,0.0481,-0.7399,-0.5773
2023,165,Bubba Wilson,Nebraska,4,2,1.1509,25.0000,0.8491,-0.0131,0.3198,0.0000,0.0000,0.6250,0.0000,0.0052,-0.0877,0.0000,-0.2103,-0.0131,0.4801,0.6250,-0.0327,0.6936,-0.7813,0.8491
2023,165,Caleb Fish,Michigan State,4,2,0.5849,29.0000,1.4151,-0.0552,1.2790,0.0000,0.0000,0.0000,0.0000,0.0026,0.1887,0.0000,0.2315,-0.0552,0.3056,0.0000,0.9332,1.0297,-0.8410,1.4151
2023,165,Cameron Amine,Michigan,6,4,2.1708,11.0000,1.8292,-0.0413,0.5662,0.0000,0.0000,0.5187,0.0000,0.0065,0.7784,0.0008,-0.0966,-0.0413,1.3066,0.5187,0.1420,1.7467,-0.9683,1.8292
2023,165,Carson Kharchla,Ohio State,4,2,1.8939,10.0000,0.1061,0.0098,-0.5076,0.0000,0.0000,0.0000,0.0000,-0.0416,0.6455,0.0000,-0.2926,0.0098,0.1914,0.0000,0.1975,1.5349,-0.8893,0.1061
2023,165,Connor Brady,Virginia Tech,3,1,1.3312,23.0000,-0.3312,-0.0505,0.2414,0.0000,0.0000,0.0000,0.0000,-0.0033,-0.5187,0.0000,0.1509,-0.0505,-0.1656,0.0000,-0.2659,0.6463,-1.1650,-0.3312
2023,165,Dan Braunagel,Illinois,3,1,0.6377,19.0000,0.3623,0.0287,0.1124,0.0000,0.0000,0.0000,0.0061,-0.0067,0.2417,-0.0200,-0.0074,0.0287,0.5044,0.0000,-0.1635,1.4698,-1.2281,0.3623
2023,165,David Carr,Iowa State,5,4,4.3386,1.0000,-0.3386,0.1407,-0.2301,0.0000,0.0000,0.0000,0.0000,0.0198,-0.2691,0.0000,-0.0371,0.1407,-0.6137,0.0000,0.1715,0.7937,-1.0628,-0.3386
2023,165,Dean Hamiti,Wisconsin,7,4,5.6869,3.0000,-1.6869,0.0614,-1.1415,0.0000,0.0000,0.0000,0.0000,0.0004,-0.6516,0.0443,-0.4653,0.0614,-1.2551,0.0000,-0.0279,1.6523,-2.3038,-1.6869
2023,165,Evan Barczak,Drexel,2,0,0.2551,30.0000,-0.2551,-0.0263,0.0381,0.0000,0.0000,0.0000,0.0000,0.0023,-0.2448,-0.0243,-0.0515,-0.0263,-0.0274,0.0000,-0.1499,0.2302,-0.4750,-0.2551
2023,165,Gerrit Nijenhuis,Oklahoma,2,0,0.9439,21.0000,-0.9439,0.0577,-0.4180,0.0000,0.0000,0.0000,0.0000,-0.0006,-0.5830,0.0000,-0.4559,0.0577,-0.7419,0.0000,0.1961,0.4472,-1.0302,-0.9439
2023,165,Holden Heller,Pittsburgh,4,2,1.7159,20.0000,0.2841,0.0440,-0.1847,0.0000,0.0000,0.5420,0.0213,0.0020,-0.1228,-0.0175,-0.8276,0.0440,1.1121,0.5420,-0.5863,2.2134,-2.3362,0.2841
2023,165,Izzak Olejnik,Northern Illinois,7,4,3.3416,12.0000,0.6584,-0.0500,0.6262,0.0000,0.0000,0.0000,-0.0213,0.0395,0.0464,0.0175,-0.3572,-0.0500,0.4837,0.0000,0.5818,1.5197,-1.4733,0.6584
2023,165,Josh Kim,Harvard,2,0,0.2097,33.0000,-0.2097,0.0033,0.2630,0.0000,0.0000,-0.3905,0.0000,0.0006,-0.0860,0.0000,0.0582,0.0033,0.1853,-0.3905,-0.0660,0.0888,-0.1748,-0.2097
2023,165,Joshua Ogunsanya,Columbia,3,1,1.8027,16.0000,-0.8027,-0.0471,-0.7158,0.0000,0.0000,0.3905,0.0000,-0.0108,-0.4196,0.0000,-0.5009,-0.0471,-0.5510,0.3905,-0.0942,0.2601,-0.6796,-0.8027
2023,165,Julian Ramirez,Cornell,5,3,3.8722,4.0000,-0.8722,0.0315,-0.5800,0.0000,0.0000,0.0000,-0.0061,-0.0016,-0.3160,0.0000,-0.5764,0.0315,-0.8108,0.0000,0.4835,1.6398,-1.9558,-0.8722
2023,165,Justin McCoy,Virginia,4,2,1.4828,15.0000,0.5172,-0.0301,0.4740,0.0000,0.0000,0.0000,-0.0382,0.0133,0.0982,0.0000,-0.1073,-0.0301,0.1928,0.0000,0.4618,1.1461,-1.0479,0.5172
2023,165,Keegan O`Toole,Missouri,5,5,3.8711,2.0000,1.1289,-0.0169,0.2863,0.0000,0.0000,0.0000,0.0000,0.0012,0.8583,0.0000,-0.1105,-0.0169,0.9622,0.0000,0.2941,1.0596,-0.2014,1.1289
2023,165,Matthew Olguin,Oregon State,3,1,2.1210,8.0000,-1.1210,-0.0048,-0.3494,0.0000,0.0000,-0.6250,0.0000,0.0011,-0.1428,0.0000,-0.0683,-0.0048,-0.5902,-0.6250,0.1675,1.0465,-1.1893,-1.1210
2023,165,Maxx Mayfield,Northwestern,2,0,1.1762,18.0000,-1.1762,0.0137,-0.4154,0.0000,0.0000,0.0000,0.0000,-0.0024,-0.7723,0.0000,-0.4384,0.0137,-0.6474,0.0000,-0.1041,0.1709,-0.9431,-1.1762
2023,165,Michael Caliendo III,North Dakota State,7,5,4.8178,7.0000,0.1822,0.0690,-0.5221,0.0000,0.0000,0.0000,0.0373,-0.0253,0.6234,0.0000,-0.3954,0.0690,-0.0537,0.0000,0.5623,3.3193,-2.6959,0.1822
2023,165,Patrick Kennedy,Iowa,4,2,2.8488,6.0000,-0.8488,0.0589,-0.7448,0.0000,0.0000,0.0000,0.0000,0.0022,-0.1651,0.0000,-0.3876,0.0589,-0.8482,0.0000,0.3281,0.8668,-1.0319,-0.8488
2023,165,Peyton Hall,West Virginia,3,1,2.0332,14.0000,-1.0332,-0.0257,0.0023,0.0000,0.0000,-0.5420,0.0000,-0.0044,-0.4633,0.0000,0.1327,-0.0257,-0.6599,-0.5420,0.0617,2.4186,-2.8820,-1.0332
2023,165,Quincy Monday,Princeton,6,5,3.8080,5.0000,1.1920,-0.0987,0.6285,0.0000,0.0000,0.0000,0.0000,-0.0106,0.6729,0.0000,0.0193,-0.0987,0.8493,0.0000,0.4221,2.2269,-1.5540,1.1920
2023,165,Rodrick Mosley,Gardner-Webb,2,0,0.3746,24.0000,-0.3746,-0.0948,-0.0820,0.0000,0.0000,0.0000,0.0000,-0.0026,-0.1952,0.0000,-0.0407,-0.0948,-0.1939,0.0000,-0.0452,0.0119,-0.2072,-0.3746
2023,165,Shane Griffith,Stanford,7,5,3.2610,9.0000,1.7390,0.0136,0.5060,0.0000,0.0000,-0.5187,0.0000,0.0218,1.7163,0.0000,0.0814,0.0136,2.0380,-0.5187,0.1247,2.2909,-0.5746,1.7390
2023,165,Tanner Cook,South Dakota State,3,1,1.1563,22.0000,-0.1563,0.0072,-0.0923,0.0000,0.0000,0.0000,0.0000,-0.0008,-0.2540,0.1835,-0.0598,0.0072,-0.2455,0.0000,0.1418,0.2298,-0.4838,-0.1563
2023,165,Will Formato,Appalachian State,2,0,0.5121,27.0000,-0.5121,-0.0077,0.0585,0.0000,0.0000,0.0000,0.0000,0.0000,-0.3785,-0.1844,-0.2087,-0.0077,-0.3520,0.0000,0.0564,0.0593,-0.4378,-0.5121
2023,165,Wyatt Sheets,Oklahoma State,3,1,0.5286,31.0000,0.4714,0.0246,0.2882,0.0000,0.0000,0.0000,0.0000,0.0000,0.1586,0.0000,0.0720,0.0246,-0.0275,0.0000,0.4023,0.9731,-0.8146,0.4714
2023,174,Aaron Olmos,Oregon State,4,2,2.2816,12.0000,-0.2816,0.0394,0.0408,0.0000,0.0000,-0.5081,0.0000,-0.0004,0.1467,0.0000,-0.1142,0.0394,0.1220,-0.5081,0.1793,1.3230,-1.1763,-0.2816
2023,174,Alex Cramer,Central Michigan,3,1,1.5006,20.0000,-0.5006,-0.0145,0.0417,0.0000,0.0000,0.0000,0.0000,0.0227,-0.4232,-0.1273,-0.2729,-0.0145,-0.4373,0.0000,0.2240,0.9116,-1.3349,-0.5006
2023,174,Alex Faison,NC State,2,0,0.8669,22.0000,-0.8669,-0.0329,0.4304,0.0000,0.0000,0.0000,0.0000,-0.0043,-1.2601,0.0000,0.0125,-0.0329,-0.7978,0.0000,-0.0487,0.5388,-1.7989,-0.8669
2023,174,Bailee O`Reilly,Minnesota,4,2,1.9047,8.0000,0.0953,0.0593,0.0471,0.0000,0.0000,0.0000,0.0000,-0.0005,-0.0107,0.0000,0.1273,0.0593,-0.1290,0.0000,0.0377,1.2844,-1.2951,0.0953
2023,174,Benjamin Pasiuk,Army West Point,3,1,1.8785,14.0000,-0.8785,-0.0308,-0.5248,0.0000,0.0000,-0.5354,0.0000,-0.0345,0.2470,0.0000,-0.5019,-0.0308,-0.2947,-0.5354,0.4843,1.7087,-1.4617,-0.8785
2023,174,Cade DeVos,South Dakota State,5,3,2.1963,13.0000,0.8037,0.0514,0.0326,0.0000,0.0000,0.5081,0.0000,0.0222,0.0620,0.1273,-0.3430,0.0514,0.2013,0.5081,0.3858,0.7161,-0.6541,0.8037
2023,174,Cael Valencia,Arizona State,2,0,0.3924,29.0000,-0.3924,0.0197,-0.0863,0.0000,0.0000,0.0000,0.0000,-0.0227,-0.2965,-0.0067,-0.1171,0.0197,-0.2455,0.0000,-0.0495,0.5489,-0.8454,-0.3924
2023,174,Carter Starocci,Penn State,5,5,4.2932,1.0000,0.7068,0.0158,0.0592,0.0000,0.0000,0.0000,0.0000,0.0006,0.5468,0.0843,-0.0121,0.0158,0.4616,0.0000,0.2414,0.5831,-0.0363,0.7068
2023,174,Chris Foca,Cornell,6,5,3.6512,4.0000,1.3488,-0.0229,-0.1670,0.0000,0.0000,0.5213,0.0000,0.0012,0.8053,0.2108,0.4422,-0.0229,0.1579,0.5213,0.2502,1.3461,-0.5408,1.3488
2023,174,Demetrius Romero,Utah Valley,5,3,2.3949,15.0000,0.6051,0.0154,0.6308,0.0000,0.0000,-0.4018,0.0000,-0.0058,-0.4366,0.8033,0.0415,0.0154,0.5994,-0.4018,0.3507,1.3080,-1.7447,0.6051
2023,174,Donnell Washington,Indiana,4,2,1.3519,17.0000,0.6481,0.0119,0.1674,0.0000,0.0000,0.0000,0.0000,0.0612,0.4076,0.0001,-0.2411,0.0119,0.3380,0.0000,0.5394,1.1328,-0.7252,0.6481
2023,174,Dustin Plott,Oklahoma State,7,4,4.4881,5.0000,-0.4881,0.0225,-0.3570,0.0000,0.0000,-0.1652,0.0000,-0.0024,0.2181,-0.2041,-0.6244,0.0225,0.1330,-0.1652,0.1460,2.7449,-2.5268,-0.4881
2023,174,Edmond Ruth,Illinois,5,3,3.0535,9.0000,-0.0535,-0.0016,0.0097,0.0000,0.0000,0.0000,0.0000,-0.0639,0.0023,0.0000,-0.2283,-0.0016,-0.4442,0.0000,0.6205,0.9727,-0.9704,-0.0535
2023,174,Ethan Smith,Ohio State,7,5,4.7583,6.0000,0.2417,-0.0415,-0.5089,0.0000,0.0000,0.0000,0.0000,0.3181,0.4741,0.0000,-0.0880,-0.0415,0.0181,0.0000,0.3532,2.8402,-2.3661,0.2417
2023,174,Jackson Turley,Rutgers,2,0,0.2551,30.0000,-0.2551,-0.0083,-0.1151,0.0000,0.0000,0.0000,0.0000,-0.0020,-0.1297,0.0000,-0.1183,-0.0083,-0.1994,0.0000,0.0709,0.1625,-0.2922,-0.2551
2023,174,John Worthing,Clarion,3,1,0.3923,33.0000,0.6077,0.0137,0.4082,0.0000,0.0000,0.0000,0.0000,0.0000,0.9944,-0.8086,-0.3966,0.0137,0.8375,0.0000,0.1531,1.0690,-0.0746,0.6077
2023,174,Lennox Wolak,Columbia,3,1,1.1126,21.0000,-0.1126,-0.0656,0.1330,0.0000,0.0000,0.0000,0.0000,-0.0040,-0.1760,0.0000,-0.0768,-0.0656,0.0917,0.0000,-0.0619,0.3537,-0.5297,-0.1126
2023,174,Luca Augustine,Pittsburgh,2,0,0.4504,28.0000,-0.4504,0.0119,-0.0739,0.0000,0.0000,0.0000,0.0000,0.0041,-0.3925,0.0000,0.0133,0.0119,-0.5397,0.0000,0.0641,0.1551,-0.5476,-0.4504
2023,174,Mekhi Lewis,Virginia Tech,6,4,4.2280,3.0000,-0.2280,0.0382,0.5011,0.0000,0.0000,-0.9916,0.0000,0.0194,0.2049,0.0000,0.3213,0.0382,0.2131,-0.9916,0.1910,0.8633,-0.6584,-0.2280
2023,174,Mickey O`Malley,Drexel,3,1,0.9196,23.0000,0.0804,-0.0301,0.6157,0.0000,0.0000,-0.5064,0.0000,0.0035,-0.0023,0.0000,0.2918,-0.0301,0.0435,-0.5064,0.2815,1.0400,-1.0423,0.0804
2023,174,Mikey Labriola,Nebraska,5,4,3.5537,2.0000,0.4463,0.0139,-0.3754,0.0000,0.0000,0.4702,-0.0051,-0.0006,0.4222,-0.0790,0.0026,0.0139,0.1449,0.4702,-0.1854,0.9583,-0.5360,0.4463
2023,174,Nelson Brands,Iowa,7,5,2.6489,11.0000,2.3511,0.0383,0.2510,0.0000,0.0000,0.5671,0.0000,0.0193,1.4755,0.0000,-0.1096,0.0383,2.0882,0.5671,-0.2329,3.0060,-1.5306,2.3511
2023,174,Nick Incontrera,Pennsylvania,2,0,0.6459,25.0000,-0.6459,-0.0378,-0.2298,0.0000,0.0000,0.0000,0.0000,0.0004,-0.3786,0.0000,-0.4657,-0.0378,-0.0225,0.0000,-0.1198,0.7448,-1.1234,-0.6459
2023,174,Peyton Mocco,Missouri,6,3,3.6833,7.0000,-0.6833,-0.0528,-0.5933,0.0000,0.0000,0.3585,0.0000,-0.0002,-0.3955,0.0000,-0.4301,-0.0528,-0.9352,0.3585,0.3763,1.1231,-1.5187,-0.6833
2023,174,Philip Conigliaro,Harvard,4,2,1.5151,24.0000,0.4849,0.0033,0.1185,0.0000,0.0000,0.5064,0.0000,0.0039,-0.1472,0.0000,-0.1333,0.0033,-0.3484,0.5064,0.4570,1.1916,-1.3387,0.4849
2023,174,Rocky Jordan,Chattanooga,3,1,2.0471,10.0000,-1.0471,-0.0105,-0.8086,0.0000,0.0000,0.0000,0.0000,-0.0055,-0.2224,0.0000,-0.7692,-0.0105,-0.0263,0.0000,-0.2410,0.5669,-0.7893,-1.0471
2023,174,Sal Perrine,Ohio,2,0,0.3285,26.0000,-0.3285,-0.0231,0.1776,0.0000,0.0000,-0.3585,0.0000,-0.0006,-0.1237,0.0000,-0.0808,-0.0231,0.0719,-0.3585,0.0621,0.0936,-0.2173,-0.3285
2023,174,Sam Wolf,Air Force,2,0,1.3256,16.0000,-1.3256,-0.0198,-0.3912,0.0000,0.0000,0.0000,0.0000,-0.0000,-0.9145,-0.0001,-0.4801,-0.0198,-0.8600,0.0000,0.0343,0.1237,-1.0382,-1.3256
2023,174,Tate Picklo,Oklahoma,3,1,1.6545,18.0000,-0.6545,-0.0098,-0.1069,0.0000,0.0000,0.0000,-0.0449,0.0003,-0.4931,0.0000,-0.0689,-0.0098,-0.6399,0.0000,0.0641,0.4070,-0.9002,-0.6545
2023,174,Troy Fisher,Northwestern,4,2,1.2134,19.0000,0.7866,0.0567,0.4042,0.0000,0.0000,0.5354,0.0000,0.0016,-0.2112,0.0000,-0.4564,0.0567,0.3476,0.5354,0.3034,1.8593,-2.0706,0.7866
2023,174,Tyler Eischens,Stanford,3,1,0.7262,27.0000,0.2738,0.0009,0.3480,0.0000,0.0000,0.0000,0.0000,-0.3300,0.2548,0.0000,0.0357,0.0009,0.1247,0.0000,0.1124,1.1865,-0.9316,0.2738
2023,174,Tyler Stoltzfus,Lock Haven,2,0,0.2879,31.0000,-0.2879,-0.0104,-0.0788,0.0000,0.0000,0.0000,0.0499,-0.0010,-0.2476,0.0000,-0.0562,-0.0104,-0.0746,0.0000,-0.1466,0.0518,-0.2994,-0.2879
2023,184,Aaron Brooks,Penn State,5,5,3.1106,3.0000,1.8894,0.0244,0.5963,0.0000,0.0000,0.0000,0.0000,0.0068,1.2456,0.0163,-0.3335,0.0244,1.7061,0.0000,0.4924,1.6731,-0.4275,1.8894
2023,184,Abe Assad,Iowa,3,1,1.4432,12.0000,-0.4432,-0.0610,-0.0479,0.0000,0.0000,-0.4246,0.0000,0.0145,0.0758,0.0000,-0.4134,-0.0610,-0.0431,-0.4246,0.4990,0.8326,-0.7568,-0.4432
2023,184,Anthony Carman,West Virginia,2,0,0.2097,33.0000,-0.2097,0.0045,-0.0358,0.0000,0.0000,0.0000,0.0000,-0.0025,-0.1760,0.0000,-0.0728,0.0045,-0.2038,0.0000,0.0624,0.0638,-0.2398,-0.2097
2023,184,Brian Bonino,Drexel,5,3,1.3390,25.0000,1.6610,-0.0557,0.0083,0.0000,0.0000,1.0459,0.0000,-0.0106,0.6731,0.0000,0.0877,-0.0557,0.7195,1.0459,-0.1364,1.2270,-0.5538,1.6610
2023,184,Brian Soldano,Rutgers,4,2,1.2346,18.0000,0.7654,-0.0528,0.0510,0.0000,0.0000,0.0000,0.0000,-0.0014,-0.7928,1.5614,0.2313,-0.0528,-0.6974,0.0000,1.2843,0.6304,-1.4232,0.7654
2023,184,Cade King,South Dakota State,2,0,0.3746,24.0000,-0.3746,-0.0383,0.0163,0.0000,0.0000,0.0000,0.0000,-0.0055,-0.3471,0.0000,-0.0686,-0.0383,-0.1519,0.0000,-0.1158,0.0146,-0.3617,-0.3746
2023,184,Caleb Hopkins,Campbell,2,0,0.3077,27.0000,-0.3077,0.0244,0.1968,0.0000,0.0000,-0.3904,0.0000,0.0143,-0.1528,0.0000,0.4143,0.0244,-0.0664,-0.3904,-0.2895,0.5958,-0.7487,-0.3077
2023,184,Colton Hawks,Missouri,4,2,1.2373,22.0000,0.7627,0.0313,0.4703,0.0000,0.0000,0.0000,0.0000,0.0012,0.2598,0.0000,-0.2121,0.0313,0.4186,0.0000,0.5249,1.0596,-0.7997,0.7627
2023,184,David Key,Navy,3,1,1.0573,26.0000,-0.0573,0.0289,0.3997,0.0000,0.0000,-0.4937,0.0000,-0.0030,0.0107,0.0000,0.0985,0.0289,0.1115,-0.4937,0.1974,0.8315,-0.8208,-0.0573
2023,184,Deanthony Parker,North Dakota State,2,0,0.2712,29.0000,-0.2712,0.0065,0.0292,0.0000,0.0000,0.0000,0.0000,0.0020,-0.3088,0.0000,-0.2084,0.0065,-0.2559,0.0000,0.1866,-0.0020,-0.3068,-0.2712
2023,184,Dylan Connell,Illinois,2,0,0.7911,23.0000,-0.7911,-0.0310,-0.2750,0.0000,0.0000,0.0000,0.0000,-0.0064,-0.4788,0.0000,-0.3636,-0.0310,-0.2122,0.0000,-0.1844,0.2947,-0.7735,-0.7911
2023,184,Gavin Kane,North Carolina,7,4,4.0335,11.0000,-0.0335,0.0171,-0.0372,0.0000,0.0000,0.3904,0.0000,-0.0007,-0.3598,-0.0433,-0.6766,0.0171,-0.6342,0.3904,0.8698,2.0816,-2.4414,-0.0335
2023,184,Giuseppe Hoose,Buffalo,3,1,1.4643,21.0000,-0.4643,-0.0193,-0.0582,0.0000,0.0000,0.0000,0.0000,-0.0066,-0.3802,0.0000,0.0352,-0.0193,-0.6999,0.0000,0.2198,0.7746,-1.1548,-0.4643
2023,184,Hunter Bolen,Virginia Tech,4,2,2.3164,7.0000,-0.3164,0.0260,-0.7321,0.0000,0.0000,0.0000,0.0000,-0.0079,0.3976,0.0000,-0.6901,0.0260,0.2813,0.0000,0.0664,0.9146,-0.5171,-0.3164
2023,184,Isaiah Salazar,Minnesota,4,2,2.3514,9.0000,-0.3514,0.0519,-0.2949,0.0000,0.0000,0.0000,0.0000,0.0040,-0.1124,0.0000,-0.1746,0.0519,-0.6956,0.0000,0.4669,0.8126,-0.9250,-0.3514
2023,184,Jacob Ferreira,Hofstra,2,0,0.4504,28.0000,-0.4504,0.0155,-0.2412,0.0000,0.0000,0.0000,0.0000,-0.0030,-0.2216,0.0000,-0.2626,0.0155,0.0531,0.0000,-0.2564,0.6001,-0.8216,-0.4504
2023,184,Jacob Nolan,Binghamton,4,2,1.9724,19.0000,0.0276,0.0282,-0.1043,0.0000,0.0000,0.0000,0.0000,-0.0335,0.1372,0.0000,-0.5781,0.0282,0.1429,0.0000,0.4346,0.8049,-0.6676,0.0276
2023,184,Jha`Quan Anderson,Gardner-Webb,1,0,0.2573,32.0000,-0.2573,-0.0034,-0.0465,0.0000,0.0000,0.0000,0.0000,-0.0001,-0.2074,0.0000,-0.1021,-0.0034,-0.1462,0.0000,-0.0056,0.0000,-0.2074,-0.2573
2023,184,Kaleb Romero,Ohio State,6,5,3.8642,6.0000,1.1358,-0.1015,0.4006,0.0000,0.0000,0.5819,0.0000,0.0055,0.2493,0.0000,-0.2091,-0.1015,0.5796,0.5819,0.2849,0.9563,-0.7070,1.1358
2023,184,Layne Malczewski,Michigan State,3,1,1.9027,15.0000,-0.9027,0.0404,-0.1596,0.0000,0.0000,0.0000,0.0000,0.0057,-0.0780,-0.7112,-0.6651,0.0404,-0.3134,0.0000,0.0354,0.5057,-0.5837,-0.9027
2023,184,Lenny Pinto,Nebraska,3,1,1.9729,13.0000,-0.9729,-0.0805,-0.0694,0.0000,0.0000,0.0000,0.0000,-0.0000,-0.7888,-0.0342,-0.2563,-0.0805,-0.1248,0.0000,-0.5112,1.0472,-1.8360,-0.9729
2023,184,Marcus Coleman,Iowa State,6,4,3.7597,5.0000,0.2403,0.1036,-0.4267,0.0000,0.0000,-0.0584,0.0000,-0.0140,0.0311,0.6047,-0.3559,0.1036,-0.0408,-0.0584,0.5918,1.4337,-1.4026,0.2403
2023,184,Matt Finesilver,Michigan,5,3,3.3394,8.0000,-0.3394,0.0411,0.2645,0.0000,0.0000,0.0000,0.0000,0.0121,-0.6570,0.0000,0.0113,0.0411,-0.6110,0.0000,0.2192,0.9874,-1.6444,-0.3394
2023,184,Matthew Waddell,Chattanooga,1,0,0.0479,30.0000,-0.0479,-0.0018,0.0126,0.0000,0.0000,0.0000,0.0000,-0.0007,-0.0579,0.0000,-0.0093,-0.0018,-0.0491,0.0000,0.0123,0.0178,-0.0758,-0.0479
2023,184,Neil Antrassian,Virginia,3,1,0.9552,20.0000,0.0448,0.0902,-0.3034,0.0000,0.0000,0.0000,0.0000,0.0008,0.2572,0.0000,-0.1336,0.0902,0.0150,0.0000,0.0731,1.1671,-0.9099,0.0448
2023,184,Parker Keckeisen,Northern Iowa,5,4,4.3831,1.0000,-0.3831,0.0440,-0.2827,0.0000,0.0000,0.0000,-0.1455,0.0037,-0.0025,0.0000,-0.3457,0.0440,-0.3957,0.0000,0.3144,0.8541,-0.8566,-0.3831
2023,184,Reece Heller,Pittsburgh,3,1,1.8696,16.0000,-0.8696,0.0910,-0.1376,0.0000,0.0000,0.0000,0.0000,0.0015,0.1242,-0.9488,-0.5498,0.0910,0.4194,0.0000,-0.8302,1.4063,-1.2821,-0.8696
2023,184,Tate Samuelson,Lehigh,4,2,1.6392,17.0000,0.3608,-0.0650,0.2708,0.0000,0.0000,-0.5522,0.0000,-0.0028,0.6115,0.0986,0.7299,-0.0650,0.3586,-0.5522,-0.1104,1.3603,-0.7488,0.3608
2023,184,Travis Wittlake,Oklahoma State,3,1,1.6079,10.0000,-0.6079,-0.0204,-0.1705,0.0000,0.0000,0.0000,0.0000,0.0069,-0.4240,0.0000,-0.0382,-0.0204,-0.7282,0.0000,0.1789,0.2332,-0.6572,-0.6079
2023,184,Trent Hidlay,NC State,6,4,4.6905,2.0000,-0.6905,-0.0468,-0.1041,0.0000,0.0000,-0.5819,0.0000,0.0074,0.0350,0.0000,-0.3037,-0.0468,-0.3592,-0.5819,0.6012,0.8564,-0.8214,-0.6905
2023,184,Trey Munoz,Oregon State,4,3,2.5626,4.0000,0.4374,0.0204,-0.3168,0.0000,0.0000,0.4830,0.1455,-0.0036,0.1089,0.0000,-0.1776,0.0204,0.0279,0.4830,0.0838,0.5912,-0.4823,0.4374
2023,184,Will Feldkamp,Clarion,7,5,2.9432,14.0000,2.0568,-0.0864,1.1712,0.0000,0.0000,0.0000,0.0000,0.0218,1.4936,-0.5435,-0.2918,-0.0864,1.5744,0.0000,0.8606,3.2135,-1.7199,2.0568
2023,184,Zayne Lehman,Ohio,2,0,0.2400,31.0000,-0.2400,-0.0253,-0.0438,0.0000,0.0000,0.0000,0.0000,-0.0061,-0.1649,0.0000,-0.1737,-0.0253,0.0210,0.0000,-0.0620,0.0161,-0.1809,-0.2400
2023,197,Andrew Davison,Northwestern,3,1,0.5298,30.0000,0.4702,0.0544,0.5950,0.0000,0.0000,0.0000,0.0000,-0.0051,-0.1741,0.0000,-0.2212,0.0544,0.5787,0.0000,0.0583,0.4008,-0.5748,0.4702
2023,197,Andy Smith,Virginia Tech,2,0,0.9439,21.0000,-0.9439,0.0356,-0.1899,0.0000,0.0000,0.0000,0.0000,-0.0002,-0.6998,-0.0896,-0.1032,0.0356,-1.0178,0.0000,0.1415,0.3402,-1.0400,-0.9439
2023,197,Austin Cooley,West Virginia,2,0,0.2879,31.0000,-0.2879,-0.0097,-0.0353,0.0000,0.0000,0.0000,0.0000,-0.0036,-0.2392,0.0000,-0.0633,-0.0097,-0.2703,0.0000,0.0556,0.0642,-0.3034,-0.2879
2023,197,Bernie Truax,Cal Poly,7,5,5.3984,2.0000,-0.3984,-0.0467,-0.5567,0.0000,0.0000,-0.2091,0.0000,0.0002,0.4139,0.0000,0.1010,-0.0467,-0.3912,-0.2091,0.1477,2.1795,-1.7656,-0.3984
2023,197,Braxton Amos,Wisconsin,1,0,0.4777,17.0000,-0.4777,0.0000,0.0881,0.0000,0.0000,0.0000,0.0804,0.0000,-0.3960,-0.2501,0.0804,0.0000,-0.4924,0.0000,-0.0656,0.0000,-0.3960,-0.4777
2023,197,Cameron Caffey,Michigan State,2,0,1.0992,19.0000,-1.0992,-0.0423,-0.6909,0.0000,0.0000,0.0000,0.0000,0.0015,-0.3675,0.0000,-0.2382,-0.0423,-0.9471,0.0000,0.1284,0.2220,-0.5895,-1.0992
2023,197,Ethan Laird,Rider,6,3,3.8270,4.0000,-0.8270,-0.0471,-0.9059,0.0000,0.0000,0.0000,0.0000,-0.0004,0.1264,0.0000,-0.4529,-0.0471,-0.0232,0.0000,-0.3037,1.7951,-1.6687,-0.8270
2023,197,Evan Bockman,Utah Valley,3,1,1.3915,20.0000,-0.3915,0.0095,-0.0470,0.0000,0.0000,0.0000,0.0000,0.0010,-0.2379,-0.1171,-0.2453,0.0095,-0.3490,0.0000,0.1933,0.4782,-0.7161,-0.3915
2023,197,Gavin Hoffman,Ohio State,3,1,0.7504,26.0000,0.2496,-0.0326,0.3870,0.0000,0.0000,0.0000,0.0000,-0.0000,-0.1048,0.0000,-0.3385,-0.0326,0.5625,0.0000,0.0582,0.6353,-0.7401,0.2496
2023,197,Isaac Trumble,NC State,4,2,3.1741,6.0000,-1.1741,-0.0062,-1.0898,0.0000,0.0000,0.3356,0.0000,0.0130,-0.1746,-0.2521,-0.2510,-0.0062,-1.2245,0.3356,-0.0280,1.4251,-1.5997,-1.1741
2023,197,Jacob Cardenas,Cornell,7,4,4.2094,10.0000,-0.2094,-0.0083,-0.4054,0.0000,0.0000,0.0000,0.0000,-0.0200,0.2243,0.0000,-0.4628,-0.0083,0.0591,0.0000,0.2026,1.9525,-1.7282,-0.2094
2023,197,Jacob Koser,Navy,3,1,0.5538,28.0000,0.4462,-0.0066,1.0052,0.0000,0.0000,-0.3356,0.0000,-0.0032,-0.2137,0.0000,0.6567,-0.0066,0.5607,-0.3356,-0.4291,1.0702,-1.2839,0.4462
2023,197,Jacob Warner,Iowa,8,6,2.7702,14.0000,3.2298,0.2335,1.7005,0.0000,0.0000,0.0000,0.0000,0.0193,1.1594,0.1171,-0.2590,0.2335,2.0470,0.0000,1.2084,2.1100,-0.9506,3.2298
2023,197,Jaxon Smith,Maryland,4,2,1.7196,11.0000,0.2804,0.0024,-0.1751,0.0000,0.0000,0.0000,0.0000,0.0023,0.1989,0.2521,-0.3399,0.0024,0.1614,0.0000,0.4566,0.9826,-0.7837,0.2804
2023,197,Levi Hopkins,Campbell,3,1,0.9346,24.0000,0.0654,-0.0301,0.3464,0.0000,0.0000,0.0000,0.0000,-0.0008,-0.2501,0.0000,-0.2770,-0.0301,0.1854,0.0000,0.1872,0.7805,-1.0306,0.0654
2023,197,Luke Stout,Princeton,2,0,0.7911,23.0000,-0.7911,0.0019,-0.2798,0.0000,0.0000,0.0000,0.0000,-0.0112,-0.5021,0.0000,-0.1160,0.0019,-0.9949,0.0000,0.3178,0.3419,-0.8440,-0.7911
2023,197,Luke Surber,Oklahoma State,4,2,1.8515,15.0000,0.1485,0.0294,0.0930,0.0000,0.0000,0.0000,0.0000,0.0085,0.0176,0.0000,-0.0291,0.0294,-0.1711,0.0000,0.3194,0.7194,-0.7017,0.1485
2023,197,Max Dean,Penn State,7,5,4.0841,9.0000,0.9159,0.1154,0.5367,0.0000,0.0000,-0.3851,0.0000,0.0020,0.6469,0.0000,0.4916,0.1154,0.6787,-0.3851,0.0153,2.7781,-2.1313,0.9159
2023,197,Max Shaw,North Carolina,2,0,0.2098,32.0000,-0.2098,-0.0049,-0.0351,0.0000,0.0000,0.0000,0.0000,-0.0061,-0.1638,0.0000,-0.0415,-0.0049,-0.1410,0.0000,-0.0225,0.0766,-0.2404,-0.2098
2023,197,Michael Battista,Virginia,2,0,0.6459,25.0000,-0.6459,0.0154,-0.3254,0.0000,0.0000,0.0000,0.0000,0.0007,-0.3365,0.0000,-0.2235,0.0154,-0.6201,0.0000,0.1823,0.7044,-1.0409,-0.6459
2023,197,Michael Beard,Lehigh,5,3,3.5815,5.0000,-0.5815,0.0405,-0.3058,0.0000,0.0000,0.0000,0.0000,-0.0334,-0.2828,0.0000,-0.4920,0.0405,-0.3906,0.0000,0.2606,0.8946,-1.1774,-0.5815
2023,197,Michial Foy,Minnesota,2,0,0.8669,22.0000,-0.8669,-0.0003,-0.5431,0.0000,0.0000,0.0000,0.0000,-0.0336,-0.2898,0.0000,-0.1063,-0.0003,-0.6808,0.0000,-0.0795,0.7416,-1.0314,-0.8669
2023,197,Nick Stemmet,Stanford,3,1,0.6064,27.0000,0.3936,-0.0366,0.4939,0.0000,0.0000,0.0000,0.0000,0.0232,-0.0870,0.0000,-0.0311,-0.0366,0.2607,0.0000,0.2005,0.8299,-0.9170,0.3936
2023,197,Nino Bonaccorsi,Pittsburgh,5,5,4.4889,1.0000,0.5111,-0.0333,-0.0467,0.0000,0.0000,0.0000,0.0000,0.0058,0.5853,0.0000,0.2111,-0.0333,0.2433,0.0000,0.0900,1.3484,-0.7631,0.5111
2023,197,Owen Pentz,North Dakota State,3,1,1.1174,16.0000,-0.1174,-0.0030,-0.1757,0.0000,0.0000,0.0000,-0.0804,-0.0004,-0.1081,0.2501,-0.1227,-0.0030,-0.1859,0.0000,0.1942,0.6707,-0.7787,-0.1174
2023,197,Rocky Elam,Missouri,6,5,4.5245,3.0000,0.4755,0.0431,-0.1629,0.0000,0.0000,0.0000,0.0000,0.0012,0.5942,0.0000,-0.5086,0.0431,1.2551,0.0000,-0.3140,1.3306,-0.7364,0.4755
2023,197,Silas Allred,Nebraska,4,2,2.1429,8.0000,-0.1429,-0.1255,-0.0357,0.0000,0.0000,0.0000,0.0000,-0.0048,0.0230,0.0000,-0.1880,-0.1255,0.0736,0.0000,0.0969,0.8233,-0.8003,-0.1429
2023,197,Tanner Harvey,Oregon State,4,2,1.9196,18.0000,0.0804,-0.0704,0.0886,0.0000,0.0000,0.0000,0.0000,-0.0013,0.0636,0.0000,-0.4437,-0.0704,0.5511,0.0000,0.0435,1.5358,-1.4723,0.0804
2023,197,Tanner Sloan,South Dakota State,5,4,2.1237,7.0000,1.8763,-0.0064,0.5217,0.0000,0.0000,0.5941,0.0000,0.0107,0.7562,0.0000,0.4395,-0.0064,0.5978,0.5941,0.2512,1.8396,-1.0834,1.8763
2023,197,Trey Rogers,Hofstra,2,0,0.3924,29.0000,-0.3924,0.0096,-0.0394,0.0000,0.0000,0.0000,0.0000,-0.0014,-0.3612,0.0000,-0.1257,0.0096,-0.4169,0.0000,0.1406,0.1689,-0.5301,-0.3924
2023,197,Yonger Bastida,Iowa State,4,2,1.9354,13.0000,0.0646,-0.0731,-0.1629,0.0000,0.0000,0.0000,0.0000,-0.0269,0.3275,0.0000,-0.3922,-0.0731,0.3807,0.0000,0.1492,0.9626,-0.6352,0.0646
2023,197,Zac Braunagel,Illinois,4,2,1.6505,12.0000,0.3495,-0.0075,0.3523,0.0000,0.0000,0.0000,0.0000,0.0631,-0.1481,0.0896,0.0625,-0.0075,0.1213,0.0000,0.1732,1.7297,-1.8777,0.3495
2023,285,AJ Nevills,South Dakota State,4,2,1.8237,14.0000,0.1763,0.0509,-0.1471,0.0000,0.0000,0.4016,0.0000,0.0053,-0.1344,0.0000,-0.2299,0.0509,-0.3440,0.4016,0.2977,0.6014,-0.7358,0.1763
2023,285,Ben Goldin,Pennsylvania,3,1,0.7262,27.0000,0.2738,-0.0781,0.2557,0.0000,0.0000,0.0000,0.0000,-0.0047,0.1008,0.0000,-0.4971,-0.0781,0.6373,0.0000,0.2116,0.5865,-0.4857,0.2738
2023,285,Boone Mcdermott,Rutgers,2,0,0.7173,24.0000,-0.7173,-0.0321,-0.2244,0.0000,0.0000,0.0000,0.0000,-0.0015,-0.4594,0.0000,-0.0696,-0.0321,-0.5109,0.0000,-0.1047,0.3251,-0.7845,-0.7173
2023,285,Cohlton Schultz,Arizona State,5,3,3.5255,5.0000,-0.5255,0.0001,-0.3282,0.0000,0.0000,-1.0316,0.0000,0.0149,0.7268,0.0925,-0.1329,0.0001,0.4296,-1.0316,0.2093,0.9466,-0.2198,-0.5255
2023,285,Colton McKiernan,SIU Edwardsville,5,3,2.7264,12.0000,0.2736,-0.0033,0.9961,0.0000,0.0000,0.0000,0.0000,0.0050,-0.6316,-0.0925,0.3312,-0.0033,-0.5722,0.0000,0.5179,0.2082,-0.8399,0.2736
2023,285,Cory Day,Binghamton,2,0,0.5773,26.0000,-0.5773,-0.0293,-0.2037,0.0000,0.0000,0.0000,0.0000,-0.0008,-0.3436,0.0000,-0.3089,-0.0293,0.1192,0.0000,-0.3583,0.2979,-0.6415,-0.5773
2023,285,Dorian Crosby,Bucknell,2,0,0.4504,28.0000,-0.4504,-0.0055,-0.0187,0.0000,0.0000,0.0000,0.0000,-0.0065,-0.4196,0.0000,-0.0976,-0.0055,-0.3198,0.0000,-0.0274,-0.0186,-0.4010,-0.4504
2023,285,Garrett Joles,Minnesota,2,0,0.2247,32.0000,-0.2247,-0.0126,-0.0276,0.0000,0.0000,0.0000,0.0000,-0.0059,-0.1786,0.0000,-0.0340,-0.0126,-0.1631,0.0000,-0.0149,0.0080,-0.1867,-0.2247
2023,285,Grady Griess,Navy,3,1,1.1968,15.0000,-0.1968,-0.0180,0.0001,0.0000,0.0000,0.0000,0.0000,-0.0047,-0.1742,0.0000,-0.1946,-0.0180,-0.4279,0.0000,0.4437,0.2339,-0.4081,-0.1968
2023,285,Greg Kerkvliet,Penn State,5,4,3.2419,3.0000,0.7581,0.0124,0.4621,0.0000,0.0000,0.0000,0.0120,-0.0041,0.2557,0.0200,0.2403,0.0124,-0.1828,0.0000,0.6883,0.6682,-0.4125,0.7581
2023,285,Hayden Copass,Purdue,2,0,0.3383,30.0000,-0.3383,-0.0010,-0.0853,0.0000,0.0000,0.0000,0.0000,-0.0114,-0.2206,-0.0200,-0.1005,-0.0010,-0.2291,0.0000,-0.0077,0.0000,-0.2206,-0.3383
2023,285,Hunter Catka,Virginia Tech,2,0,0.8669,22.0000,-0.8669,0.0156,-0.5267,0.0000,0.0000,0.0000,0.0000,-0.0006,-0.3551,0.0000,-0.4974,0.0156,-0.5551,0.0000,0.1700,0.3025,-0.6576,-0.8669
2023,285,Jacob Bullock,Indiana,3,1,0.9805,23.0000,0.0195,0.0388,0.0661,0.0000,0.0000,0.0000,0.0000,-0.0019,-0.0835,0.0000,0.1168,0.0388,-0.3404,0.0000,0.2043,0.6958,-0.7793,0.0195
2023,285,Jaron Smith,Maryland,3,1,0.6134,29.0000,0.3866,-0.0406,0.3901,0.0000,0.0000,-0.4016,0.0000,0.0281,0.4106,0.0000,-0.0502,-0.0406,0.5147,-0.4016,0.3643,1.0191,-0.6085,0.3866
2023,285,Jonah Niesenbaum,Duke,3,1,1.4658,19.0000,-0.4658,-0.0417,-0.3680,0.0000,0.0000,0.0000,0.0000,0.0033,-0.0593,0.0000,-0.4378,-0.0417,-0.0442,0.0000,0.0579,0.2512,-0.3106,-0.4658
2023,285,Josh Heindselman,Oklahoma,4,2,1.9157,18.0000,0.0843,-0.0212,-0.0527,0.0000,0.0000,0.0000,0.0000,-0.0047,0.1630,0.0000,-0.4978,-0.0212,0.5109,0.0000,0.0925,0.8951,-0.7321,0.0843
2023,285,Konner Doucet,Oklahoma State,2,0,1.0216,20.0000,-1.0216,0.0634,-0.5690,0.0000,0.0000,0.0000,0.0000,-0.0620,-0.4540,0.0000,-0.6290,0.0634,-0.4959,0.0000,0.0399,0.5381,-0.9920,-1.0216
2023,285,Lucas Davison,Northwestern,7,5,2.8297,9.0000,2.1703,0.1060,0.7043,0.0000,0.0000,1.0830,0.1238,-0.0022,0.2336,-0.0781,-0.8273,0.1060,0.5546,1.0830,1.2540,1.0872,-0.8536,2.1703
2023,285,Mason Parris,Michigan,5,5,4.3819,1.0000,0.6181,0.0072,0.1019,0.0000,0.0000,0.0000,-0.0120,0.0103,0.5107,0.0000,0.0109,0.0072,0.4014,0.0000,0.1986,0.5430,-0.0323,0.6181
2023,285,Michael Wolfgram,West Virginia,3,1,0.7928,25.0000,0.2072,0.0153,0.3620,0.0000,0.0000,0.0000,0.0000,-0.0026,-0.1675,0.0000,0.0887,0.0153,0.1221,0.0000,-0.0190,0.7292,-0.8967,0.2072
2023,285,Nathan Taylor,Lehigh,3,1,1.1126,21.0000,-0.1126,0.0535,0.1460,0.0000,0.0000,0.0000,0.0000,0.0046,-0.3167,0.0000,-0.4043,0.0535,0.1137,0.0000,0.1245,0.4285,-0.7452,-0.1126
2023,285,Owen Trephan,NC State,4,2,3.0461,7.0000,-1.0461,0.0373,-0.8684,0.0000,0.0000,-0.5790,0.0000,0.0007,0.3633,0.0000,-0.4147,0.0373,-0.3356,-0.5790,0.2459,0.9140,-0.5508,-1.0461
2023,285,Sam Schuyler,Iowa State,5,3,3.5072,8.0000,-0.5072,-0.0012,-0.0376,0.0000,0.0000,-0.5290,-0.1238,0.0084,0.1761,0.0000,-0.3821,-0.0012,0.4025,-0.5290,0.0027,0.6961,-0.5200,-0.5072
2023,285,Tate Orndorff,Ohio State,5,3,2.2624,16.0000,0.7376,0.0591,0.5537,0.0000,0.0000,0.0719,0.0000,0.0030,0.0499,0.0000,-0.2564,0.0591,0.4224,0.0719,0.4406,0.7007,-0.6508,0.7376
2023,285,Taye Ghadiali,Campbell,3,1,1.0463,17.0000,-0.0463,-0.0013,-0.3532,0.0000,0.0000,0.5071,0.0000,-0.0096,-0.1893,0.0000,-0.0137,-0.0013,-0.5936,0.5071,0.0552,0.4179,-0.6072,-0.0463
2023,285,Tony Cassioppi,Iowa,6,4,3.5397,4.0000,0.4603,0.0351,-0.0612,0.0000,0.0000,0.4830,0.0000,0.0001,0.0504,-0.0471,-0.2861,0.0351,-0.0788,0.4830,0.3072,0.8699,-0.8195,0.4603
2023,285,Trent Hillger,Wisconsin,5,3,2.1590,11.0000,0.8410,0.0890,0.4401,0.0000,0.0000,0.5290,0.0000,-0.0021,-0.2150,0.0000,-0.1929,0.0890,0.2903,0.5290,0.1255,0.2790,-0.4940,0.8410
2023,285,Trevor Tinker,Cal Poly,2,0,0.2879,31.0000,-0.2879,0.0090,-0.0313,0.0000,0.0000,0.0000,0.0000,-0.0007,-0.2533,-0.0116,-0.0645,0.0090,-0.0918,0.0000,-0.1405,0.2109,-0.4641,-0.2879
2023,285,Tyrell Gordon,Northern Iowa,4,2,1.9781,13.0000,0.0219,-0.0367,0.1388,0.0000,0.0000,0.0000,0.0000,0.0338,-0.1141,0.0000,0.1253,-0.0367,-0.1041,0.0000,0.0373,0.0709,-0.1850,0.0219
2023,285,Wyatt Hendrickson,Air Force,6,5,4.7581,2.0000,0.2419,-0.0187,-0.4145,0.0000,0.0000,0.0000,0.0378,0.0032,0.4972,0.1368,-0.6945,-0.0187,0.6728,0.0000,0.2823,1.6494,-1.1522,0.2419
2023,285,Yaraslau Slavikouski,Harvard,5,3,3.7160,6.0000,-0.7160,-0.1546,-1.0098,0.0000,0.0000,-0.5343,0.0000,-0.0469,1.0297,0.0000,-0.5698,-0.1546,0.3163,-0.5343,0.2265,1.3566,-0.3269,-0.7160
2023,285,Zach Elam,Missouri,7,4,3.1699,10.0000,0.8301,-0.0965,0.7103,0.0000,0.0000,0.0000,-0.0378,0.0522,0.2019,0.0000,-0.4635,-0.0965,-0.1185,0.0000,1.5086,1.8459,-1.6440,0.8301
2024,125,Anthony Noto,Lock Haven,6,5,3.1185,12.0000,1.8815,0.0801,0.3769,0.0000,0.0000,1.0686,0.0000,-0.0003,0.3562,0.0000,-0.6225,0.0801,0.7946,1.0686,0.5606,1.6445,-1.2883,1.8815
2024,125,Blake West,Northern Illinois,2,0,0.6126,26.0000,-0.6126,0.0576,-0.0399,0.0000,0.0000,0.0000,0.0000,-0.0055,-0.6249,0.0000,-0.0965,0.0576,-0.6418,0.0000,0.0681,0.1959,-0.8207,-0.6126
2024,125,Braeden Davis,Penn State,4,2,3.5720,1.0000,-1.5720,0.0415,-1.2112,0.0000,0.0000,-0.6220,0.0000,-0.0431,0.2627,0.0000,-0.5580,0.0415,-0.7564,-0.6220,0.3229,0.7082,-0.4456,-1.5720
2024,125,Brandon Kaylor,Oregon State,2,0,0.5007,21.0000,-0.5007,-0.0474,-0.1555,0.0000,0.0000,0.0000,0.0000,-0.0009,-0.2969,0.0000,-0.2147,-0.0474,-0.2083,0.0000,-0.0302,0.1842,-0.4811,-0.5007
2024,125,Brayden Palmer,Chattanooga,3,1,1.4841,22.0000,-0.4841,0.0360,-0.3859,0.0000,0.0000,0.0000,0.0000,-0.0026,-0.1316,0.0000,-0.5005,0.0360,0.3959,0.0000,-0.4155,0.4236,-0.5553,-0.4841
2024,125,Brendan McCrone,Ohio State,3,1,0.5695,29.0000,0.4305,0.0762,0.0778,0.0000,0.0000,0.0000,0.0000,-0.0474,0.3240,0.0000,0.1278,0.0762,-0.4026,0.0000,0.6292,0.6279,-0.3040,0.4305
2024,125,Brett Ungar,Cornell,4,2,1.6741,17.0000,0.3259,-0.1410,-0.3149,0.0000,0.0000,0.5071,0.0000,0.0806,0.1942,0.0000,0.2568,-0.1410,0.0905,0.5071,-0.3874,0.9733,-0.7791,0.3259
2024,125,Caleb Smith,Nebraska,7,4,2.8910,15.0000,1.1090,0.0882,-0.0468,0.0000,0.0000,0.6509,0.0000,-0.1058,0.5225,0.0000,-0.5619,0.0882,0.7459,0.6509,0.1859,1.6113,-1.0887,1.1090
2024,125,Cooper Flynn,Virginia Tech,3,1,1.3851,11.0000,-0.3851,-0.0079,-0.3486,0.0000,0.0000,0.0000,0.0000,-0.0297,0.0011,0.0000,-0.3825,-0.0079,-0.2619,0.0000,0.2672,0.3375,-0.3364,-0.3851
2024,125,Dean Peterson,Rutgers,3,1,1.4199,16.0000,-0.4199,-0.0283,0.2754,0.0000,0.0000,-0.5071,0.0000,0.0101,-0.1701,0.0000,0.1560,-0.0283,-0.0068,-0.5071,-0.0338,0.3327,-0.5027,-0.4199
2024,125,Diego Sotelo,Harvard,4,2,1.0986,28.0000,0.9014,-0.0591,0.7510,0.0000,0.0000,0.0000,0.0000,0.0286,0.1809,0.0000,0.6991,-0.0591,-0.7383,0.0000,0.9998,0.9888,-0.8079,0.9014
2024,125,Drake Ayala,Iowa,5,4,3.8337,3.0000,0.1663,-0.0799,-0.3571,0.0000,0.0000,0.4474,0.0000,-0.0025,0.1585,0.0000,-0.2374,-0.0799,0.0013,0.4474,0.0350,0.8108,-0.6523,0.1663
2024,125,Elijah Griffin,California Baptist,3,1,0.7091,30.0000,0.2909,-0.0100,0.4184,0.0000,0.0000,-0.4363,0.0000,0.0048,0.1428,0.1712,0.0208,-0.0100,1.0251,-0.4363,-0.3088,1.0019,-0.8592,0.2909
2024,125,Eric Barnett,Wisconsin,6,4,2.7667,10.0000,1.2333,-0.0152,-0.2835,0.0000,0.0000,0.4591,0.0000,0.1046,0.8756,0.0927,0.3986,-0.0152,-0.4181,0.4591,0.8088,1.9783,-1.1027,1.2333
2024,125,Ethan Berginc,Army West Point,2,0,0.6768,25.0000,-0.6768,-0.0373,-0.2561,0.0000,0.0000,0.0000,0.0000,0.0003,-0.3837,0.0000,-0.1371,-0.0373,-0.6348,0.0000,0.1325,0.1895,-0.5732,-0.6768
2024,125,Jakob Camacho,NC State,4,2,2.4925,7.0000,-0.4925,0.0297,-0.1584,0.0000,0.0000,0.0000,0.0000,0.0014,-0.3846,0.0194,-0.2828,0.0297,-0.3647,0.0000,0.1254,0.6880,-1.0726,-0.4925
2024,125,Jett Strickenberger,West Virginia,2,0,1.0896,19.0000,-1.0896,0.0516,-0.1323,0.0000,0.0000,0.0000,0.0126,-0.0000,-0.8502,-0.1712,-0.3568,0.0516,-0.9507,0.0000,0.1663,0.5798,-1.4300,-1.0896
2024,125,Jore Volk,Wyoming,7,5,4.4947,5.0000,0.5053,0.0476,-0.3218,0.0000,0.0000,0.6220,0.0000,0.0098,0.1477,0.0000,-0.7533,0.0476,0.3910,0.6220,0.1981,1.8417,-1.6939,0.5053
2024,125,Kysen Terukina,Iowa State,3,1,0.9287,24.0000,0.0713,0.0425,0.1200,0.0000,-0.0318,0.0000,0.0000,-0.0033,-0.0368,-0.0194,-0.1952,0.0425,0.0377,0.0000,0.1863,0.5215,-0.5583,0.0713
2024,125,Luke Stanich,Lehigh,8,6,6.4274,2.0000,-0.4274,0.0343,-0.1073,0.0000,0.0000,-0.6616,0.0000,0.0001,0.3072,0.0000,-0.4149,0.0343,-0.1895,-0.6616,0.8043,1.5244,-1.2172,-0.4274
2024,125,Matt Ramos,Purdue,4,2,2.8533,4.0000,-0.8533,-0.0916,-0.1875,0.0000,0.0000,-0.5920,0.0000,0.0389,-0.0211,0.0000,-0.3711,-0.0916,0.1876,-0.5920,0.0139,0.2669,-0.2880,-0.8533
2024,125,Max Gallagher,Pennsylvania,2,0,0.5507,27.0000,-0.5507,0.0227,-0.2202,0.0000,0.0000,0.0000,0.0000,-0.0208,-0.3325,0.0000,-0.3231,0.0227,-0.2380,0.0000,-0.0124,0.0091,-0.3416,-0.5507
2024,125,Michael DeAugustino,Michigan,3,1,1.6400,18.0000,-0.6400,0.0468,0.2787,0.0000,0.0000,-0.4788,0.0000,-0.0272,-0.4594,0.0000,0.1632,0.0468,-0.2636,-0.4788,-0.1075,0.5214,-0.9808,-0.6400
2024,125,Nico Provo,Stanford,4,2,1.8038,14.0000,0.1962,-0.0854,0.6569,0.0000,0.0000,0.0000,-0.0126,0.0059,-0.3686,-0.0000,-0.1540,-0.0854,0.3860,0.0000,0.0496,1.5441,-1.9127,0.1962
2024,125,Noah Surtin,Missouri,2,0,1.4032,13.0000,-1.4032,0.0260,-0.6505,0.0000,0.0000,0.0000,0.0000,-0.0002,-0.7784,0.0000,-0.6194,0.0260,-0.5527,0.0000,-0.2571,0.0335,-0.8119,-1.4032
2024,125,Patrick McKee,Minnesota,3,1,2.0080,9.0000,-1.0080,-0.0344,-0.4514,0.0000,0.0318,0.0000,0.0210,0.0027,-0.5777,0.0000,-0.4035,-0.0344,-0.5754,0.0000,0.0052,0.3787,-0.9564,-1.0080
2024,125,Richard Figueroa,Arizona State,5,5,2.3761,8.0000,2.6239,-0.0249,1.6833,0.0000,0.0000,0.0000,-0.0210,0.0490,0.9373,0.0000,-0.3609,-0.0249,2.2665,0.0000,0.7432,1.7274,-0.7901,2.6239
2024,125,Stevo Poulin,Northern Colorado,5,3,2.2359,20.0000,0.7641,-0.0346,0.2049,0.0000,0.0000,0.4363,0.0000,-0.0053,0.1628,0.0000,0.4882,-0.0346,-0.2041,0.4363,0.0782,0.9150,-0.7522,0.7641
2024,125,Tanner Jordan,South Dakota State,7,4,2.1227,23.0000,1.8773,0.0344,0.8090,0.0000,0.0000,-0.4462,0.0080,-0.0519,1.6166,-0.0927,-0.1590,0.0344,1.5180,-0.4462,0.9300,2.5652,-0.9485,1.8773
2024,125,Tristan Lujan,Michigan State,2,0,0.2463,33.0000,-0.2463,0.0422,-0.1351,0.0000,0.0000,0.0000,0.0000,-0.0053,-0.1481,0.0000,-0.2251,0.0422,-0.0428,0.0000,-0.0207,0.0099,-0.1580,-0.2463
2024,125,Troy Spratley,Oklahoma State,4,2,2.6868,6.0000,-0.6868,-0.0361,0.0790,0.0000,0.0000,-0.4474,-0.0080,0.0152,-0.2896,0.0000,-0.2607,-0.0361,-0.1115,-0.4474,0.1689,0.5873,-0.8769,-0.6868
2024,125,Tyler Klinsky,Rider,2,0,0.3279,31.0000,-0.3279,-0.0244,0.0328,0.0000,0.0000,0.0000,0.0000,-0.0003,-0.3360,0.0000,-0.0616,-0.0244,-0.2779,0.0000,0.0360,0.0540,-0.3900,-0.3279
2024,133,Aaron Nagao,Penn State,5,3,3.1633,10.0000,-0.1633,-0.0911,-0.1993,0.0000,0.0000,0.0000,-0.0231,-0.0008,0.1510,0.0000,-0.1871,-0.0911,-0.4632,0.0000,0.5782,1.1506,-0.9996,-0.1633
2024,133,Braden Basile,Army West Point,4,2,1.1947,25.0000,0.8053,-0.0643,0.5677,0.0000,0.0000,-0.4337,0.0000,0.0054,0.7301,0.0000,-0.0377,-0.0643,0.4033,-0.4337,0.9375,2.3116,-1.5815,0.8053
2024,133,Braxton Brown,Maryland,3,1,1.7019,17.0000,-0.7019,-0.0001,-0.6543,0.0000,0.0000,0.0000,0.0000,-0.1006,0.0531,0.0000,-0.5522,-0.0001,0.0376,0.0000,-0.1872,1.1383,-1.0852,-0.7019
2024,133,Brody Teske,Iowa,5,3,2.1249,15.0000,0.8751,0.0991,0.3575,0.0000,0.0000,0.4337,0.0000,-0.0231,0.0079,0.0000,-0.3476,0.0991,0.3031,0.4337,0.3868,1.4982,-1.4903,0.8751
2024,133,Cayden Rooks,Indiana,2,1,0.4779,32.0000,0.5221,0.0017,0.1337,0.0000,0.0000,0.0000,0.0000,-0.0004,0.3841,0.0031,-0.1677,0.0017,0.6398,0.0000,0.0482,0.8034,-0.4193,0.5221
2024,133,Daton Fix,Oklahoma State,5,4,4.3914,1.0000,-0.3914,0.0735,-0.6609,0.0000,0.0000,0.7206,0.0000,-0.0043,-0.5204,0.0000,-0.2755,0.0735,-1.2690,0.7206,0.3590,0.4583,-0.9787,-0.3914
2024,133,Derrick Cardinal,South Dakota State,3,1,1.6204,18.0000,-0.6204,-0.0321,-0.3806,0.0000,0.0000,0.0000,0.0000,-0.0022,-0.2054,0.0000,-0.4735,-0.0321,-0.3469,0.0000,0.2322,0.7848,-0.9902,-0.6204
2024,133,Domenic Zaccone,Campbell,3,1,0.7901,22.0000,0.2099,0.0549,0.0561,0.0000,0.0000,0.0000,0.0000,-0.0014,0.1003,0.0000,-0.0257,0.0549,0.1401,0.0000,0.0406,0.7228,-0.6225,0.2099
2024,133,Dominick Serrano,Northern Colorado,2,0,1.5616,9.0000,-1.5616,0.0097,-0.5541,0.0000,0.0000,0.0000,0.0000,-0.0016,-1.0156,0.0000,-0.5621,0.0097,-1.0932,0.0000,0.0840,0.7447,-1.7603,-1.5616
2024,133,Dylan Ragusin,Michigan,6,4,3.5470,5.0000,0.4530,0.0222,0.2200,0.0000,0.0000,-0.3780,0.0000,0.0092,0.5795,0.0000,-0.3734,0.0222,1.2148,-0.3780,-0.0325,1.1691,-0.5895,0.4530
2024,133,Dylan Shawver,Rutgers,6,4,4.0889,4.0000,-0.0889,-0.1813,-0.0643,0.0000,0.0000,-0.5553,0.0000,0.0506,0.6614,0.0000,-0.3294,-0.1813,0.7383,-0.5553,0.2387,2.0974,-1.4361,-0.0889
2024,133,Dyson Dunham,VMI,2,0,0.2603,33.0000,-0.2603,-0.0042,-0.0114,0.0000,0.0000,0.0000,0.0000,-0.0001,-0.2447,-0.0000,-0.0528,-0.0042,-0.1796,0.0000,-0.0237,-0.0141,-0.2305,-0.2603
2024,133,Ethan Oakley,Appalachian State,4,2,1.4534,21.0000,0.5466,-0.0053,0.3185,0.0000,0.0000,0.0000,0.0000,0.0239,0.2095,0.0000,-0.1560,-0.0053,0.3775,0.0000,0.3304,1.0568,-0.8472,0.5466
2024,133,Evan Frost,Iowa State,7,4,3.4625,8.0000,0.5375,0.0894,0.4173,0.0000,0.0000,0.2127,0.0000,0.0179,-0.1998,0.0000,-0.2445,0.0894,-0.4641,0.2127,0.9441,1.9540,-2.1537,0.5375
2024,133,Gable Strickland,Lock Haven,3,1,0.7580,27.0000,0.2420,-0.0037,0.0300,0.0000,0.0000,0.6096,0.0000,0.0018,-0.3956,0.0000,-0.1123,-0.0037,-0.2947,0.6096,0.0431,0.2265,-0.6221,0.2420
2024,133,Hunter Leake,California Baptist,1,0,0.0671,30.0000,-0.0671,-0.0015,0.0479,0.0000,0.0000,0.0000,0.0000,-0.0005,-0.1131,0.0000,-0.0257,-0.0015,-0.0375,0.0000,-0.0024,0.0000,-0.1131,-0.0671
2024,133,Jace Koelzer,Oklahoma,2,0,0.4344,29.0000,-0.4344,0.0333,-0.0209,0.0000,0.0000,0.0000,0.0000,-0.0038,-0.4430,0.0000,-0.0499,0.0333,-0.5142,0.0000,0.0964,0.1232,-0.5662,-0.4344
2024,133,Jacob Van Dee,Nebraska,3,1,1.4025,14.0000,-0.4025,-0.0481,-0.2526,0.0000,0.0000,0.0000,0.0000,0.0072,-0.1089,0.0000,-0.2353,-0.0481,-0.4051,0.0000,0.2860,0.3773,-0.4862,-0.4025
2024,133,Julian Chlebove,Arizona State,3,1,0.6755,24.0000,0.3245,0.0360,0.4350,0.0000,0.0000,0.0000,0.0000,0.0032,-0.1497,0.0000,-0.0882,0.0360,0.2632,0.0000,0.1136,0.8351,-0.9848,0.3245
2024,133,Julian Farber,Northern Iowa,2,0,1.1202,19.0000,-1.1202,0.0250,-0.2906,0.0000,0.0000,0.0000,0.0000,-0.0229,-0.8286,-0.0031,-0.2765,0.0250,-1.0743,0.0000,0.2057,0.2195,-1.0482,-1.1202
2024,133,Kade Moore,Missouri,2,0,0.3848,26.0000,-0.3848,0.0083,0.0092,0.0000,0.0000,0.0000,0.0000,-0.0002,-0.4020,-0.0000,-0.0492,0.0083,-0.4233,0.0000,0.0794,0.0829,-0.4849,-0.3848
2024,133,Kai Orine,NC State,6,3,4.3657,3.0000,-1.3657,0.0646,-0.3556,0.0000,0.0000,0.0000,0.0000,0.0182,-1.0929,0.0000,-0.0846,0.0646,-2.0098,0.0000,0.6640,0.7036,-1.7965,-1.3657
2024,133,Kurt Phipps,Bucknell,5,3,2.6831,13.0000,0.3169,0.0731,-0.3509,0.0000,0.0000,-0.4432,0.0000,-0.0426,1.0804,0.0000,-0.0567,0.0731,0.6821,-0.4432,0.0615,1.3743,-0.2939,0.3169
2024,133,Marlon Yarbrough,Virginia,3,1,0.9899,23.0000,0.0101,-0.0844,0.3056,0.0000,0.0000,0.0000,0.0000,0.0007,-0.2118,0.0000,-0.6367,-0.0844,0.7438,0.0000,-0.0125,1.1984,-1.4101,0.0101
2024,133,Maximilian Leete,American,2,0,0.3279,31.0000,-0.3279,-0.0005,0.1561,0.0000,0.0000,0.0000,0.0000,-0.0004,-0.4831,0.0000,-0.0567,-0.0005,-0.5835,0.0000,0.3128,0.1146,-0.5977,-0.3279
2024,133,Michael Colaiocco,Pennsylvania,2,0,0.3417,28.0000,-0.3417,0.0292,-0.1094,0.0000,0.0000,0.0000,0.0000,-0.0074,-0.2541,0.0000,0.0042,0.0292,-0.4248,0.0000,0.0497,0.1098,-0.3639,-0.3417
2024,133,Nasir Bailey,Little Rock,7,5,3.5567,7.0000,1.4433,-0.0694,0.3061,0.0000,0.0000,0.4432,0.0000,0.0001,0.7634,0.0000,0.2888,-0.0694,0.6938,0.4432,0.0870,1.7567,-0.9933,1.4433
2024,133,Nic Bouzakis,Ohio State,4,2,1.4982,16.0000,0.5018,0.0876,0.1161,0.0000,0.0000,0.0000,0.0231,0.0999,0.1750,0.0000,-0.1185,0.0876,0.4167,0.0000,0.1160,1.1718,-0.9968,0.5018
2024,133,Ryan Crookham,Lehigh,6,5,4.7868,2.0000,0.2132,0.0689,-0.0192,0.0000,0.0000,0.0000,0.0000,-0.0002,0.1636,0.0000,0.0759,0.0689,-0.0660,0.0000,0.1344,1.2717,-1.1081,0.2132
2024,133,Sam Latona,Virginia Tech,4,2,2.7876,12.0000,-0.7876,-0.0654,-0.2316,0.0000,0.0000,-0.5578,0.0000,-0.0225,0.0896,0.0000,-0.0810,-0.0654,0.0098,-0.5578,-0.0932,1.0570,-0.9673,-0.7876
2024,133,Tyler Wells,Minnesota,5,3,2.0048,20.0000,0.9952,-0.0481,0.3902,0.0000,0.0000,0.5578,0.0000,-0.0013,0.0967,0.0000,-0.3689,-0.0481,1.0431,0.5578,-0.1886,1.4309,-1.3342,0.9952
2024,133,Vito Arujau,Cornell,5,5,2.4935,6.0000,2.5065,-0.0497,0.5807,0.0000,0.0000,0.0000,0.0000,-0.0004,1.9759,0.0000,-0.3689,-0.0497,2.8415,0.0000,0.0836,2.3028,-0.3269,2.5065
2024,133,Zeth Romney,Cal Poly,2,0,1.4834,11.0000,-1.4834,-0.0274,-0.2922,0.0000,0.0000,-0.6096,0.0000,-0.0013,-0.5530,0.0000,0.0215,-0.0274,-0.8994,-0.6096,0.0314,0.2391,-0.7921,-1.4834
2024,141,Anthony Echemendia,Iowa State,5,3,2.7617,5.0000,0.2383,-0.0441,0.1301,0.0000,0.0000,0.0000,0.0000,-0.0013,0.1535,0.0000,-0.2911,-0.0441,0.5120,0.0000,0.0615,0.7221,-0.5685,0.2383
2024,141,Beau Bartlett,Penn State,5,4,3.8192,2.0000,0.1808,-0.0026,-0.4634,0.0000,0.0000,0.0000,0.0000,0.0040,0.5787,0.0641,-0.2451,-0.0026,-0.0953,0.0000,0.5236,1.4992,-0.9206,0.1808
2024,141,Brock Hardy,Nebraska,6,5,2.5237,9.0000,2.4763,-0.1119,0.6499,0.0000,0.0000,0.0000,0.0000,-0.0002,1.4119,0.5266,-0.5181,-0.1119,2.3759,0.0000,0.7304,2.7715,-1.3596,2.4763
2024,141,Cael Happel,Northern Iowa,5,3,3.0172,7.0000,-0.0172,0.0594,0.1203,0.0000,0.0000,-0.6415,0.0000,-0.0048,0.4493,0.0000,-0.5160,0.0594,0.5596,-0.6415,0.5213,1.6397,-1.1904,-0.0172
2024,141,Cj Composto,Pennsylvania,3,1,1.3616,22.0000,-0.3616,0.0084,0.0675,0.0000,0.0000,-0.4211,0.0000,-0.0016,-0.0148,0.0000,-0.0560,0.0084,-0.1488,-0.4211,0.2560,0.6187,-0.6335,-0.3616
2024,141,Clay Carlson,South Dakota State,2,0,0.3215,29.0000,-0.3215,-0.0249,-0.1496,0.0000,0.0000,0.0000,0.0000,-0.0033,-0.1437,0.0000,-0.0554,-0.0249,-0.3348,0.0000,0.0936,0.0984,-0.2421,-0.3215
2024,141,Cleveland Belton,Oregon State,5,3,1.5791,25.0000,1.4209,0.1353,0.3694,0.0000,0.0000,0.5663,0.0000,-0.0016,0.3515,0.0000,-0.4412,0.1353,1.0110,0.5663,0.1495,2.7716,-2.4201,1.4209
2024,141,Cole Matthews,Pittsburgh,4,2,1.9008,18.0000,0.0992,-0.0216,-0.0783,0.0000,0.0000,0.4168,0.0000,0.0023,-0.2200,0.0000,-0.6108,-0.0216,-0.0380,0.4168,0.3527,0.7838,-1.0038,0.0992
2024,141,Danny Fongaro,Indiana,3,1,1.3459,23.0000,-0.3459,-0.1069,0.2974,0.0000,0.0000,0.0000,0.0000,0.0161,-0.5525,0.0000,0.1522,-0.1069,-0.4266,0.0000,0.0355,1.4895,-2.0420,-0.3459
2024,141,Danny Pucino,Illinois,2,0,0.7429,24.0000,-0.7429,-0.0111,-0.2451,0.0000,0.0000,0.0000,0.0000,-0.0000,-0.4867,-0.0000,-0.3043,-0.0111,-0.5358,0.0000,0.1083,0.1556,-0.6423,-0.7429
2024,141,Dylan Chappell,Bucknell,3,1,1.7614,16.0000,-0.7614,0.0342,0.1132,0.0000,0.0000,0.0000,0.0000,-0.0009,-0.6925,-0.2154,-0.3050,0.0342,-0.3426,0.0000,-0.1480,0.9212,-1.6137,-0.7614
2024,141,Greyson Clark,Purdue,3,1,0.5542,28.0000,0.4458,-0.0217,0.2383,0.0000,0.0000,0.0000,0.0000,0.0010,0.2283,-0.0000,-0.0949,-0.0217,0.2668,0.0000,0.2955,1.6216,-1.3933,0.4458
2024,141,Isaiah Powe,Chattanooga,3,1,1.0654,17.0000,-0.0654,-0.0642,-0.2466,0.0000,0.0000,0.0000,0.0000,-0.0007,0.2462,-0.0001,0.0571,-0.0642,-0.3243,0.0000,0.2659,1.1704,-0.9243,-0.0654
2024,141,Jesse Mendez,Ohio State,5,5,4.2354,1.0000,0.7646,0.0605,0.0680,0.0000,0.0000,0.0000,0.0000,0.0001,0.6359,0.0001,-0.0864,0.0605,0.4733,0.0000,0.3172,1.0123,-0.3764,0.7646
2024,141,Jesse Vasquez,Arizona State,4,2,1.6981,14.0000,0.3019,0.0266,0.0277,0.0000,0.0000,0.0000,0.0000,-0.0029,0.2226,0.0279,-0.2875,0.0266,0.6141,0.0000,-0.0513,1.2985,-1.0760,0.3019
2024,141,Jordan Hamdan,Michigan State,2,0,0.5507,27.0000,-0.5507,-0.0053,-0.0599,0.0000,0.0000,0.0000,0.0000,-0.0007,-0.4849,-0.0000,-0.1505,-0.0053,-0.3807,0.0000,-0.0143,-0.0091,-0.4758,-0.5507
2024,141,Jordan Titus,West Virginia,3,1,1.9249,13.0000,-0.9249,0.0926,-0.1472,0.0000,0.0000,0.0000,0.0000,0.0020,-0.8444,-0.0279,-0.1378,0.0926,-0.8800,0.0000,0.0003,0.3358,-1.1802,-0.9249
2024,141,Josh Edmond,Missouri,5,3,2.0883,21.0000,0.9117,-0.0022,0.3781,0.0000,0.0000,0.0324,0.0000,-0.0004,0.5038,0.0000,-0.1962,-0.0022,0.3558,0.0324,0.7219,2.0958,-1.5919,0.9117
2024,141,Josh Koderhandt,Navy,5,3,2.8679,11.0000,0.1321,-0.1258,-0.4147,0.0000,0.0000,0.4211,0.0000,0.0043,0.2472,0.0000,0.0831,-0.1258,-0.5986,0.4211,0.3523,2.0397,-1.7925,0.1321
2024,141,Kai Owen,Columbia,3,1,0.7091,30.0000,0.2909,0.0602,0.5932,0.0000,0.0000,0.0000,0.0000,-0.0204,-0.3421,-0.0000,-0.7325,0.0602,0.5853,0.0000,0.3778,0.6327,-0.9749,0.2909
2024,141,Kal Miller,Maryland,2,0,0.3279,31.0000,-0.3279,-0.0319,0.4951,0.0000,0.0000,-0.4168,0.0000,0.0001,-0.3743,0.0000,-0.0966,-0.0319,-0.0304,-0.4168,0.2479,0.1814,-0.5557,-0.3279
2024,141,Lachlan McNeil,North Carolina,4,3,2.1473,6.0000,0.8527,0.0717,-0.0579,0.0000,0.0000,0.0000,0.0000,-0.0026,0.8415,0.0000,0.0559,0.0717,1.0046,0.0000,-0.2794,1.9583,-1.1168,0.8527
2024,141,Malyke Hines,Lehigh,2,0,1.0896,19.0000,-1.0896,-0.0584,-0.8337,0.0000,0.0000,0.0000,0.0000,0.0109,-0.2084,0.0000,-0.4981,-0.0584,-1.1386,0.0000,0.6056,0.6958,-0.9042,-1.0896
2024,141,Mitch Moore,Rutgers,4,2,1.8906,15.0000,0.1094,-0.0360,-0.0798,0.0000,0.0000,-0.5663,0.0000,0.0006,0.6397,0.1514,-0.3458,-0.0360,0.3050,-0.5663,0.7527,1.5479,-0.9082,0.1094
2024,141,Real Woods,Iowa,7,5,5.3037,3.0000,-0.3037,0.1032,-0.0050,0.0000,0.0000,0.0000,0.0000,0.0081,-0.4100,0.0000,0.0740,0.1032,-0.6185,0.0000,0.1376,1.4988,-1.9087,-0.3037
2024,141,Ryan Jack,NC State,6,4,4.7533,4.0000,-0.7533,0.1161,-0.3297,0.0000,0.0000,0.0000,0.0000,-0.0461,0.0329,-0.5266,-0.9814,0.1161,-0.0902,0.0000,0.2022,0.8371,-0.8042,-0.7533
2024,141,Sergio Lemley,Michigan,3,1,1.8029,8.0000,-0.8029,-0.0841,-0.2429,0.0000,0.0000,0.0000,0.0000,0.0000,-0.4759,0.0000,0.1005,-0.0841,-1.3070,0.0000,0.4877,1.5808,-2.0567,-0.8029
2024,141,Tagen Jamison,Oklahoma State,2,0,1.1557,10.0000,-1.1557,0.0074,-0.6339,0.0000,0.0000,0.0000,0.0000,-0.0172,-0.5120,0.0000,-0.1762,0.0074,-0.9168,0.0000,-0.0701,1.0120,-1.5240,-1.1557
2024,141,Todd Carter,Gardner-Webb,2,0,0.2613,32.0000,-0.2613,-0.0061,-0.0913,0.0000,0.0000,0.0000,0.0000,0.0001,-0.1640,-0.0000,-0.0360,-0.0061,-0.1426,0.0000,-0.0766,0.2945,-0.4585,-0.2613
2024,141,Tom Crook,Virginia Tech,4,2,1.7106,20.0000,0.2894,-0.0453,0.2959,0.0000,0.0000,0.0000,0.0000,0.0090,0.0299,0.0000,-0.2891,-0.0453,0.2464,0.0000,0.3775,0.8396,-0.8097,0.2894
2024,141,Vance Vombaur,Minnesota,6,3,1.2845,26.0000,1.7155,0.0077,0.4288,0.0000,0.0000,1.1733,0.0000,0.0469,0.0589,-0.0001,-0.6934,0.0077,0.6060,1.1733,0.6219,2.0967,-2.0378,1.7155
2024,141,Wyatt Henson,Lock Haven,2,0,1.4435,12.0000,-1.4435,0.0209,-0.1934,0.0000,0.0000,-0.5642,0.0000,-0.0010,-0.7058,0.0000,-0.2867,0.0209,-0.5663,-0.5642,-0.0472,1.0018,-1.7076,-1.4435
2024,149,Alek Martin,South Dakota State,2,0,0.3215,29.0000,-0.3215,-0.0020,0.0004,0.0000,0.0000,0.0000,0.0000,0.0000,-0.0877,-0.2322,-0.0240,-0.0020,-0.2973,0.0000,0.0018,0.0035,-0.0912,-0.3215
2024,149,Austin Gomez,Michigan,5,4,2.7311,6.0000,1.2689,-0.0725,0.5932,0.0000,0.0000,0.0000,0.0000,-0.0000,0.7478,0.0003,-0.6673,-0.0725,1.8330,0.0000,0.1756,2.4851,-1.7373,1.2689
2024,149,Caleb Henson,Virginia Tech,5,5,3.1201,4.0000,1.8799,0.1143,0.3827,0.0000,0.0000,0.0000,0.0000,0.0065,1.3764,0.0000,0.2019,0.1143,1.3503,0.0000,0.2134,1.8802,-0.5039,1.8799
2024,149,Caleb Rathjen,Iowa,3,1,1.9249,13.0000,-0.9249,-0.0859,-0.3169,0.0000,0.0000,0.0000,0.0000,-0.0007,-0.7535,0.2322,-0.0977,-0.0859,-0.8691,0.0000,0.1278,0.6917,-1.4452,-0.9249
2024,149,Caleb Tyus,SIU Edwardsville,3,1,1.2781,24.0000,-0.2781,0.0550,-0.2008,0.0000,0.0000,0.0000,0.0000,0.0008,-0.1331,0.0000,-0.2637,0.0550,-0.2695,0.0000,0.2001,0.7155,-0.8487,-0.2781
2024,149,Casey Swiderski,Iowa State,6,4,3.0941,8.0000,0.9059,-0.0084,-0.2188,0.0000,0.0000,0.9363,0.0000,0.0038,0.1930,0.0000,-0.1624,-0.0084,0.1641,0.9363,-0.0237,1.6935,-1.5005,0.9059
2024,149,Chance Lamer,Cal Poly,4,2,2.2442,10.0000,-0.2442,0.0462,-0.4105,0.0000,0.0000,0.0000,0.0000,-0.0035,0.1235,0.0000,-0.2944,0.0462,0.3806,0.0000,-0.3766,1.1238,-1.0003,-0.2442
2024,149,Cody Bond,Appalachian State,4,2,1.9376,18.0000,0.0624,0.1569,-0.2671,0.0000,0.0000,0.0000,0.0000,-0.0034,0.1760,0.0000,-0.0914,0.1569,-0.5345,0.0000,0.5314,1.6331,-1.4570,0.0624
2024,149,Corbyn Munson,Central Michigan,2,0,1.3220,15.0000,-1.3220,-0.0105,-0.3892,0.0000,0.0000,0.0000,0.0000,-0.0001,-0.9222,0.0000,-0.3482,-0.0105,-0.8170,0.0000,-0.1463,0.1911,-1.1133,-1.3220
2024,149,Drew Roberts,Minnesota,2,0,0.4546,23.0000,-0.4546,0.0276,-0.0113,0.0000,0.0000,0.0000,0.0000,-0.0001,-0.4708,0.0000,-0.0888,0.0276,-0.4554,0.0000,0.0620,0.0767,-0.5475,-0.4546
2024,149,Dylan D`Emilio,Ohio State,5,3,2.2698,14.0000,0.7302,0.0505,0.6656,0.0000,0.0000,-0.4467,0.0000,-0.0140,0.4747,0.0000,-0.1805,0.0505,1.4533,-0.4467,-0.1464,1.6813,-1.2066,0.7302
2024,149,Ethan Fernandez,Cornell,3,1,1.6857,9.0000,-0.6857,0.0066,0.0226,0.0000,0.0000,-0.4896,0.0000,-0.0021,-0.0456,-0.1775,-0.2918,0.0066,-0.0391,-0.4896,0.1282,0.8090,-0.8546,-0.6857
2024,149,Ethen Miller,Maryland,3,1,2.1315,12.0000,-1.1315,0.0127,-0.2241,0.0000,0.0000,0.0000,0.0000,-0.0029,-0.9172,0.0000,-0.2185,0.0127,-0.4870,0.0000,-0.4387,1.3466,-2.2638,-1.1315
2024,149,Finn Solomon,Pittsburgh,3,1,0.5494,31.0000,0.4506,-0.0459,0.3897,0.0000,0.0000,0.0000,0.0000,-0.2492,0.3561,-0.0000,-0.0100,-0.0459,0.1592,0.0000,0.3474,0.6804,-0.3243,0.4506
2024,149,Gabe Willochell,Wyoming,4,2,1.1414,22.0000,0.8586,0.0561,0.3288,0.0000,0.0000,0.0000,0.0000,0.0142,0.4599,-0.0003,0.5599,0.0561,-0.3196,0.0000,0.5622,2.3692,-1.9093,0.8586
2024,149,Graham Rooks,Indiana,4,2,1.5554,17.0000,0.4446,0.0180,-0.0828,0.0000,0.0000,0.0000,0.0000,-0.0058,0.5152,0.0000,-0.0774,0.0180,0.5732,0.0000,-0.0692,1.2479,-0.7328,0.4446
2024,149,Jack Crook,Harvard,2,0,0.3628,27.0000,-0.3628,-0.0096,0.0819,0.0000,0.0000,0.0000,0.0242,-0.0000,-0.4593,-0.0000,-0.2975,-0.0096,-0.1575,0.0000,0.1017,0.1721,-0.6314,-0.3628
2024,149,Jackson Arrington,NC State,4,2,3.0604,3.0000,-1.0604,0.0491,-0.7509,0.0000,0.0000,0.0000,0.0000,-0.0212,-0.3375,0.0000,-0.0942,0.0491,-0.8777,0.0000,-0.1376,1.1416,-1.4790,-1.0604
2024,149,Jaden Abas,Stanford,5,3,1.3372,26.0000,1.6628,-0.1522,1.2273,0.0000,0.0000,0.0000,0.0000,0.0006,0.5908,-0.0036,-0.4852,-0.1522,1.6389,0.0000,0.6614,1.6631,-1.0723,1.6628
2024,149,Jordan Williams,Oklahoma State,4,2,1.3258,20.0000,0.6742,0.0625,0.1414,0.0000,0.0000,-0.4338,0.0000,0.0084,0.8957,0.0000,-0.3090,0.0625,1.2080,-0.4338,0.1465,1.9562,-1.0605,0.6742
2024,149,Joseph Zargo,Wisconsin,3,1,1.6080,19.0000,-0.6080,-0.0592,-0.0587,0.0000,0.0000,0.0000,0.0000,0.0000,-0.4901,-0.0000,-0.2218,-0.0592,-0.5878,0.0000,0.2607,0.5517,-1.0418,-0.6080
2024,149,Jude Swisher,Pennsylvania,2,0,0.3801,30.0000,-0.3801,0.0257,-0.0668,0.0000,0.0000,0.0000,0.0000,-0.0000,-0.3390,0.0000,-0.0704,0.0257,-0.4630,0.0000,0.1275,0.1294,-0.4684,-0.3801
2024,149,Kelvin Griffin,Lehigh,2,0,1.2950,16.0000,-1.2950,0.0679,-0.4696,0.0000,0.0000,0.0000,0.0000,0.0017,-0.8950,0.0000,-0.1458,0.0679,-1.2843,0.0000,0.0672,0.4385,-1.3335,-1.2950
2024,149,Kyle Parco,Arizona State,6,4,4.3935,2.0000,-0.3935,-0.0812,-0.7496,0.0000,0.0000,0.0000,0.0000,0.2437,0.5647,-0.3710,-0.5839,-0.0812,0.4478,0.0000,-0.1761,1.6590,-1.0943,-0.3935
2024,149,Logan Gioffre,Missouri,2,0,0.3417,28.0000,-0.3417,0.0024,0.0113,0.0000,0.0000,0.0000,-0.0038,-0.0000,-0.3517,-0.0000,-0.0623,0.0024,-0.3456,0.0000,0.0638,0.0638,-0.4155,-0.3417
2024,149,Matthew Williams,Army West Point,2,0,0.6768,25.0000,-0.6768,-0.0046,-0.1961,0.0000,0.0000,0.0000,0.0000,0.0007,-0.4769,0.0000,-0.0716,-0.0046,-0.6975,0.0000,0.0969,0.1305,-0.6074,-0.6768
2024,149,Michael Cetta,Rutgers,3,1,0.4992,33.0000,0.5008,-0.1333,0.4734,0.0000,0.0000,0.0000,0.0000,-0.0029,0.1722,-0.0086,-0.1025,-0.1333,0.6791,0.0000,0.0575,0.8965,-0.7243,0.5008
2024,149,Quinn Kinner,Rider,7,4,4.1377,11.0000,-0.1377,-0.0484,0.1980,0.0000,0.0000,0.4338,-0.0087,-0.0109,-0.7015,0.0000,-0.2137,-0.0484,-0.9423,0.4338,0.6328,1.9906,-2.6921,-0.1377
2024,149,Ridge Lovett,Nebraska,6,3,5.0354,1.0000,-2.0354,0.0148,-0.5132,0.0000,0.0000,0.0000,0.0000,-0.0090,-1.5365,0.0086,-0.0138,0.0148,-1.8338,0.0000,-0.2026,0.4013,-1.9378,-2.0354
2024,149,Ty Watters,West Virginia,7,5,4.5378,5.0000,0.4622,0.0380,-0.0195,0.0000,0.0000,0.0000,0.0038,-0.0379,0.1031,0.3747,0.3091,0.0380,-0.7269,0.0000,0.8420,1.2134,-1.1104,0.4622
2024,149,Tyler Kasak,Penn State,8,7,4.4396,7.0000,2.5604,-0.0325,0.7425,0.0000,0.0000,0.0000,0.0000,0.0821,1.5908,0.1775,-0.1655,-0.0325,2.0630,0.0000,0.6952,2.4911,-0.9003,2.5604
2024,149,Willie McDougald,Oklahoma,3,1,0.8078,21.0000,0.1922,-0.0584,-0.3129,0.0000,0.0000,0.0000,-0.0155,0.0013,0.5778,0.0000,0.0214,-0.0584,0.0542,0.0000,0.1750,1.1818,-0.6040,0.1922
2024,157,Brayton Lee,Indiana,4,2,2.4182,11.0000,-0.4182,-0.1293,-1.0066,0.0000,0.0000,0.8485,0.0000,-0.0365,-0.0943,0.0000,-0.1628,-0.1293,-1.1565,0.8485,0.1819,0.5092,-0.6035,-0.4182
2024,157,Brock Mauller,Missouri,2,0,1.2278,17.0000,-1.2278,0.0603,-0.5043,0.0000,0.0000,0.0000,0.0000,0.0000,-0.7838,0.0000,-0.3062,0.0603,-1.2846,0.0000,0.3027,0.5351,-1.3189,-1.2278
2024,157,Bryce Andonian,Virginia Tech,6,3,1.9173,12.0000,1.0827,0.1115,0.9851,0.0000,0.0000,-0.3096,0.0000,0.0049,0.7284,-0.4375,-0.5636,0.1115,1.8527,-0.3096,-0.0082,3.1669,-2.4385,1.0827
2024,157,Cael Swensen,South Dakota State,4,2,1.7780,15.0000,0.2220,-0.0537,-0.0906,0.0000,0.0000,-0.3384,0.0000,-0.0172,0.7218,0.0000,-0.1261,-0.0537,0.8492,-0.3384,-0.1091,1.3821,-0.6603,0.2220
2024,157,Chase Saldate,Michigan State,2,0,0.7429,24.0000,-0.7429,-0.0457,-0.3537,0.0000,0.0000,0.0000,0.0000,-0.0060,-0.3375,0.0000,-0.0827,-0.0457,-0.9574,0.0000,0.3429,0.2793,-0.6169,-0.7429
2024,157,Cody Chittum,Iowa State,3,1,1.8410,14.0000,-0.8410,0.0587,-0.2528,0.0000,0.0000,0.0000,0.0000,0.0012,-0.6482,0.0000,-0.0530,0.0587,-0.9714,0.0000,0.1246,1.8327,-2.4809,-0.8410
2024,157,Colton Washleski,Rider,2,0,0.3020,30.0000,-0.3020,-0.0042,0.0355,0.0000,0.0000,0.0000,0.0000,0.0000,-0.3328,-0.0004,-0.0105,-0.0042,-0.3382,0.0000,0.0510,0.0478,-0.3805,-0.3020
2024,157,DJ McGee,George Mason,3,1,1.0425,22.0000,-0.0425,0.1049,0.5683,0.0000,0.0000,-0.4211,0.0000,0.0329,-0.3275,0.0000,-0.1896,0.1049,0.3257,-0.4211,0.1377,-0.0586,-0.2688,-0.0425
2024,157,Daniel Cardenas,Stanford,6,4,3.0396,6.0000,0.9604,0.0149,0.2338,0.0000,0.0000,0.0000,0.0000,0.0150,0.5300,0.1667,0.2431,0.0149,0.3747,0.0000,0.3277,1.7504,-1.2204,0.9604
2024,157,Ed Scott,NC State,4,2,3.0243,4.0000,-1.0243,0.0109,-0.4393,0.0000,0.0000,0.0000,0.0000,0.0009,-0.3160,-0.2808,-0.5109,0.0109,-0.5840,0.0000,0.0598,1.5209,-1.8369,-1.0243
2024,157,Isaac Wilcox,Ohio State,3,1,0.4996,32.0000,0.5004,-0.0319,0.4268,0.0000,0.0000,0.0000,0.0000,0.0020,0.1035,0.0000,-0.0641,-0.0319,0.3976,0.0000,0.1989,1.1305,-1.0269,0.5004
2024,157,Jacori Teemer,Arizona State,5,4,3.6872,2.0000,0.3128,-0.1548,-0.4461,0.0000,0.0000,0.3384,0.0000,-0.0021,0.5774,0.0000,-0.1697,-0.1548,0.1678,0.3384,0.1312,1.2096,-0.6322,0.3128
2024,157,Jared Franek,Iowa,6,3,2.3933,10.0000,0.6067,-0.0093,0.8187,0.0000,0.0000,0.4061,0.0000,-0.0061,-0.6027,0.0000,-0.6380,-0.0093,0.4438,0.4061,0.4041,1.2621,-1.8647,0.6067
2024,157,Jared Hill,Oklahoma,2,0,0.4913,28.0000,-0.4913,0.0376,-0.1241,0.0000,0.0000,0.0000,0.0000,-0.0011,-0.4037,0.0000,-0.4158,0.0376,-0.1312,0.0000,0.0181,0.1119,-0.5156,-0.4913
2024,157,Joey Blaze,Purdue,2,0,0.8106,23.0000,-0.8106,-0.0042,0.1317,0.0000,0.0000,-0.9251,0.0000,0.0045,-0.0174,0.0000,0.0240,-0.0042,0.1198,-0.9251,-0.0250,0.1782,-0.1956,-0.8106
2024,157,Johnny Lovett,Central Michigan,5,3,1.2262,26.0000,1.7738,-0.1516,0.3850,0.0000,0.0000,1.1402,0.0000,-0.0028,0.4030,0.0000,0.1923,-0.1516,0.6707,1.1402,-0.0779,0.3889,0.0141,1.7738
2024,157,Legend Lamer,Cal Poly,3,1,0.7631,29.0000,0.2369,-0.0871,0.4538,0.0000,0.0000,0.0000,0.0000,0.0068,-0.1365,-0.0000,0.0083,-0.0871,0.0809,0.0000,0.2349,0.6270,-0.7636,0.2369
2024,157,Levi Haines,Penn State,5,5,4.3202,1.0000,0.6798,0.1016,-0.3959,0.0000,0.0000,0.3096,0.0000,-0.0027,0.6672,0.0000,-0.0244,0.1016,0.1683,0.3096,0.1247,1.4100,-0.7429,0.6798
2024,157,Lucas Revano,Pennsylvania,3,1,1.2564,21.0000,-0.2564,-0.0808,0.2465,0.0000,0.0000,-0.4274,0.0000,0.0020,0.0033,0.0000,-0.1477,-0.0808,0.0770,-0.4274,0.3225,0.5565,-0.5533,-0.2564
2024,157,Matty Bianchi,Little Rock,2,0,0.3279,31.0000,-0.3279,-0.0211,0.0157,0.0000,0.0000,0.0000,0.0000,-0.0001,-0.3224,0.0000,-0.1186,-0.0211,-0.3276,0.0000,0.1394,0.2288,-0.5511,-0.3279
2024,157,Max Brignola,Lehigh,2,0,1.0195,20.0000,-1.0195,0.0582,-0.7311,0.0000,0.0000,0.0000,0.0000,-0.0095,-0.3371,0.0000,-0.2405,0.0582,-0.7822,0.0000,-0.0550,0.4562,-0.7933,-1.0195
2024,157,Meyer Shapiro,Cornell,7,6,5.5225,3.0000,0.4775,0.0304,-0.2127,0.0000,0.0000,0.0000,0.0000,-0.0009,0.3864,0.2744,0.0378,0.0304,0.6512,0.0000,-0.2419,1.6463,-1.2599,0.4775
2024,157,Michael Blockhus,Minnesota,4,2,1.6835,13.0000,0.3165,-0.0205,0.3824,0.0000,0.0000,0.0000,0.0000,0.0003,-0.0457,0.0000,0.1223,-0.0205,0.0166,0.0000,0.1982,2.8097,-2.8555,0.3165
2024,157,Peyten Kellar,Ohio,8,6,4.9458,7.0000,1.0542,0.1751,-0.1758,0.0000,0.0000,0.0000,0.0000,0.0211,0.7563,0.2775,0.3538,0.1751,-0.5238,0.0000,1.0491,2.8018,-2.0455,1.0542
2024,157,Peyton Robb,Nebraska,6,4,3.2278,8.0000,0.7722,0.0581,0.2735,0.0000,0.0000,0.0000,0.0000,0.0401,0.4005,0.0000,-0.2609,0.0581,0.9222,0.0000,0.0528,2.1483,-1.7478,0.7722
2024,157,Ryder Downey,Northern Iowa,5,3,3.7994,5.0000,-0.7994,-0.0302,-0.6818,0.0000,0.0000,0.0000,0.0000,0.0003,-0.0877,0.0000,-0.2313,-0.0302,-0.8773,0.0000,0.3393,1.1206,-1.2083,-0.7994
2024,157,Sonny Santiago,North Carolina,2,0,0.5507,27.0000,-0.5507,0.0506,-0.2409,0.0000,0.0000,0.0000,0.0000,-0.0124,-0.3481,0.0000,-0.0566,0.0506,-0.5703,0.0000,0.0255,0.0542,-0.4023,-0.5507
2024,157,Teague Travis,Oklahoma State,4,2,1.8046,16.0000,0.1954,0.0355,-0.1045,0.0000,0.0000,0.0000,0.0000,0.0377,0.2267,-0.0000,-0.1331,0.0355,0.1026,0.0000,0.1904,0.6251,-0.3984,0.1954
2024,157,Tommy Askey,Appalachian State,5,3,1.8203,19.0000,1.1797,-0.0813,0.6534,0.0000,0.0000,0.0000,0.0000,-0.0169,0.6245,-0.0000,-0.5837,-0.0813,1.5401,0.0000,0.3046,1.6236,-0.9991,1.1797
2024,157,Trevor Chumbley,Northwestern,3,1,0.8522,25.0000,0.1478,-0.0832,0.1381,0.0000,0.0000,0.0000,0.0000,-0.0124,0.1054,0.0000,-0.3726,-0.0832,0.5633,0.0000,0.0403,0.4832,-0.3779,0.1478
2024,157,Vinny Zerban,Northern Colorado,3,1,1.6204,18.0000,-0.6204,-0.0309,0.1701,0.0000,0.0000,0.0000,0.0000,-0.0424,-0.7172,0.0000,-0.3577,-0.0309,-0.4798,0.0000,0.2481,0.5488,-1.2659,-0.6204
2024,157,Will Lewan,Michigan,3,1,2.0443,9.0000,-1.0443,0.1116,-0.1584,0.0000,0.0000,-0.6212,0.0000,-0.0004,-0.3758,0.0000,-0.2558,0.1116,-0.3398,-0.6212,0.0609,0.3629,-0.7387,-1.0443
2024,165,Andrew Cerniglia,Navy,4,2,2.6843,11.0000,-0.6843,-0.0233,-0.1776,0.0000,0.0000,0.0000,0.0000,-0.0185,-0.4649,-0.0000,-0.5478,-0.0233,0.3412,0.0000,-0.4544,0.8667,-1.3316,-0.6843
2024,165,Antrell Taylor,Nebraska,6,3,3.1166,8.0000,-0.1166,0.0800,-0.6177,0.0000,0.0000,0.0000,0.0000,-0.0297,0.4513,-0.0006,-0.4941,0.0800,0.5651,0.0000,-0.2677,1.5176,-1.0663,-0.1166
2024,165,Blaine Brenner,Minnesota,2,0,0.3628,27.0000,-0.3628,-0.0348,0.0218,0.0000,0.0000,0.0000,0.0000,-0.0001,-0.3497,0.0000,-0.0562,-0.0348,-0.2496,0.0000,-0.0222,0.0280,-0.3778,-0.3628
2024,165,Brevin Cassella,Binghamton,4,2,1.5415,15.0000,0.4585,-0.1149,0.8980,0.0000,0.0000,0.0000,0.0000,0.0707,-0.3953,0.0000,0.1544,-0.1149,-0.0365,0.0000,0.4554,0.2099,-0.6052,0.4585
2024,165,Caleb Fish,Michigan State,4,2,1.8351,21.0000,0.1649,-0.0162,-0.2993,0.0000,0.0000,0.4555,0.0000,-0.0011,0.0259,0.0000,-0.3935,-0.0162,-0.0006,0.4555,0.1197,0.7319,-0.7060,0.1649
2024,165,Cameron Amine,Michigan,4,2,2.0508,10.0000,-0.0508,0.0503,-0.2077,0.0000,0.0000,0.5313,0.0000,-0.0058,-0.4189,0.0000,0.0356,0.0503,-0.7404,0.5313,0.0724,0.6756,-1.0945,-0.0508
2024,165,Chris Moore,Illinois,2,0,0.4913,28.0000,-0.4913,0.0213,0.1676,0.0000,0.0000,-0.4555,0.0000,0.0010,-0.1786,-0.0472,-0.0291,0.0213,0.0272,-0.4555,-0.0552,0.4091,-0.5877,-0.4913
2024,165,Connor Brady,Virginia Tech,2,0,1.1591,18.0000,-1.1591,0.0210,-0.3681,0.0000,0.0000,-0.5832,0.0000,-0.0078,-0.2212,0.0000,-0.3493,0.0210,-0.3007,-0.5832,0.0529,0.3787,-0.5998,-1.1591
2024,165,David Carr,Iowa State,5,5,2.8948,4.0000,2.1052,0.0641,0.8989,0.0000,0.0000,0.0000,0.0000,0.0808,1.0613,0.0000,0.1495,0.0641,1.7674,0.0000,0.1241,2.5524,-1.4911,2.1052
2024,165,Dean Hamiti,Wisconsin,4,2,2.6143,5.0000,-0.6143,0.0126,-0.2577,0.0000,0.0000,-0.5270,0.0000,-0.0052,0.1160,0.0472,-0.0447,0.0126,-0.2203,-0.5270,0.1652,1.1965,-1.0805,-0.6143
2024,165,Derek Fields,NC State,2,0,0.8106,23.0000,-0.8106,-0.0314,0.1090,0.0000,0.0000,0.0000,0.0000,0.0024,0.0748,-0.9653,-0.8805,-0.0314,0.1068,0.0000,-0.0055,0.5033,-0.4285,-0.8106
2024,165,Domonic Baker,Campbell,3,1,0.8142,26.0000,0.1858,0.0038,-0.0668,0.0000,0.0000,0.0000,0.0000,-0.0004,-0.6865,0.9356,-0.0014,0.0038,-0.6382,0.0000,0.8216,0.0650,-0.7515,0.1858
2024,165,Evan Maag,George Mason,2,0,0.3215,29.0000,-0.3215,0.0005,0.0284,0.0000,0.0000,0.0000,0.0000,-0.0000,-0.3504,-0.0000,-0.0845,0.0005,-0.2441,0.0000,0.0066,0.0069,-0.3573,-0.3215
2024,165,Garrett Thompson,Ohio,3,1,1.4489,12.0000,-0.4489,0.0523,-0.2373,0.0000,0.0000,0.0000,0.0000,-0.0159,-0.2480,0.0000,-0.2702,0.0523,-0.3134,0.0000,0.0825,0.3130,-0.5609,-0.4489
2024,165,Giano Petrucelli,Air Force,5,3,2.2533,14.0000,0.7467,-0.0321,0.0878,0.0000,0.0000,0.0000,0.0000,-0.0374,0.6485,0.0799,0.1239,-0.0321,-0.0737,0.0000,0.7286,1.6726,-1.0242,0.7467
2024,165,Gunner Filipowicz,Army West Point,2,0,1.0896,19.0000,-1.0896,0.0088,-0.3474,0.0000,0.0000,0.0000,0.0000,-0.0005,-0.6705,-0.0799,-0.3610,0.0088,-0.8033,0.0000,0.0660,0.0822,-0.7527,-1.0896
2024,165,Holden Heller,Pittsburgh,3,1,0.8522,25.0000,0.1478,-0.0353,0.1629,0.0000,0.0000,0.0000,0.0000,0.0033,-0.8295,0.8464,0.0614,-0.0353,-0.7714,0.0000,0.8932,0.2338,-1.0632,0.1478
2024,165,Hunter Garvin,Stanford,8,5,2.3821,20.0000,2.6179,-0.0785,0.9896,0.0000,0.0000,0.0000,0.0019,0.0174,1.6876,0.0000,-0.3824,-0.0785,2.3411,0.0000,0.7377,2.6112,-0.9236,2.6179
2024,165,Izzak Olejnik,Oklahoma State,8,6,5.1253,7.0000,0.8747,0.0109,0.0040,0.0000,0.0000,-0.0043,0.0000,0.0329,0.8312,0.0000,0.3016,0.0109,0.4579,-0.0043,0.1086,2.3172,-1.4860,0.8747
2024,165,Jack Thomsen,Northern Iowa,2,0,0.2603,33.0000,-0.2603,-0.0309,0.1447,0.0000,0.0000,-0.3973,0.0000,-0.0025,0.0279,-0.0023,-0.0070,-0.0309,0.0988,-0.3973,0.0760,0.1209,-0.0930,-0.2603
2024,165,Joseph Bianchi,Little Rock,3,1,1.9249,13.0000,-0.9249,-0.0413,-0.2020,0.0000,0.0000,0.0000,0.0000,0.0302,-0.7119,0.0000,-0.2769,-0.0413,-0.5519,0.0000,-0.0548,0.5424,-1.2542,-0.9249
2024,165,Julian Ramirez,Cornell,4,2,3.1112,3.0000,-1.1112,-0.1212,-0.3726,0.0000,0.0000,0.0000,0.0000,0.0005,-0.6178,0.0000,-0.1859,-0.1212,-1.1267,0.0000,0.3225,0.7579,-1.3757,-1.1112
2024,165,Keegan O`Toole,Missouri,6,5,5.3060,1.0000,-0.3060,-0.0074,-0.3413,0.0000,0.0000,0.0000,-0.0019,0.0025,0.0393,0.0029,-0.0397,-0.0074,-0.2907,0.0000,0.0319,1.5609,-1.5216,-0.3060
2024,165,Maxx Mayfield,Northwestern,4,2,0.7297,31.0000,1.2703,0.0253,0.5318,0.0000,0.0000,0.5832,0.0000,0.0106,0.1195,-0.0000,-0.5715,0.0253,1.4290,0.5832,-0.1956,1.5452,-1.4257,1.2703
2024,165,Mike Caliendo,Iowa,6,4,3.0287,6.0000,0.9713,0.1656,0.2622,0.0000,0.0000,0.0000,0.0000,0.0002,0.5433,0.0000,-0.1035,0.1656,0.3994,0.0000,0.5099,2.5601,-2.0168,0.9713
2024,165,Mitchell Mesenbrink,Penn State,5,4,3.9774,2.0000,0.0226,-0.1080,-0.3435,0.0000,0.0000,0.0000,0.0000,-0.0815,0.5556,0.0000,-0.4052,-0.1080,0.5344,0.0000,0.0013,1.8231,-1.2675,0.0226
2024,165,Nick Hamilton,Virginia,3,1,0.7091,30.0000,0.2909,0.0178,0.0881,0.0000,0.0000,0.0000,0.0000,-0.0070,0.1920,0.0000,-0.1584,0.0178,0.2426,0.0000,0.1888,0.6593,-0.4673,0.2909
2024,165,Noah Mulvaney,Bucknell,3,1,0.9601,22.0000,0.0399,-0.0567,0.4359,0.0000,0.0000,0.0000,0.0000,0.0329,-0.3722,-0.0000,0.4923,-0.0567,-0.7491,0.0000,0.3534,0.8397,-1.2118,0.0399
2024,165,Peyton Hall,West Virginia,7,5,4.3608,9.0000,0.6392,0.1511,-0.0011,0.0000,0.0000,0.0000,0.0000,-0.0008,0.4602,0.0297,-0.7185,0.1511,0.4082,0.0000,0.7983,2.0461,-1.5859,0.6392
2024,165,Stoney Buell,Purdue,2,0,0.7429,24.0000,-0.7429,-0.0226,0.0183,0.0000,0.0000,0.0000,0.0000,-0.0000,0.1079,-0.8464,-0.8576,-0.0226,0.2236,0.0000,-0.0863,0.4581,-0.3502,-0.7429
2024,165,Tyler Lillard,Indiana,3,1,1.7019,17.0000,-0.7019,0.0264,-0.7291,0.0000,0.0000,0.3973,0.0000,-0.0640,-0.3325,0.0000,-0.2712,0.0264,-0.5664,0.3973,-0.2880,0.0614,-0.3939,-0.7019
2024,165,Will Miller,Appalachian State,3,1,1.3388,16.0000,-0.3388,0.0425,-0.2798,0.0000,0.0000,0.0000,0.0000,-0.0072,-0.0944,-0.0000,0.2674,0.0425,-1.2656,0.0000,0.6168,1.1174,-1.2117,-0.3388
2024,174,Adam Kemp,Cal Poly,4,2,2.7804,8.0000,-0.7804,0.0705,-0.9126,0.0000,0.0000,0.3870,0.0000,-0.0175,-0.3078,0.0000,-0.2268,0.0705,-0.6094,0.3870,-0.4017,1.1457,-1.4535,-0.7804
2024,174,Alex Cramer,Central Michigan,4,2,1.5711,19.0000,0.4289,0.0016,-0.0587,0.0000,0.0000,0.4362,0.0000,-0.0272,-0.1557,0.2327,0.3177,0.0016,-0.5886,0.4362,0.2621,0.4793,-0.6350,0.4289
2024,174,Alex Faison,NC State,3,1,0.7631,29.0000,0.2369,0.0547,0.4594,0.0000,0.0000,-0.4362,0.0000,-0.0050,0.1641,0.0000,0.0276,0.0547,0.9062,-0.4362,-0.3154,0.6113,-0.4472,0.2369
2024,174,Andrew Sparks,Minnesota,3,1,0.9874,24.0000,0.0126,0.0325,0.0846,0.0000,0.0000,0.0000,0.0000,-0.0082,-0.0964,0.0000,-0.3120,0.0325,0.2803,0.0000,0.0118,0.8963,-0.9927,0.0126
2024,174,Austin Murphy,Campbell,3,1,1.5882,11.0000,-0.5882,0.1790,-0.3321,0.0000,0.0000,-0.4471,0.0000,-0.0110,0.0229,0.0000,-0.2343,0.1790,0.3553,-0.4471,-0.4411,0.1571,-0.1342,-0.5882
2024,174,Benjamin Pasiuk,Army West Point,7,4,2.2435,18.0000,1.7565,0.0484,0.8498,0.0000,0.0000,0.0000,0.0000,0.0005,0.8578,0.0000,-0.0393,0.0484,1.9767,0.0000,-0.2294,2.9995,-2.1417,1.7565
2024,174,Benny Baker,Cornell,2,0,0.6126,26.0000,-0.6126,-0.0519,-0.2078,0.0000,0.0000,0.0000,0.0000,-0.0026,-0.3504,0.0000,-0.2065,-0.0519,-0.4448,0.0000,0.0905,0.1041,-0.4545,-0.6126
2024,174,Brayden Thompson,Oklahoma State,2,0,0.6768,25.0000,-0.6768,-0.0837,-0.1957,0.0000,0.0000,0.0000,0.0000,0.0009,-0.3983,0.0000,-0.1114,-0.0837,-0.6753,0.0000,0.1937,0.2723,-0.6706,-0.6768
2024,174,Brody Conley,West Virginia,2,0,1.0195,20.0000,-1.0195,-0.0440,-0.5625,0.0000,0.0000,0.0000,0.0000,0.0009,-0.4139,0.0000,-0.1182,-0.0440,-1.0051,0.0000,0.1478,0.3181,-0.7320,-1.0195
2024,174,Cade DeVos,South Dakota State,7,5,5.4075,2.0000,-0.4075,0.1814,-0.9824,0.0000,0.0000,0.0000,0.0000,0.0338,0.3596,0.0000,-0.2940,0.1814,-0.6582,0.0000,0.3633,1.7045,-1.3449,-0.4075
2024,174,Cael Valencia,Arizona State,2,0,0.2603,33.0000,-0.2603,-0.0026,-0.0137,0.0000,0.0000,0.0000,0.0000,-0.0019,-0.2421,0.0000,-0.0160,-0.0026,-0.2843,0.0000,0.0425,0.1771,-0.4193,-0.2603
2024,174,Carter Starocci,Penn State,5,5,2.1027,9.0000,2.8973,-0.0310,1.9397,0.0000,0.0000,0.0000,0.0000,0.0274,0.9613,0.0000,0.6563,-0.0310,1.9007,0.0000,0.3713,1.4112,-0.4499,2.8973
2024,174,Danny Wask,Navy,4,2,1.2214,27.0000,0.7786,-0.0882,0.3767,0.0000,0.0000,0.5382,0.0000,0.0114,-0.0594,0.0000,-0.2226,-0.0882,0.1797,0.5382,0.3716,0.9911,-1.0505,0.7786
2024,174,Edmond Ruth,Illinois,6,4,4.5343,3.0000,-0.5343,-0.0452,-0.7586,0.0000,0.0000,-0.5526,0.0000,-0.0221,0.8442,0.0000,-0.0277,-0.0452,0.1415,-0.5526,-0.0503,1.8867,-1.0425,-0.5343
2024,174,Gaven Sax,North Dakota State,5,3,2.7095,14.0000,0.2905,0.0363,-0.0387,0.0000,0.0000,0.0000,0.0000,0.0344,0.4911,-0.2326,-0.1048,0.0363,0.1084,0.0000,0.2506,1.2229,-0.7318,0.2905
2024,174,Jackson Turley,Rutgers,3,1,1.0703,16.0000,-0.0703,0.0053,0.1155,0.0000,0.0000,0.0000,0.0000,0.0005,-0.1916,0.0000,-0.1240,0.0053,-0.1344,0.0000,0.1828,0.7313,-0.9229,-0.0703
2024,174,Jared Simma,Northern Iowa,4,2,0.9144,28.0000,1.0856,-0.0850,0.2604,0.0000,0.0000,0.0000,0.0000,0.0159,0.8943,0.0000,1.6067,-0.0850,-0.5693,0.0000,0.1333,2.8347,-1.9404,1.0856
2024,174,Justin McCoy,Virginia,3,1,1.4019,13.0000,-0.4019,-0.0498,0.0194,0.0000,0.0000,0.0000,0.0000,-0.0368,-0.3348,0.0000,-0.2909,-0.0498,0.0211,0.0000,-0.0823,0.6894,-1.0242,-0.4019
2024,174,Lennox Wolak,Columbia,6,3,2.5566,7.0000,0.4434,-0.1251,0.8588,0.0000,0.0000,-0.4874,0.0000,0.0227,0.1744,0.0000,-0.3856,-0.1251,1.0696,-0.4874,0.3719,1.1154,-0.9411,0.4434
2024,174,Luca Augustine,Pittsburgh,3,1,1.0281,23.0000,-0.0281,0.0702,0.2667,0.0000,0.0000,-0.3870,0.0000,0.0036,0.0184,0.0000,-0.1174,0.0702,0.2704,-0.3870,0.1357,0.4321,-0.4137,-0.0281
2024,174,MJ Gaitan,Iowa State,5,3,2.3561,15.0000,0.6439,-0.0499,0.4351,0.0000,0.0000,0.0000,0.0000,0.0180,0.1655,0.0751,-0.0158,-0.0499,0.4130,0.0000,0.2966,2.3258,-2.1603,0.6439
2024,174,Max Maylor,Wisconsin,3,1,1.7608,17.0000,-0.7608,-0.0739,-0.1696,0.0000,0.0000,0.0000,0.0000,0.0001,-0.5175,0.0000,-0.1246,-0.0739,-0.7456,0.0000,0.1833,0.5701,-1.0876,-0.7608
2024,174,Mekhi Lewis,Virginia Tech,7,5,6.2338,1.0000,-1.2338,0.0563,-0.8642,0.0000,0.0000,0.0000,0.0000,0.0023,-0.4282,0.0000,0.0218,0.0563,-1.3669,0.0000,0.0550,1.2600,-1.6882,-1.2338
2024,174,Michael Wilson,Rider,2,0,0.2826,31.0000,-0.2826,0.0329,-0.0037,0.0000,0.0000,0.0000,0.0000,0.0000,-0.2367,-0.0751,-0.1781,0.0329,-0.2120,0.0000,0.0746,0.0754,-0.3120,-0.2826
2024,174,Myles Takats,Bucknell,2,0,0.3020,30.0000,-0.3020,-0.0265,0.2164,0.0000,0.0000,0.0000,0.0000,0.0007,-0.4925,-0.0001,-0.1183,-0.0265,-0.2335,0.0000,0.0763,0.0865,-0.5790,-0.3020
2024,174,Nick Incontrera,Pennsylvania,4,2,2.5777,10.0000,-0.5777,-0.0189,-0.2580,0.0000,0.0000,0.0000,0.0000,-0.0279,-0.2729,0.0000,-0.2874,-0.0189,-0.5129,0.0000,0.2415,0.6622,-0.9351,-0.5777
2024,174,Patrick Kennedy,Iowa,5,3,2.1851,12.0000,0.8149,-0.1123,1.2588,0.0000,0.0000,0.0000,0.0000,0.0959,-0.4275,0.0001,0.5044,-0.1123,0.1796,0.0000,0.2433,1.7767,-2.2041,0.8149
2024,174,Peyton Mocco,Missouri,2,0,0.8795,22.0000,-0.8795,0.0131,-0.3521,0.0000,0.0000,0.0000,0.0000,-0.0287,-0.5118,0.0000,-0.2357,0.0131,-0.6846,0.0000,0.0277,0.0191,-0.5308,-0.8795
2024,174,Philip Conigliaro,Harvard,2,0,1.5868,5.0000,-1.5868,0.0384,-0.5288,0.0000,0.0000,0.0000,0.0000,-0.0007,-1.0956,-0.0001,-0.6299,0.0384,-0.7701,0.0000,-0.2253,0.1026,-1.1982,-1.5868
2024,174,Rocco Welsh,Ohio State,5,4,2.9920,6.0000,1.0080,-0.1045,-0.3720,0.0000,0.0000,1.4871,0.0000,-0.0091,0.0064,0.0000,-0.1642,-0.1045,-0.3795,1.4871,0.1690,0.2141,-0.2077,1.0080
2024,174,Shane Griffith,Michigan,6,5,3.8398,4.0000,1.1602,0.1554,-0.5741,0.0000,0.0000,0.0000,0.0000,-0.0393,1.6183,0.0000,-0.0082,0.1554,1.5241,0.0000,-0.5111,2.3889,-0.7707,1.1602
2024,174,Tyler Eischens,North Carolina,3,1,1.5541,21.0000,-0.5541,0.0165,0.0440,0.0000,0.0000,-0.5382,0.0000,-0.0311,-0.0453,0.0000,0.0775,0.0165,0.5478,-0.5382,-0.6577,2.3750,-2.4204,-0.5541
2024,184,Aaron Ayzerov,Columbia,3,1,1.4019,13.0000,-0.4019,-0.0386,-0.0146,0.0000,0.0000,0.0000,0.0000,0.0056,-0.3407,-0.0136,-0.3374,-0.0386,-0.1637,0.0000,0.1378,0.3406,-0.6813,-0.4019
2024,184,Anthony D`Alesio,LIU,2,0,0.2613,32.0000,-0.2613,0.0062,0.0300,0.0000,0.0000,0.0000,0.0000,-0.0012,-0.2050,-0.0913,-0.1040,0.0062,-0.1608,0.0000,-0.0028,-0.0018,-0.2032,-0.2613
2024,184,Bennett Berge,South Dakota State,8,6,4.3562,9.0000,1.6438,0.0408,0.1190,0.0000,0.0000,0.0000,0.0000,-0.0047,1.4886,0.0000,-0.7520,0.0408,1.9638,0.0000,0.3912,3.8708,-2.3821,1.6438
2024,184,Bernie Truax,Penn State,7,5,3.7159,6.0000,1.2841,-0.0517,0.8312,0.0000,0.0000,0.0000,0.0508,0.0054,0.5756,-0.1271,-0.4474,-0.0517,0.9964,0.0000,0.7868,1.8628,-1.2872,1.2841
2024,184,Brian Soldano,Rutgers,1,0,0.3277,21.0000,-0.3277,-0.0254,-0.0799,0.0000,0.0000,0.0000,0.0000,-0.0005,-0.2218,-0.0002,0.0746,-0.0254,-0.3078,0.0000,-0.0692,0.2962,-0.5180,-0.3277
2024,184,Caleb Hopkins,Campbell,2,0,0.3254,28.0000,-0.3254,-0.0158,0.2071,0.0000,0.0000,0.0000,-0.0140,-0.0001,-0.5026,-0.0000,0.3524,-0.0158,-0.2526,0.0000,-0.4095,0.6625,-1.1651,-0.3254
2024,184,Cameron Pine,Clarion,2,0,0.5507,27.0000,-0.5507,-0.0447,-0.0366,0.0000,0.0000,0.0000,0.0000,-0.0000,-0.4694,-0.0000,0.0215,-0.0447,-0.2231,0.0000,-0.3044,0.5174,-0.9868,-0.5507
2024,184,Chris Foca,Cornell,5,3,2.6238,14.0000,0.3762,-0.0023,0.2046,0.0000,0.0000,0.0000,0.0000,-0.0189,0.1793,0.0137,-0.1599,-0.0023,-0.0447,0.0000,0.5831,1.5739,-1.3946,0.3762
2024,184,Colton Hawks,Missouri,5,3,3.4012,11.0000,-0.4012,0.1280,-1.5149,0.0000,0.0000,0.3784,0.0140,0.0028,0.5905,0.0000,-0.9676,0.1280,-0.0813,0.3784,0.1414,2.0544,-1.4639,-0.4012
2024,184,David Key,Navy,6,3,1.3533,25.0000,1.6467,0.0479,0.9733,0.0000,0.0000,0.0000,0.0000,0.0026,0.6230,-0.0000,-0.1406,0.0479,1.1037,0.0000,0.6357,1.5108,-0.8879,1.6467
2024,184,Dustin Plott,Oklahoma State,5,4,3.1345,3.0000,0.8655,0.0611,0.0881,0.0000,0.0000,0.0000,-0.0508,0.0000,0.7670,0.0000,-0.1002,0.0611,0.7752,0.0000,0.1293,1.5392,-0.7723,0.8655
2024,184,Dylan Fishback,NC State,5,3,3.3074,10.0000,-0.3074,-0.0971,-0.9786,0.0000,0.0000,0.3879,0.0000,0.0087,0.3717,0.0000,-0.3320,-0.0971,-0.2795,0.3879,0.0133,0.8533,-0.4817,-0.3074
2024,184,Gavin Kane,North Carolina,3,1,1.1916,22.0000,-0.1916,-0.0092,-0.0473,0.0000,0.0000,0.0000,0.0000,0.0001,-0.1352,0.0000,-0.0996,-0.0092,-0.7038,0.0000,0.6211,1.4055,-1.5408,-0.1916
2024,184,Isaiah Salazar,Minnesota,6,3,4.6714,2.0000,-1.6714,0.0308,-1.0362,0.0000,0.0000,0.3196,0.0000,0.0245,-1.0102,0.0000,-0.3433,0.0308,-2.1701,0.3196,0.4915,1.1006,-2.1107,-1.6714
2024,184,Jacob Nolan,Binghamton,2,0,1.0195,20.0000,-1.0195,0.0706,-0.3772,0.0000,0.0000,0.0000,0.0000,-0.0079,-0.7050,0.0000,-0.0982,0.0706,-0.9524,0.0000,-0.0394,0.2528,-0.9578,-1.0195
2024,184,Jaden Bullock,Michigan,4,2,2.2047,12.0000,-0.2047,0.0771,0.2475,0.0000,0.0000,0.0000,0.0000,-0.0029,-0.5266,0.0002,-0.0848,0.0771,-0.2300,0.0000,0.0329,1.2019,-1.7285,-0.2047
2024,184,James Conway,Franklin and Marshall,3,1,1.2103,19.0000,-0.2103,0.0403,-0.3710,0.0000,0.0000,0.0000,0.0000,0.0013,0.1192,0.0000,-0.0352,0.0403,-0.2618,0.0000,0.0465,1.0921,-0.9729,-0.2103
2024,184,Jha`Quan Anderson,Gardner-Webb,4,2,0.9638,29.0000,1.0362,-0.1217,0.8673,0.0000,0.0000,-0.3784,0.0000,-0.0060,0.6749,-0.0000,-0.0557,-0.1217,1.3740,-0.3784,0.2180,1.4267,-0.7518,1.0362
2024,184,Layne Malczewski,Michigan State,3,1,0.6924,23.0000,0.3076,0.1652,0.7903,0.0000,0.0000,0.0000,0.0000,0.0005,-0.6485,0.0000,0.1363,0.1652,-0.1272,0.0000,0.1333,0.7536,-1.4021,0.3076
2024,184,Lenny Pinto,Nebraska,4,2,2.6721,5.0000,-0.6721,-0.0621,-0.6852,0.0000,0.0000,0.0000,0.0000,0.0021,0.0731,0.0000,-0.2634,-0.0621,-0.4447,0.0000,0.0982,1.6532,-1.5802,-0.6721
2024,184,Malachi DuVall,George Mason,2,0,0.3020,30.0000,-0.3020,-0.0067,-0.0072,0.0000,0.0000,0.0000,0.0000,-0.0001,-0.2880,-0.0000,-0.0825,-0.0067,-0.2151,0.0000,0.0023,0.0081,-0.2961,-0.3020
2024,184,Maximus Hale,Pennsylvania,2,0,0.3848,26.0000,-0.3848,0.0017,0.1450,0.0000,0.0000,-0.3879,0.0000,0.0039,-0.0846,-0.0629,-0.1416,0.0017,0.1094,-0.3879,0.0336,0.1302,-0.2149,-0.3848
2024,184,Nate Dugan,Princeton,4,2,2.1647,16.0000,-0.1647,-0.0605,0.1041,0.0000,0.0000,0.0000,0.0000,-0.0028,-0.2256,0.0201,-0.3364,-0.0605,-0.0122,0.0000,0.2444,0.9079,-1.1335,-0.1647
2024,184,Parker Keckeisen,Northern Iowa,5,5,4.3634,1.0000,0.6366,0.0204,-0.0239,0.0000,0.0000,0.0000,0.0000,0.0014,0.6387,0.0000,-0.1030,0.0204,0.6905,0.0000,0.0287,0.7752,-0.1364,0.6366
2024,184,Reece Heller,Pittsburgh,3,1,1.8618,15.0000,-0.8618,0.0576,-0.4629,0.0000,0.0000,0.0000,0.0000,-0.0002,-0.1924,-0.2639,-0.1809,0.0576,-0.7857,0.0000,0.0473,1.0139,-1.2063,-0.8618
2024,184,Ryder Rogotzke,Ohio State,3,1,1.0114,18.0000,-0.0114,0.0121,-0.0206,0.0000,0.0000,-0.3196,0.0000,0.0035,-0.3158,0.6290,0.1361,0.0121,-0.6702,-0.3196,0.8303,0.5684,-0.8842,-0.0114
2024,184,Sam Wolf,Air Force,2,0,1.3345,8.0000,-1.3345,-0.0258,-0.2629,0.0000,0.0000,0.0000,0.0000,0.0009,-1.0467,0.0000,-0.0807,-0.0258,-1.2652,0.0000,0.0372,0.1266,-1.1733,-1.3345
2024,184,Shane Liegel,Wisconsin,3,1,0.9874,24.0000,0.0126,-0.0670,0.4527,0.0000,0.0000,0.0000,0.0000,-0.0178,-0.3553,0.0000,-0.0233,-0.0670,-0.1707,0.0000,0.2735,0.6640,-1.0193,0.0126
2024,184,Thomas Stewart Jr,Virginia Tech,6,4,3.8576,7.0000,0.1424,-0.1175,-0.1534,0.0000,0.0000,0.0000,0.0000,0.0044,0.3460,0.0629,-0.5117,-0.1175,0.5750,0.0000,0.1966,1.7153,-1.3693,0.1424
2024,184,Tony Negron,Arizona State,2,0,0.2826,31.0000,-0.2826,-0.0169,0.2556,0.0000,0.0000,0.0000,0.0000,-0.0162,-0.1399,-0.3652,-0.2864,-0.0169,0.5244,0.0000,-0.5037,0.5053,-0.6452,-0.2826
2024,184,Trey Munoz,Oregon State,6,5,3.7076,4.0000,1.2924,0.0085,0.4656,0.0000,0.0000,0.0000,0.0000,0.0134,0.6777,0.1272,-0.1666,0.0085,0.9191,0.0000,0.5314,1.6473,-0.9695,1.2924
2024,184,Will Feldkamp,Iowa State,4,2,1.3572,17.0000,0.6428,-0.0055,0.2908,0.0000,0.0000,0.0000,0.0000,-0.0017,0.2879,0.0712,0.0089,-0.0055,0.4909,0.0000,0.1484,1.1114,-0.8235,0.6428
2024,197,Aaron Brooks,Penn State,5,5,4.3269,1.0000,0.6731,0.0117,-0.0688,0.0000,0.0000,0.0000,-0.0001,0.0000,0.7012,0.0290,-0.0234,0.0117,0.6005,0.0000,0.0842,0.7210,-0.0198,0.6731
2024,197,Andy Smith,Virginia Tech,5,3,1.3174,26.0000,1.6826,0.0319,0.4607,0.0000,0.0000,0.6415,0.0000,0.0055,0.5430,0.0000,-0.1722,0.0319,0.8425,0.6415,0.3389,1.1800,-0.6370,1.6826
2024,197,Benjamin Smith,Cleveland State,2,0,0.6768,25.0000,-0.6768,-0.0118,-0.2230,0.0000,0.0000,0.0000,0.0000,-0.0122,-0.4297,-0.0000,-0.2852,-0.0118,-0.1936,0.0000,-0.1862,0.3319,-0.7617,-0.6768
2024,197,Cole Urbas,Pennsylvania,3,1,1.2781,24.0000,-0.2781,-0.0127,0.1592,0.0000,0.0000,0.0000,0.0000,0.0121,-0.4366,-0.0000,0.1370,-0.0127,-0.7847,0.0000,0.3823,0.6281,-1.0647,-0.2781
2024,197,Evan Bates,Northwestern,2,0,0.2463,33.0000,-0.2463,0.0441,0.0401,0.0000,0.0000,0.0000,0.0000,-0.0086,-0.3219,-0.0000,-0.0504,0.0441,0.3963,0.0000,-0.6363,0.3569,-0.6788,-0.2463
2024,197,Evan Bockman,Utah Valley,3,1,1.0030,20.0000,-0.0030,-0.0279,-0.3192,0.0000,0.0000,0.5497,0.0000,-0.0012,-0.2045,0.0000,-0.4156,-0.0279,-0.1491,0.5497,0.0398,0.6803,-0.8849,-0.0030
2024,197,Garrett Joles,Minnesota,3,1,0.9601,22.0000,0.0399,0.0070,0.4041,0.0000,0.0000,0.0000,0.0000,-0.0046,-0.3666,-0.0000,-0.0254,0.0070,-0.3811,0.0000,0.4394,1.0393,-1.4059,0.0399
2024,197,Jack Wehmeyer,Columbia,2,0,0.4913,28.0000,-0.4913,0.0146,-0.0946,0.0000,0.0000,0.0000,0.0084,-0.0051,-0.4146,0.0000,-0.1093,0.0146,-0.4792,0.0000,0.0825,0.0930,-0.5076,-0.4913
2024,197,Jacob Cardenas,Cornell,8,6,5.6661,5.0000,0.3339,-0.0059,-0.5463,0.0000,0.0000,0.0000,-0.0084,-0.0024,0.7587,0.1383,-0.5531,-0.0059,0.9237,0.0000,-0.0307,1.5992,-0.8406,0.3339
2024,197,Jaxon Smith,Maryland,3,1,1.8040,11.0000,-0.8040,-0.1023,-0.5257,0.0000,0.0000,0.0000,0.0000,0.0002,-0.1762,0.0000,-0.3109,-0.1023,-0.3021,0.0000,-0.0888,0.9694,-1.1456,-0.8040
2024,197,John Poznanski,Rutgers,5,3,2.5269,14.0000,0.4731,-0.0274,0.1240,0.0000,0.0000,0.0048,0.0000,-0.0000,0.3717,0.0000,-0.2568,-0.0274,0.5223,0.0048,0.2302,1.4401,-1.0684,0.4731
2024,197,Joseph Novak,Wyoming,4,2,1.3332,17.0000,0.6668,0.0354,0.0303,0.0000,0.0000,0.0000,0.0000,0.0001,0.6106,-0.0096,-0.1598,0.0354,0.2334,0.0000,0.5577,1.9431,-1.3324,0.6668
2024,197,Justin Rademacher,Oregon State,3,1,0.5695,29.0000,0.4305,0.0368,0.4373,0.0000,0.0000,0.0000,0.0000,-0.0010,-0.0427,-0.0000,-0.1403,0.0368,0.2931,0.0000,0.2409,1.1803,-1.2229,0.4305
2024,197,Krystian Kinsey,Virginia,2,0,0.2826,31.0000,-0.2826,-0.0030,-0.0944,0.0000,0.0000,0.0000,0.0000,-0.0018,-0.1833,-0.0000,-0.0415,-0.0030,-0.2422,0.0000,0.0041,0.0086,-0.1919,-0.2826
2024,197,Levi Hopkins,Campbell,2,0,1.4032,13.0000,-1.4032,-0.0231,-0.5437,0.0000,0.0000,-0.5497,0.0000,-0.0021,-0.2845,0.0000,-0.1608,-0.0231,-0.8028,-0.5497,0.1332,0.9795,-1.2640,-1.4032
2024,197,Lou Deprez,Binghamton,4,2,2.6274,6.0000,-0.6274,-0.0320,0.1284,0.0000,0.0000,-0.5343,0.0000,0.0098,-0.1992,0.0000,-0.0833,-0.0320,-0.0718,-0.5343,0.0940,0.0235,-0.2227,-0.6274
2024,197,Luke Geog,Ohio State,2,0,0.4546,23.0000,-0.4546,0.0085,-0.0846,0.0000,0.0000,0.0000,0.0000,-0.0103,-0.3682,0.0000,-0.0789,0.0085,-0.3289,0.0000,-0.0553,0.4052,-0.7733,-0.4546
2024,197,Luke Stout,Princeton,3,1,1.8337,16.0000,-0.8337,-0.0076,-0.3192,0.0000,0.0000,0.0000,0.0000,0.0016,-0.5085,0.0000,0.1932,-0.0076,-1.4521,0.0000,0.4328,1.1156,-1.6242,-0.8337
2024,197,Luke Surber,Oklahoma State,2,0,0.3628,27.0000,-0.3628,0.0481,-0.1498,0.0000,0.0000,0.0000,0.0000,-0.0044,-0.2568,0.0000,-0.0658,0.0481,-0.3591,0.0000,0.0140,0.0524,-0.3091,-0.3628
2024,197,Mac Stout,Pittsburgh,4,2,1.8351,21.0000,0.1649,0.0358,0.1593,0.0000,0.0000,-0.4515,0.0000,-0.0160,0.4373,0.0000,-0.4816,0.0358,0.8550,-0.4515,0.2071,1.4881,-1.0508,0.1649
2024,197,Max Shaw,North Carolina,3,1,1.8618,15.0000,-0.8618,0.0760,-0.4332,0.0000,0.0000,0.0000,0.0000,-0.0067,-0.4979,0.0000,-0.3274,0.0760,-0.1211,0.0000,-0.4892,0.9031,-1.4010,-0.8618
2024,197,Michael Beard,Lehigh,6,3,4.7089,4.0000,-1.7089,0.0622,-0.9685,0.0000,0.0000,0.0000,0.1256,-0.0004,-0.9278,0.0000,-0.5292,0.0622,-1.4636,0.0000,0.2217,0.6975,-1.6253,-1.7089
2024,197,Nikolas Stemmet,Stanford,4,2,1.6517,18.0000,0.3483,-0.1496,0.6091,0.0000,0.0000,0.0000,0.0000,0.0154,-0.1266,-0.0000,0.1525,-0.1496,0.0038,0.0000,0.3416,1.2649,-1.3916,0.3483
2024,197,Rocky Elam,Missouri,6,3,1.8504,12.0000,1.1496,-0.0537,1.0761,0.0000,0.0000,0.0000,0.0001,0.0224,0.1047,-0.0000,0.3994,-0.0537,0.2125,0.0000,0.5914,0.8092,-0.7045,1.1496
2024,197,Sam Mitchell,Buffalo,2,0,0.3801,30.0000,-0.3801,0.0006,-0.0155,0.0000,0.0000,0.0000,0.0000,-0.0002,-0.3648,-0.0001,-0.0561,0.0006,-0.3633,0.0000,0.0388,0.0390,-0.4038,-0.3801
2024,197,Silas Allred,Nebraska,4,2,2.0619,10.0000,-0.0619,0.0774,-0.0925,0.0000,0.0000,0.0000,0.0000,0.0035,-0.0503,0.0000,-0.1863,0.0774,-0.2521,0.0000,0.2992,1.0341,-1.0844,-0.0619
2024,197,Stephen Buchanan,Oklahoma,7,6,3.1627,8.0000,2.8373,0.1202,1.2051,0.0000,0.0000,0.4467,-0.1256,0.0013,1.2088,-0.0193,-0.4915,0.1202,1.7695,0.4467,0.9924,2.1192,-0.9104,2.8373
2024,197,Stephen Little,Little Rock,7,5,3.4562,9.0000,1.5438,-0.0576,0.1437,0.0000,0.0000,1.0561,0.0000,-0.0040,0.5439,-0.1383,-0.6247,-0.0576,0.9324,1.0561,0.2376,1.6000,-1.0561,1.5438
2024,197,Tanner Sloan,South Dakota State,6,4,4.2867,3.0000,-0.2867,0.0541,-0.7904,0.0000,0.0000,0.0000,0.0000,0.0018,0.4477,0.0001,-0.6340,0.0541,-0.0814,0.0000,0.3746,1.1608,-0.7131,-0.2867
2024,197,Trent Hidlay,NC State,5,4,3.5795,2.0000,0.4205,-0.0584,0.1202,0.0000,0.0000,0.0000,0.0000,0.0045,0.3541,0.0000,-0.1718,-0.0584,0.5073,0.0000,0.1433,1.0950,-0.7409,0.4205
2024,197,Wyatt Voelker,Northern Iowa,4,2,1.8030,19.0000,0.1970,-0.0370,0.3922,0.0000,0.0000,0.0000,0.0000,0.0002,-0.1583,0.0000,-0.1180,-0.0370,-0.2073,0.0000,0.5594,1.0579,-1.2162,0.1970
2024,197,Zach Glazier,Iowa,3,1,2.1980,7.0000,-1.1980,-0.0544,-0.2203,0.0000,0.0000,-1.1632,0.0000,0.0028,0.2371,0.0000,-0.0459,-0.0544,-0.0571,-1.1632,0.1225,0.5087,-0.2715,-1.1980
2024,285,Bennett Tabor,Minnesota,2,0,0.3279,31.0000,-0.3279,0.0354,-0.0444,0.0000,0.0000,0.0000,0.0000,-0.0000,-0.3120,-0.0068,-0.1359,0.0354,-0.4000,0.0000,0.1727,0.6602,-0.9722,-0.3279
2024,285,Boone McDermott,Oregon State,2,0,1.3626,14.0000,-1.3626,-0.0525,-0.6696,0.0000,0.0000,0.0000,0.0441,0.0899,-0.3956,-0.3788,-0.4232,-0.0525,-0.7481,0.0000,-0.1388,0.4424,-0.8380,-1.3626
2024,285,Bradley Hill,Iowa,3,1,0.9252,25.0000,0.0748,0.0260,0.2520,0.0000,0.0000,0.0000,0.0000,-0.0015,-0.2017,0.0000,-0.3475,0.0260,0.0952,0.0000,0.3012,0.7353,-0.9369,0.0748
2024,285,Cohlton Schultz,Arizona State,6,3,3.7076,4.0000,-0.7076,0.1557,-0.7718,0.0000,0.0000,0.4830,0.0000,-0.1248,-0.4497,0.0000,-0.6176,0.1557,-0.3415,0.4830,-0.3872,0.4096,-0.8593,-0.7076
2024,285,Cory Day,Binghamton,4,2,2.0533,16.0000,-0.0533,0.1684,-0.1963,0.0000,0.0000,-0.1101,0.0000,-0.0896,-0.3625,0.5368,0.3446,0.1684,-0.0652,-0.1101,-0.3910,0.4783,-0.8408,-0.0533
2024,285,Daniel Bucknavich,Cleveland State,3,1,1.5010,20.0000,-0.5010,0.1083,-0.1423,0.0000,0.0000,0.4427,0.0000,-0.0188,-0.8909,0.0000,-0.2766,0.1083,-0.9964,0.4427,0.2210,0.4185,-1.3094,-0.5010
2024,285,David Szuba,Rider,3,1,1.6400,18.0000,-0.6400,-0.0333,-0.0551,0.0000,0.0000,0.0000,0.0000,0.0000,-0.4722,-0.0794,-0.3489,-0.0333,-0.3254,0.0000,0.0676,1.4688,-1.9410,-0.6400
2024,285,Dayton Pitzer,Pittsburgh,3,1,1.2564,21.0000,-0.2564,0.1039,-0.2934,0.0000,0.0000,0.0000,0.0000,-0.0333,-0.0478,0.0142,-0.4361,0.1039,-0.2405,0.0000,0.3162,0.4371,-0.4849,-0.2564
2024,285,Dorian Crosby,Bucknell,4,2,1.3965,19.0000,0.6035,-0.0060,0.4806,0.0000,0.0000,0.0000,-0.0441,-0.0912,0.2736,-0.0096,-0.1018,-0.0060,0.4540,0.0000,0.2572,1.3859,-1.1122,0.6035
2024,285,Grady Griess,Navy,4,2,1.7232,17.0000,0.2768,-0.0470,-0.0849,0.0000,0.0000,0.5071,0.0000,0.0008,-0.1786,0.0794,0.2911,-0.0470,-0.5692,0.5071,0.0948,1.0496,-1.2281,0.2768
2024,285,Greg Kerkvliet,Penn State,5,5,4.4362,1.0000,0.5638,0.0540,0.0332,0.0000,0.0000,0.0000,0.0000,-0.0008,0.4775,0.0000,-0.0075,0.0540,0.4636,0.0000,0.0537,0.5231,-0.0456,0.5638
2024,285,Hunter Catka,Virginia Tech,5,3,1.5841,26.0000,1.4159,-0.0493,0.4521,0.0000,0.0000,0.0000,0.0000,-0.0157,1.0288,0.0000,-0.2628,-0.0493,1.5217,0.0000,0.2063,1.4956,-0.4667,1.4159
2024,285,Josh Heindselman,Oklahoma,5,3,2.8665,11.0000,0.1335,-0.0397,0.6238,0.0000,0.0000,-0.4813,0.0000,-0.0048,0.0355,0.0000,-0.4766,-0.0397,0.9005,-0.4813,0.2306,1.5293,-1.4938,0.1335
2024,285,Josiah Hill,Little Rock,3,1,0.7923,27.0000,0.2077,0.0034,-0.1932,0.0000,0.0000,0.0000,0.0000,-0.0026,0.4438,-0.0437,-0.1462,0.0034,0.3490,0.0000,0.0015,0.5952,-0.1514,0.2077
2024,285,Keaton Kluever,Hofstra,2,0,0.4310,24.0000,-0.4310,-0.0315,0.0326,0.0000,0.0000,0.0000,0.0000,-0.0001,-0.4130,-0.0191,-0.0622,-0.0315,-0.3666,0.0000,0.0293,0.0574,-0.4703,-0.4310
2024,285,Konner Doucet,Oklahoma State,4,2,2.2537,12.0000,-0.2537,0.0067,0.3388,0.0000,0.0000,0.0000,0.0000,0.0153,-0.6144,0.0000,0.0480,0.0067,-0.7986,0.0000,0.4903,0.3027,-0.9171,-0.2537
2024,285,Lewis Fernandes,Cornell,3,1,1.2130,15.0000,-0.2130,-0.0143,0.0683,0.0000,0.0000,0.0000,0.0000,0.0000,0.2699,-0.5368,-0.0329,-0.0143,0.2899,0.0000,-0.4557,0.5960,-0.3262,-0.2130
2024,285,Lucas Davison,Michigan,5,4,1.7214,10.0000,2.2786,0.1109,0.4145,0.0000,0.0000,0.0000,0.0000,0.0037,1.7098,0.0397,-0.0143,0.1109,1.7229,0.0000,0.4591,2.4044,-0.6945,2.2786
2024,285,Lucas Stoddard,Army West Point,2,0,0.8106,23.0000,-0.8106,-0.0485,-0.1261,0.0000,0.0000,0.0000,0.0000,-0.0002,-0.5961,-0.0397,-0.1991,-0.0485,-0.5108,0.0000,-0.0523,0.0000,-0.5961,-0.8106
2024,285,Matthew Cover,Princeton,2,0,0.8795,22.0000,-0.8795,-0.0812,-0.1436,0.0000,0.0000,0.0000,0.0000,0.0009,-0.6555,0.0000,-0.0524,-0.0812,-0.6598,0.0000,-0.0861,0.1017,-0.7573,-0.8795
2024,285,Nash Hutmacher,Nebraska,2,0,0.4344,29.0000,-0.4344,-0.0778,0.1429,0.0000,0.0000,-0.4427,0.0000,0.0055,-0.0623,0.0000,-0.0593,-0.0778,0.0126,-0.4427,0.1328,0.2495,-0.3118,-0.4344
2024,285,Nathan Taylor,Lehigh,4,2,2.6143,5.0000,-0.6143,0.0460,0.3080,0.0000,0.0000,-1.0100,0.0000,0.0166,0.0252,0.0000,0.2983,0.0460,-0.1368,-1.0100,0.1882,1.0212,-0.9960,-0.6143
2024,285,Nick Feldman,Ohio State,7,5,3.2792,9.0000,1.7208,-0.0801,0.1477,0.0000,0.0000,0.4813,0.0000,0.0036,1.1492,0.0191,-0.2999,-0.0801,1.2335,0.4813,0.3860,2.4359,-1.2868,1.7208
2024,285,Nick Willham,Indiana,2,0,0.2613,32.0000,-0.2613,-0.0873,0.1529,0.0000,0.0000,-0.3970,0.0000,0.0872,-0.0173,-0.0000,0.2134,-0.0873,-0.2664,-0.3970,0.2758,0.2082,-0.2255,-0.2613
2024,285,Owen Trephan,NC State,3,1,2.0683,8.0000,-1.0683,0.0319,-0.5791,0.0000,0.0000,0.0000,0.0000,-0.0036,-0.5176,0.0000,-0.1554,0.0319,-1.1737,0.0000,0.2289,0.6388,-1.1564,-1.0683
2024,285,Seth Nevills,Maryland,3,1,0.5216,30.0000,0.4784,0.0208,0.1976,0.0000,0.0000,0.0000,0.0000,-0.0031,-0.1157,0.3788,0.1961,0.0208,0.0815,0.0000,0.1799,0.6801,-0.7958,0.4784
2024,285,Taye Ghadiali,Campbell,7,4,4.2998,7.0000,-0.2998,-0.1099,-0.9624,0.0000,0.0000,0.5270,0.0000,-0.0157,0.2612,0.0000,-0.1820,-0.1099,-0.6133,0.5270,0.0782,2.2241,-1.9630,-0.2998
2024,285,Trevor Tinker,Cal Poly,2,0,0.4913,28.0000,-0.4913,-0.0244,-0.0236,0.0000,0.0000,0.0000,0.0000,-0.0001,-0.4291,-0.0142,-0.2650,-0.0244,-0.0848,0.0000,-0.1171,0.2554,-0.6845,-0.4913
2024,285,Wyatt Hendrickson,Air Force,6,5,4.5537,3.0000,0.4463,-0.0357,-0.2022,0.0000,0.0000,0.0000,0.0000,0.0134,0.6613,0.0096,0.0901,-0.0357,0.2879,0.0000,0.1040,1.8169,-1.1557,0.4463
2024,285,Yaraslau Slavikouski,Rutgers,7,5,2.9546,13.0000,2.0454,-0.0597,0.4770,0.0000,0.0000,0.0000,0.0000,0.0380,1.5901,0.0000,-0.3900,-0.0597,2.5400,0.0000,-0.0449,2.4108,-0.8207,2.0454
2024,285,Yonger Bastida,Iowa State,4,2,3.4688,2.0000,-1.4688,-0.0144,-0.1699,0.0000,0.0000,0.0000,0.0000,0.0002,-1.2916,0.0068,0.0390,-0.0144,-1.4697,0.0000,-0.0237,0.4234,-1.7150,-1.4688
2024,285,Zach Elam,Missouri,7,5,4.1706,6.0000,0.8294,0.0212,0.5360,0.0000,0.0000,0.0000,0.0000,0.1308,0.0977,0.0437,0.4197,0.0212,-0.1855,0.0000,0.5740,0.7003,-0.6026,0.8294
2025,125,Antonio Lorenzo,Oklahoma,3,1,1.2564,21.0000,-0.2564,-0.0381,0.0081,0.0000,0.0000,0.0000,0.0000,-0.0068,-0.2196,0.0000,-0.1548,-0.0381,-0.2580,0.0000,0.1945,0.6958,-0.9154,-0.2564
2025,125,Blake West,Northern Illinois,4,2,1.4146,16.0000,0.5854,-0.0085,0.4091,0.0000,0.0000,0.0000,0.0000,0.0058,0.1790,-0.0000,0.0503,-0.0085,0.3579,0.0000,0.1856,1.8281,-1.6491,0.5854
2025,125,Brendan McCrone,Ohio State,3,1,1.4044,20.0000,-0.4044,0.0025,-0.3344,0.0000,0.0000,0.0000,0.0000,-0.0009,-0.0716,0.0000,0.1977,0.0025,-0.5773,0.0000,-0.0273,1.0669,-1.1385,-0.4044
2025,125,Caleb Smith,Nebraska,7,5,3.8097,9.0000,1.1903,0.0480,-0.0971,0.0000,0.0000,1.3220,0.0000,0.9842,-1.0668,0.0000,-0.7824,0.0480,-0.3759,1.3220,0.9786,2.1845,-3.2512,1.1903
2025,125,Caleb Weiand,Michigan State,1,0,0.2674,33.0000,-0.2674,0.0000,-0.0270,0.0000,0.0000,0.0000,0.0000,0.0000,-0.1760,-0.0644,-0.1026,0.0000,-0.1648,0.0000,0.0000,0.0000,-0.1760,-0.2674
2025,125,Charlie Farmer,Army West Point,3,1,0.9085,25.0000,0.0915,0.0595,0.0462,0.0000,0.0000,0.0000,0.0000,-0.0529,0.0387,0.0000,0.2309,0.0595,-0.3298,0.0000,0.1309,0.7706,-0.7319,0.0915
2025,125,Cooper Flynn,Minnesota,4,2,2.0715,19.0000,-0.0715,0.0268,-0.0476,0.0000,0.0000,0.0000,0.0000,0.0084,-0.1235,0.0644,-0.8100,0.0268,0.3246,0.0000,0.3871,0.5512,-0.6747,-0.0715
2025,125,Dean Peterson,Rutgers,4,2,1.6858,12.0000,0.3142,0.1093,-0.2726,0.0000,0.0000,0.0000,0.0000,-0.0461,-0.0469,0.5705,0.2269,0.1093,-0.4223,0.0000,0.4003,1.7474,-1.7943,0.3142
2025,125,Eddie Ventresca,Virginia Tech,6,4,4.0394,3.0000,-0.0394,-0.0607,0.1947,0.0000,0.0000,-0.5325,0.0000,0.0028,0.3563,0.0000,-0.0726,-0.0607,0.2801,-0.5325,0.3463,1.0485,-0.6922,-0.0394
2025,125,Gylon Sims,The Citadel,1,0,0.0671,30.0000,-0.0671,-0.0077,-0.0038,0.0000,0.0000,0.0000,0.0000,-0.0042,-0.0514,0.0000,-0.0231,-0.0077,-0.0357,0.0000,-0.0006,0.0011,-0.0525,-0.0671
2025,125,Jacob Moran,Indiana,4,2,1.3645,18.0000,0.6355,-0.1218,0.4730,0.0000,0.0000,0.0000,0.0000,0.0408,0.2436,0.0000,-0.1062,-0.1218,0.8582,0.0000,0.0054,1.0498,-0.8063,0.6355
2025,125,Jett Strickenberger,West Virginia,4,2,2.4569,6.0000,-0.4569,0.0074,-0.2606,0.0000,0.0000,-0.9817,0.0000,-0.4641,1.2422,0.0000,-0.0718,0.0074,0.3711,-0.9817,0.2182,2.6875,-1.4452,-0.4569
2025,125,Joey Cruz,Iowa,2,0,0.4344,29.0000,-0.4344,-0.0354,0.1058,0.0000,0.0000,0.0000,0.0000,-0.0003,-0.5046,0.0000,-0.1075,-0.0354,-0.0639,0.0000,-0.2276,0.4288,-0.9334,-0.4344
2025,125,Keyveon Roller,Virginia,2,0,0.6126,26.0000,-0.6126,-0.0089,-0.0464,0.0000,0.0000,0.0000,0.0000,-0.0000,-0.5574,-0.0000,-0.1340,-0.0089,-0.6368,0.0000,0.1670,0.1481,-0.7055,-0.6126
2025,125,Koda Holeman,Cal Poly,2,0,0.4913,28.0000,-0.4913,-0.0101,-0.1382,0.0000,0.0000,0.0000,0.0000,-0.0093,-0.3336,0.0000,-0.1123,-0.0101,-0.3838,0.0000,0.0149,0.0446,-0.3782,-0.4913
2025,125,Luke Lilledahl,Penn State,7,6,5.9188,1.0000,0.0812,0.0236,-0.3938,0.0000,0.0000,-0.2426,0.0000,0.0356,0.6459,0.0125,0.0059,0.0236,0.1895,-0.2426,0.1048,1.3113,-0.6654,0.0812
2025,125,Marc-Anthony McGowan,Princeton,3,1,1.4984,13.0000,-0.4984,-0.0142,-0.2505,0.0000,0.0000,0.0000,0.0000,-0.0242,-0.2094,0.0000,-0.2035,-0.0142,-0.3866,0.0000,0.1060,0.9624,-1.1718,-0.4984
2025,125,Marcello Milani,Cornell,2,0,0.2759,32.0000,-0.2759,0.0520,-0.1527,0.0000,0.0000,0.0000,0.0000,-0.0067,-0.1684,-0.0000,-0.2348,0.0520,-0.0808,0.0000,-0.0123,0.0540,-0.2224,-0.2759
2025,125,Matt Ramos,Purdue,7,5,5.4053,2.0000,-0.4053,0.0395,-0.5018,0.0000,0.0000,0.0000,0.0000,0.0423,0.0272,-0.0125,-0.0315,0.0395,-0.5543,0.0000,0.1410,1.5428,-1.5157,-0.4053
2025,125,Max Gallagher,Pennsylvania,3,1,1.7469,17.0000,-0.7469,-0.0749,-0.1680,0.0000,0.0000,0.0000,0.0000,0.0001,-0.5041,0.0000,-0.2080,-0.0749,-0.7563,0.0000,0.2922,0.7788,-1.2829,-0.7469
2025,125,Maximo Renteria,Oregon State,3,1,1.8422,15.0000,-0.8422,0.0817,-0.7097,0.0000,0.0000,0.0000,0.0000,-0.0419,-0.1723,0.0000,-0.0693,0.0817,-0.7228,0.0000,-0.1318,1.4970,-1.6693,-0.8422
2025,125,Nick Babin,Pittsburgh,2,0,0.7429,24.0000,-0.7429,-0.0133,-0.0098,0.0000,0.0000,-0.3908,0.0000,0.0953,-0.4243,0.0000,-0.4403,-0.0133,0.1130,-0.3908,-0.0115,0.2678,-0.6921,-0.7429
2025,125,Nicolar Rivera,Wisconsin,5,3,2.4306,11.0000,0.5694,0.0440,0.1146,0.0000,0.0000,0.0000,0.0000,-0.0199,0.4306,0.0000,-0.2642,0.0440,0.5137,0.0000,0.2759,1.2611,-0.8305,0.5694
2025,125,Richard Castro-Sandoval,CSU Bakersfield,2,0,0.2826,31.0000,-0.2826,-0.0344,0.0491,0.0000,0.0000,0.0000,0.0000,0.0006,-0.2980,0.0000,-0.0182,-0.0344,-0.3245,0.0000,0.0945,0.1018,-0.3997,-0.2826
2025,125,Richard Figueroa,Arizona State,3,1,2.4239,5.0000,-1.4239,0.0756,-0.5313,0.0000,0.0000,0.0000,0.0000,-0.0030,-0.3946,-0.5705,-1.4836,0.0756,0.5405,0.0000,-0.5563,0.8678,-1.2624,-1.4239
2025,125,Sheldon Seymour,Lehigh,6,3,2.3572,8.0000,0.6428,-0.0564,0.0070,0.0000,0.0000,0.6574,0.0000,-0.0028,0.0377,0.0000,-0.2698,-0.0564,-0.0322,0.6574,0.3438,1.1839,-1.1463,0.6428
2025,125,Spencer Moore,North Carolina,4,2,1.8348,14.0000,0.1652,-0.0410,0.3055,0.0000,0.0000,0.0000,0.0000,0.0083,-0.1077,0.0000,-0.2036,-0.0410,0.0423,0.0000,0.3674,0.4133,-0.5210,0.1652
2025,125,Stevo Poulin,Northern Colorado,7,4,3.7279,10.0000,0.2721,-0.0731,0.4033,0.0000,0.0000,0.0000,0.0000,0.0490,-0.1071,0.0000,-0.1211,-0.0731,0.2945,0.0000,0.1718,1.0723,-1.1794,0.2721
2025,125,Tanner Jordan,South Dakota State,3,1,1.0484,23.0000,-0.0484,0.0164,0.5004,0.0000,0.0000,-0.3969,0.0000,-0.6023,0.4339,0.0000,-0.8953,0.0164,0.7994,-0.3969,0.4279,1.0660,-0.6320,-0.0484
2025,125,Trever Anderson,Northern Iowa,5,3,1.5715,22.0000,1.4285,-0.0521,1.0404,0.0000,0.0000,0.0000,0.0000,0.0205,0.4196,0.0000,0.1217,-0.0521,-0.3673,0.0000,1.7261,1.1848,-0.7651,1.4285
2025,125,Tristan Daugherty,North Dakota State,2,0,0.5507,27.0000,-0.5507,0.0535,-0.2704,0.0000,0.0000,0.0000,0.0000,-0.0138,-0.3200,0.0000,-0.3066,0.0535,-0.2655,0.0000,-0.0321,0.0009,-0.3209,-0.5507
2025,125,Troy Spratley,Oklahoma State,5,4,2.3834,7.0000,1.6166,-0.0046,0.6727,0.0000,0.0000,0.1091,0.0000,0.0048,0.8345,0.0000,-0.1760,-0.0046,1.1105,0.1091,0.5776,1.3253,-0.4908,1.6166
2025,125,Vincent Robinson,NC State,5,5,3.6739,4.0000,1.3261,0.0156,-0.1142,0.0000,0.0000,0.4560,0.0000,0.0009,0.9678,0.0000,-0.3306,0.0156,0.9434,0.4560,0.2418,1.7735,-0.8057,1.3261
2025,133,Angelo Rini,Indiana,4,2,1.0741,21.0000,0.9259,-0.0902,0.7907,0.0000,0.0000,0.0000,0.0000,0.0012,0.2243,0.0000,-0.3922,-0.0902,0.9631,0.0000,0.4452,1.1222,-0.8979,0.9259
2025,133,Anthony Noto,Lock Haven,4,2,2.2301,15.0000,-0.2301,-0.0471,0.2807,0.0000,0.0000,-0.4591,0.0000,0.0023,-0.0069,0.0000,-0.0460,-0.0471,0.5356,-0.4591,-0.2136,1.6237,-1.6305,-0.2301
2025,133,Blake Boarman,Chattanooga,2,0,1.0195,20.0000,-1.0195,0.0110,-0.4127,0.0000,0.0000,-0.4503,0.0000,-0.0214,-0.1461,0.0000,-0.2326,0.0110,-0.1438,-0.4503,-0.2037,0.5622,-0.7083,-1.0195
2025,133,Braeden Davis,Penn State,7,5,3.8312,8.0000,1.1688,-0.0414,0.2349,0.0000,0.0000,0.0000,0.0000,-0.0123,0.6638,0.3238,-0.1257,-0.0414,1.1966,0.0000,0.1393,2.0408,-1.3770,1.1688
2025,133,Braxton Brown,Maryland,3,1,1.7727,9.0000,-0.7727,-0.0743,-0.1004,0.0000,0.0000,-0.5096,0.0000,-0.0017,-0.0866,0.0000,0.0197,-0.0743,-0.5654,-0.5096,0.3570,0.5377,-0.6243,-0.7727
2025,133,Colton Camacho,Edinboro,2,0,0.3417,28.0000,-0.3417,0.0001,0.0200,0.0000,0.0000,0.0000,0.0000,-0.0008,-0.3611,0.0000,0.0030,0.0001,-0.3653,0.0000,0.0204,0.8093,-1.1704,-0.3417
2025,133,Connor McGonagle,Virginia Tech,7,4,4.4930,6.0000,-0.4930,0.1087,0.2661,0.0000,0.0000,0.0000,-0.0188,0.0191,-0.3977,-0.4704,-0.4303,0.1087,-1.1094,0.0000,0.9379,0.8663,-1.2640,-0.4930
2025,133,Derrick Cardinal,South Dakota State,3,1,0.5997,30.0000,0.4003,0.0158,0.3441,0.0000,0.0000,0.0000,0.0000,-0.0291,0.0695,0.0000,-0.1149,0.0158,0.5932,0.0000,-0.0939,0.5671,-0.4976,0.4003
2025,133,Dominick Serrano,Northern Colorado,3,1,2.5512,5.0000,-1.5512,0.0806,-0.7892,0.0000,0.0000,-0.6430,0.0000,-0.0052,-0.1944,0.0000,-0.4100,0.0806,-0.9537,-0.6430,0.3749,0.7268,-0.9212,-1.5512
2025,133,Drake Ayala,Iowa,5,4,3.7924,2.0000,0.2076,0.0107,-0.0351,0.0000,0.0000,-0.4440,0.0000,0.0028,0.6733,0.0000,-0.1115,0.0107,0.6468,-0.4440,0.1056,0.9414,-0.2682,0.2076
2025,133,Dylan Shawver,Rutgers,5,3,2.9880,10.0000,0.0120,-0.0884,-0.6309,0.0000,0.0000,1.3566,0.0000,-0.0002,-0.6251,0.0000,0.0744,-0.0884,-1.1180,1.3566,-0.2126,0.7076,-1.3328,0.0120
2025,133,Ethan Berginc,Army West Point,2,0,0.5507,27.0000,-0.5507,0.0491,-0.2671,0.0000,0.0000,0.0000,0.0000,-0.0019,-0.3308,0.0000,-0.2378,0.0491,-0.2212,0.0000,-0.1408,0.0817,-0.4125,-0.5507
2025,133,Ethan Oakley,North Carolina,3,1,1.9198,12.0000,-0.9198,-0.0457,-0.5705,0.0000,0.0000,0.0000,0.0000,0.0011,-0.3047,0.0000,-0.1091,-0.0457,-0.8185,0.0000,0.0534,1.1697,-1.4745,-0.9198
2025,133,Evan Frost,Iowa State,5,3,2.2434,11.0000,0.7566,0.0209,0.0834,0.0000,0.0000,0.0000,0.0000,0.0137,0.6386,0.0000,-0.1145,0.0209,0.5669,0.0000,0.2832,1.4498,-0.8112,0.7566
2025,133,Hunter Leake,California Baptist,2,0,0.2759,32.0000,-0.2759,0.0109,-0.0368,0.0000,0.0000,0.0000,0.0000,-0.0028,-0.2472,0.0000,-0.2769,0.0109,-0.1765,0.0000,0.1666,0.1171,-0.3643,-0.2759
2025,133,Jacob Van Dee,Nebraska,7,5,3.6498,17.0000,1.3502,-0.1057,0.9190,0.0000,0.0000,0.0000,0.0000,0.0045,0.5325,0.0000,-0.3792,-0.1057,1.2203,0.0000,0.6148,2.4898,-1.9573,1.3502
2025,133,Julian Farber,Northern Iowa,3,1,1.0309,18.0000,-0.0309,0.0734,-0.2381,0.0000,0.0000,0.0000,0.0000,0.0018,0.1319,0.0000,0.0520,0.0734,-0.4875,0.0000,0.3311,1.2564,-1.1245,-0.0309
2025,133,Kade Moore,Missouri,2,0,0.2826,31.0000,-0.2826,0.0303,-0.0558,0.0000,0.0000,0.0000,0.0000,-0.0000,-0.2571,-0.0000,-0.0733,0.0303,-0.2613,0.0000,0.0217,0.0403,-0.2973,-0.2826
2025,133,Kai Orine,NC State,2,0,0.3848,26.0000,-0.3848,-0.0310,0.1639,0.0000,0.0000,-0.3879,0.0000,0.0024,-0.0837,-0.0485,-0.0726,-0.0310,0.0523,-0.3879,0.0543,0.0953,-0.1790,-0.3848
2025,133,Kurt Phipps,Bucknell,3,1,1.1415,25.0000,-0.1415,0.0725,-0.0549,0.0000,0.0000,0.0000,0.0000,-0.0177,-0.1414,0.0000,0.1268,0.0725,0.3607,0.0000,-0.7015,1.1225,-1.2640,-0.1415
2025,133,Kyle Burwick,North Dakota State,2,0,0.7429,24.0000,-0.7429,0.0084,-0.3198,0.0000,0.0000,0.0000,0.0000,0.0103,-0.4418,0.0000,-0.1753,0.0084,-0.3157,0.0000,-0.2603,0.5922,-1.0340,-0.7429
2025,133,Lucas Byrd,Illinois,5,5,4.1849,1.0000,0.8151,0.0629,0.0869,0.0000,0.0000,0.4440,0.0000,0.0056,0.2157,0.0000,-0.1587,0.0629,-0.0140,0.4440,0.4809,0.4414,-0.2256,0.8151
2025,133,Nasir Bailey,Little Rock,4,2,3.4359,3.0000,-1.4359,0.0135,-0.0420,0.0000,0.0000,-0.6275,-0.0056,0.0035,-0.7777,0.0000,0.1066,0.0135,-0.7476,-0.6275,-0.1809,0.2997,-1.0775,-1.4359
2025,133,Nic Bouzakis,Ohio State,4,2,2.5487,7.0000,-0.5487,0.0550,-0.4640,0.0000,0.0000,0.0000,0.0000,-0.0058,-0.1823,0.0485,-0.1716,0.0550,-0.1530,0.0000,-0.2790,0.4728,-0.6551,-0.5487
2025,133,Ryan Miller,Pennsylvania,3,1,1.0703,16.0000,-0.0703,-0.0245,-0.1310,0.0000,0.0000,0.0000,0.0000,-0.0081,0.0932,0.0000,0.0932,-0.0245,-0.1028,0.0000,-0.0362,0.8841,-0.7909,-0.0703
2025,133,Sean Spidle,Central Michigan,4,2,1.3812,23.0000,0.6188,0.1033,0.3138,0.0000,0.0000,0.0000,0.0000,0.0065,0.1952,0.0000,0.3401,0.1033,-0.0094,0.0000,0.1848,1.0143,-0.8191,0.6188
2025,133,Takeo Davis,Gardner-Webb,2,0,1.0896,19.0000,-1.0896,0.0074,-0.4286,0.0000,0.0000,0.0000,0.0000,0.0255,-0.6938,0.0000,-0.1693,0.0074,-0.6610,0.0000,-0.2666,0.8712,-1.5651,-1.0896
2025,133,Tyler Ferrara,Cornell,3,1,0.5062,29.0000,0.4938,0.0445,0.3784,0.0000,0.0000,0.0000,0.0056,0.0015,0.0638,0.0000,-0.0915,0.0445,0.5448,0.0000,-0.0041,0.4436,-0.3798,0.4938
2025,133,Tyler Knox,Stanford,7,4,3.5721,13.0000,0.4279,-0.0336,0.1304,0.0000,0.0000,0.4503,0.0188,-0.0221,-0.1158,0.0000,-0.1433,-0.0336,-0.6003,0.4503,0.7550,0.9583,-1.0741,0.4279
2025,133,Tyler Wells,Minnesota,4,2,1.3742,22.0000,0.6258,-0.1044,0.0697,0.0000,0.0000,0.6430,0.0000,-0.0116,0.0291,0.0000,-0.2656,-0.1044,0.1571,0.6430,0.1957,0.3911,-0.3620,0.6258
2025,133,Zan Fugitt,Wisconsin,6,4,1.8127,14.0000,2.1873,-0.0873,0.5383,0.0000,0.0000,0.6275,0.0000,0.0014,0.9607,0.1466,0.3154,-0.0873,0.7595,0.6275,0.5721,2.2440,-1.2832,2.1873
2025,133,Zeth Romney,Cal Poly,6,5,4.1082,4.0000,0.8918,-0.0054,-0.0432,0.0000,0.0000,0.0000,0.0000,0.0377,0.9028,0.0000,-0.3957,-0.0054,1.2274,0.0000,0.0655,1.1764,-0.2736,0.8918
2025,141,AJ Rallo,Bellarmine,2,0,0.6768,25.0000,-0.6768,0.0138,0.2374,0.0000,0.0000,0.0000,0.0000,0.0399,-0.9680,0.0000,-0.0963,0.0138,-0.6925,0.0000,0.0982,-0.0106,-0.9573,-0.6768
2025,141,Andrew Alirez,Northern Colorado,3,1,2.1508,8.0000,-1.1508,-0.0479,-0.4348,0.0000,0.0000,0.0000,0.0000,0.0064,-0.6746,0.0000,-0.2694,-0.0479,-1.1568,0.0000,0.3232,0.6478,-1.3224,-1.1508
2025,141,Beau Bartlett,Penn State,6,5,4.6735,2.0000,0.3265,-0.0478,-0.2966,0.0000,0.0000,-0.0807,0.0000,0.0090,0.7426,0.0000,0.1793,-0.0478,0.2705,-0.0807,0.0052,1.6341,-0.8915,0.3265
2025,141,Briar Priest,Pittsburgh,2,0,0.3801,30.0000,-0.3801,-0.0040,-0.0473,0.0000,0.0000,0.0000,0.0000,-0.0003,-0.3285,-0.0000,-0.0660,-0.0040,-0.3656,0.0000,0.0555,0.0717,-0.4002,-0.3801
2025,141,Brock Hardy,Nebraska,5,4,4.3015,1.0000,-0.3015,0.0233,-0.4932,0.0000,0.0000,0.0000,0.0000,0.0018,0.1637,0.0029,-0.5455,0.0233,0.1470,0.0000,0.0739,0.9593,-0.7955,-0.3015
2025,141,CJ Composto,Pennsylvania,7,5,2.9849,10.0000,2.0151,-0.0199,1.0496,0.0000,0.0000,0.4061,0.0000,-0.0022,0.5815,0.0000,-0.2263,-0.0199,0.8467,0.4061,1.0085,2.6248,-2.0433,2.0151
2025,141,Cael Happel,Northern Iowa,6,4,3.4768,5.0000,0.5232,0.0870,-0.3648,0.0000,0.0000,0.5170,0.0000,0.0031,0.2808,0.0000,0.0315,0.0870,-0.3069,0.5170,0.1945,1.6390,-1.3582,0.5232
2025,141,Danny Pucino,Illinois,4,2,0.8157,28.0000,1.1843,-0.0419,0.1713,0.0000,0.0000,-0.4078,0.0000,-0.0271,0.5197,0.9701,-0.1291,-0.0419,0.6599,-0.4078,1.1032,1.4579,-0.9382,1.1843
2025,141,Dylan Cedeno,Virginia,3,1,1.8520,11.0000,-0.8520,-0.0342,0.0912,0.0000,0.0000,0.0000,0.0000,0.0024,0.0587,-0.9701,-1.1396,-0.0342,0.2030,0.0000,0.1188,0.4613,-0.4026,-0.8520
2025,141,Dylan Chappell,Bucknell,5,3,1.8551,21.0000,1.1449,0.0400,0.0408,0.0000,0.0000,0.0000,0.0000,-0.0025,0.0814,0.9853,0.0298,0.0400,0.6300,0.0000,0.4451,2.2689,-2.1875,1.1449
2025,141,Eligh Rivera,Princeton,4,2,1.1035,26.0000,0.8965,0.0150,0.2894,0.0000,0.0000,0.5190,0.0000,-0.0050,0.0780,0.0000,-0.1297,0.0150,0.3384,0.5190,0.1537,1.3597,-1.2816,0.8965
2025,141,Greyson Clark,Purdue,3,1,0.9459,27.0000,0.0541,-0.0063,0.1814,0.0000,0.0000,0.0000,0.0000,0.0085,-0.1295,0.0000,-0.1440,-0.0063,0.4434,0.0000,-0.2391,1.0695,-1.1991,0.0541
2025,141,Jacob Frost,Iowa State,6,4,2.7204,9.0000,1.2796,-0.0719,0.3877,0.0000,0.0000,0.0000,0.0000,0.0005,1.0953,-0.1320,-0.4828,-0.0719,1.6329,0.0000,0.2014,2.5900,-1.4947,1.2796
2025,141,Jason Miranda,Stanford,3,1,0.9287,24.0000,0.0713,0.0203,-0.1974,0.0000,0.0000,0.0000,0.0000,-0.0464,0.2951,-0.0003,-0.1271,0.0203,0.1299,0.0000,0.0481,0.8067,-0.5116,0.0713
2025,141,Jayden Scott,North Carolina,3,1,0.5695,29.0000,0.4305,-0.0988,0.6777,0.0000,0.0000,-0.3027,0.0000,-0.0053,0.1596,0.0000,-0.1421,-0.0988,0.9135,-0.3027,0.0606,0.6897,-0.5301,0.4305
2025,141,Jesse Mendez,Ohio State,5,5,3.0810,3.0000,1.9190,-0.0721,0.4969,0.0000,0.0000,0.5298,0.0000,0.0001,0.9643,0.0000,-0.0485,-0.0721,1.0308,0.5298,0.4790,1.4655,-0.5012,1.9190
2025,141,Jordan Soriano,Drexel,2,0,0.8795,22.0000,-0.8795,-0.0061,-0.2057,0.0000,0.0000,0.0000,0.0000,-0.0153,-0.6525,0.0000,-0.1684,-0.0061,-0.7673,0.0000,0.0622,0.0917,-0.7441,-0.8795
2025,141,Jordan Titus,West Virginia,2,0,0.2826,31.0000,-0.2826,-0.0075,0.2169,0.0000,0.0000,-0.3964,0.0000,0.0009,-0.0965,0.0000,-0.0230,-0.0075,0.0601,-0.3964,0.0841,0.1136,-0.2101,-0.2826
2025,141,Joseph Olivieri,Rutgers,5,3,2.8146,15.0000,0.1854,0.0249,-0.0636,0.0000,0.0000,0.3964,0.0000,-0.0008,-0.1716,0.0000,-0.1953,0.0249,0.0711,0.3964,-0.1117,1.2709,-1.4425,0.1854
2025,141,Josh Edmond,Missouri,2,0,0.8106,23.0000,-0.8106,-0.0220,0.0501,0.0000,0.0000,-0.9251,0.0000,0.0038,0.0826,0.0000,-0.0588,-0.0220,0.2716,-0.9251,-0.0763,1.0287,-0.9460,-0.8106
2025,141,Josh Koderhandt,Navy,7,4,4.5057,4.0000,-0.5057,-0.0800,-0.4314,0.0000,0.0000,-0.2074,0.0000,-0.0015,-0.0228,0.2373,0.0336,-0.0800,-0.3689,-0.2074,0.1170,1.5758,-1.5986,-0.5057
2025,141,Joshua Saunders,Cornell,3,1,1.0030,20.0000,-0.0030,0.0403,0.2721,0.0000,0.0000,0.0000,0.0000,0.0002,-0.2073,-0.1082,-0.4481,0.0403,0.2940,0.0000,0.1108,0.9302,-1.1375,-0.0030
2025,141,Julian Tagg,South Dakota State,4,2,1.5436,18.0000,0.4564,0.0734,0.2645,0.0000,0.0000,0.0000,0.0000,-0.0015,0.1200,-0.0000,-0.1991,0.0734,0.2866,0.0000,0.2956,0.9320,-0.8120,0.4564
2025,141,Mosha Schwartz,Oklahoma,4,2,2.1446,19.0000,-0.1446,-0.0305,0.4711,0.0000,0.0000,0.0000,0.0000,0.0061,0.6212,-1.2126,-0.8321,-0.0305,0.1370,0.0000,0.5809,1.9476,-1.3264,-0.1446
2025,141,Nash Singleton,Oregon State,3,1,0.5433,32.0000,0.4567,-0.0486,0.2124,0.0000,0.0000,0.5963,0.0000,-0.0017,-0.3017,0.0000,0.0437,-0.0486,-0.2165,0.5963,0.0819,0.2233,-0.5249,0.4567
2025,141,Sam Latona,Virginia Tech,2,0,1.4435,12.0000,-1.4435,-0.0171,-0.2794,0.0000,0.0000,0.0000,0.0000,0.0252,-1.1722,0.0000,-0.1189,-0.0171,-1.7272,0.0000,0.4197,0.7614,-1.9336,-1.4435
2025,141,Sergio Lemley,Michigan,5,3,2.6601,14.0000,0.3399,0.1339,-0.3313,0.0000,0.0000,0.4078,0.0000,0.0063,-0.1041,0.2273,-0.1491,0.1339,-0.4164,0.4078,0.3637,1.4990,-1.6031,0.3399
2025,141,Shannon Hanna,Campbell,2,0,1.2278,17.0000,-1.2278,0.0876,-0.3621,0.0000,0.0000,-0.5963,0.0000,0.0002,-0.3572,0.0000,-0.2048,0.0876,-0.5231,-0.5963,0.0089,0.1433,-0.5005,-1.2278
2025,141,Tagen Jamison,Oklahoma State,5,3,3.3540,7.0000,-0.3540,0.0746,-0.2804,0.0000,0.0000,-0.4560,0.0000,0.0020,0.3055,0.0003,-0.7820,0.0746,0.7963,-0.4560,0.0131,1.0126,-0.7071,-0.3540
2025,141,Todd Carter,Gardner-Webb,2,0,1.4032,13.0000,-1.4032,0.0330,-0.9072,0.0000,0.0000,0.0000,0.0000,-0.0015,-0.5275,0.0000,-0.1727,0.0330,-1.0948,0.0000,-0.1688,0.4415,-0.9691,-1.4032
2025,141,Vance VomBaur,Minnesota,6,3,3.7973,6.0000,-0.7973,0.0611,-0.5319,0.0000,0.0000,0.0000,0.0000,0.0030,-0.3295,0.0000,-0.1042,0.0611,-1.3616,0.0000,0.6074,1.9591,-2.2885,-0.7973
2025,141,Wyatt Henson,Lock Haven,3,1,1.0703,16.0000,-0.0703,-0.0718,0.1166,0.0000,0.0000,0.0000,0.0000,-0.0085,-0.1067,-0.0000,-0.0275,-0.0718,-0.1653,0.0000,0.1941,0.4935,-0.6001,-0.0703
2025,149,Andrew Clark,Rutgers,3,1,0.7058,19.0000,0.2942,-0.0255,-0.0392,0.0000,0.0000,0.0000,0.0000,-0.0036,0.3624,0.0000,0.0057,-0.0255,-0.2778,0.0000,0.5917,0.8532,-0.4907,0.2942
2025,149,Caleb Henson,Virginia Tech,5,4,4.3345,1.0000,-0.3345,0.0179,-0.6989,0.0000,0.0000,0.3426,0.0000,-0.0081,0.0119,0.0000,0.0274,0.0179,-0.7368,0.3426,0.0144,0.7321,-0.7201,-0.3345
2025,149,Carson DesRosier,The Citadel,3,1,1.0484,23.0000,-0.0484,0.0442,-0.0867,0.0000,0.0000,0.0000,0.0000,0.0009,-0.0068,0.0000,0.0892,0.0442,-0.5150,0.0000,0.3332,1.0217,-1.0284,-0.0484
2025,149,Chance Lamer,Cal Poly,3,1,2.1399,14.0000,-1.1399,0.0067,-0.3988,0.0000,0.0000,0.0000,0.0000,0.0032,-0.7511,0.0000,-0.7128,0.0067,-0.3847,0.0000,-0.0491,0.5097,-1.2608,-1.1399
2025,149,Colin Realbuto,Northern Iowa,3,1,1.9240,10.0000,-0.9240,0.0118,-0.3295,0.0000,0.0000,0.0000,0.0000,0.0177,-0.6240,0.0000,-0.2220,0.0118,-0.9056,0.0000,0.1917,0.9990,-1.6230,-0.9240
2025,149,Cross Wasilewski,Pennsylvania,5,3,3.1034,9.0000,-0.1034,0.0054,-0.1909,0.0000,0.0000,0.0000,0.0000,-0.0006,0.0820,0.0008,-0.4504,0.0054,-0.0669,0.0000,0.4086,1.3660,-1.2840,-0.1034
2025,149,Dylan D`Emilio,Ohio State,6,4,2.4887,13.0000,1.5113,-0.0652,0.5950,0.0000,0.0000,0.0000,0.0000,0.0260,0.9554,0.0000,-0.1912,-0.0652,1.2308,0.0000,0.5368,2.1877,-1.2323,1.5113
2025,149,Dylan Gilcher,Michigan,2,0,0.4913,28.0000,-0.4913,-0.0273,0.1079,0.0000,0.0000,-0.4555,0.0000,-0.0081,-0.1083,0.0000,0.2285,-0.0273,-0.2061,-0.4555,-0.0309,0.4778,-0.5861,-0.4913
2025,149,Ethan Fernandez,Cornell,4,2,1.9501,18.0000,0.0499,0.0315,-0.0188,0.0000,0.0000,0.0000,-0.0318,-0.0010,-0.0115,0.0815,-0.0525,0.0315,-0.2825,0.0000,0.3534,0.6347,-0.6462,0.0499
2025,149,Ethan Stiles,Oregon State,7,4,3.2569,12.0000,0.7431,-0.0072,0.4273,0.0000,0.0000,0.0000,0.0000,0.0053,0.3090,0.0087,-0.3189,-0.0072,0.6894,0.0000,0.3799,1.9515,-1.6425,0.7431
2025,149,Gabe Willochell,Wyoming,1,0,0.0671,30.0000,-0.0671,0.0013,0.0156,0.0000,0.0000,0.0000,0.0000,0.0000,-0.0760,-0.0081,-0.0189,0.0013,-0.0628,0.0000,0.0133,0.0133,-0.0892,-0.0671
2025,149,Gavin Drexler,North Dakota State,6,3,2.1873,22.0000,0.8127,-0.0539,0.8505,0.0000,0.0000,-0.4211,0.0000,-0.1393,0.5765,0.0000,0.0337,-0.0539,0.9947,-0.4211,0.2593,2.0598,-1.4834,0.8127
2025,149,Jack Gioffre,Virginia,4,2,0.9480,29.0000,1.0520,0.0473,0.2685,0.0000,0.0000,0.6973,0.0000,-0.0209,0.0598,0.0000,-0.1343,0.0473,0.2855,0.6973,0.1561,1.3511,-1.2913,1.0520
2025,149,Jaden Abas,Stanford,3,1,1.0654,17.0000,-0.0654,-0.0387,-0.0339,0.0000,0.0000,0.0000,0.0000,-0.0013,0.0900,-0.0815,-0.3470,-0.0387,0.2685,0.0000,0.0517,0.8268,-0.7369,-0.0654
2025,149,Jordan Williams,Little Rock,4,2,2.0549,8.0000,-0.0549,-0.0245,-0.1227,0.0000,0.0000,-0.3426,0.0000,0.0044,0.3483,0.0822,-0.3427,-0.0245,0.5397,-0.3426,0.1153,1.1212,-0.7729,-0.0549
2025,149,Kaden Cassidy,George Mason,2,0,0.5507,27.0000,-0.5507,-0.0169,-0.0910,0.0000,0.0000,0.0000,0.0000,-0.0003,-0.4426,0.0000,-0.1429,-0.0169,-0.4147,0.0000,0.0237,0.0559,-0.4985,-0.5507
2025,149,Kal Miller,Maryland,2,0,0.6126,26.0000,-0.6126,-0.0146,-0.0199,0.0000,0.0000,0.0000,0.0000,-0.0008,-0.5774,0.0000,-0.1694,-0.0146,-0.2987,0.0000,-0.1299,0.3077,-0.8851,-0.6126
2025,149,Kannon Webster,Illinois,4,2,2.4700,7.0000,-0.4700,-0.0114,-0.2240,0.0000,0.0000,0.0000,0.0000,-0.0012,-0.2334,0.0000,-0.3451,-0.0114,-0.1140,0.0000,0.0006,0.5550,-0.7884,-0.4700
2025,149,Koy Buesgens,NC State,2,0,0.5215,20.0000,-0.5215,-0.0412,0.1473,0.0000,0.0000,-0.3533,0.0000,-0.0024,-0.2719,0.0000,-0.1199,-0.0412,-0.0728,-0.3533,0.0659,0.0819,-0.3538,-0.5215
2025,149,Kyle Parco,Iowa,2,1,1.5868,5.0000,-0.5868,-0.0131,-0.1163,0.0000,0.0000,0.0000,0.0000,-0.0001,-0.4573,0.0000,-0.0275,-0.0131,-0.3556,0.0000,-0.1906,0.1652,-0.6225,-0.5868
2025,149,Lachlan McNeil,North Carolina,7,5,4.6206,6.0000,0.3794,0.0532,0.1334,0.0000,0.0000,0.0000,0.0000,0.0043,0.1885,0.0000,-0.5597,0.0532,0.5270,0.0000,0.3589,1.9963,-1.8077,0.3794
2025,149,Malyke Hines,Lehigh,5,3,1.8171,25.0000,1.1829,-0.0184,0.4655,0.0000,0.0000,0.0000,-0.1234,-0.0177,1.0554,-0.1786,-0.1936,-0.0184,1.1354,0.0000,0.2594,2.2997,-1.2443,1.1829
2025,149,Mason Shrader,Central Michigan,2,0,0.7429,24.0000,-0.7429,-0.0291,-0.1256,0.0000,0.0000,0.0000,0.0000,0.0001,-0.5875,-0.0008,-0.1006,-0.0291,-0.8147,0.0000,0.2015,0.2018,-0.7893,-0.7429
2025,149,Paniro Johnson,Iowa State,4,2,3.3062,4.0000,-1.3062,0.0535,-0.8696,0.0000,0.0000,-0.3440,0.0000,-0.0049,-0.1411,0.0000,-0.6237,0.0535,-0.2490,-0.3440,-0.1430,0.2419,-0.3830,-1.3062
2025,149,Ridge Lovett,Nebraska,5,5,3.4934,2.0000,1.5066,0.0879,-0.1950,0.0000,0.0000,0.0000,0.0000,0.0087,1.6049,0.0000,0.5520,0.0879,0.9573,0.0000,-0.0907,2.0034,-0.3985,1.5066
2025,149,Sam Cartella,Northwestern,2,0,0.3279,31.0000,-0.3279,-0.0377,0.5706,0.0000,0.0000,0.0000,0.0318,0.0019,-0.8945,0.0000,0.3833,-0.0377,-0.1839,0.0000,-0.4896,0.3505,-1.2450,-0.3279
2025,149,Sammy Alvarez,Rider,7,5,3.6897,11.0000,1.3103,0.0261,-0.0023,0.0000,0.0000,0.8485,0.0000,0.1425,0.2955,0.0000,0.2399,0.0261,-0.6704,0.8485,0.8662,1.7941,-1.4986,1.3103
2025,149,Shayne Van Ness,Penn State,6,5,4.4350,3.0000,0.5650,-0.0384,-0.0071,0.0000,0.0000,0.0000,0.0000,-0.0001,0.5148,0.0958,-0.3307,-0.0384,0.6804,0.0000,0.2537,1.1559,-0.6411,0.5650
2025,149,Teague Travis,Oklahoma State,4,2,0.8169,33.0000,1.1831,0.0738,0.4329,0.0000,0.0000,0.0000,0.1234,0.0015,0.5515,0.0000,-0.2592,0.0738,1.1878,0.0000,0.1806,1.5814,-1.0298,1.1831
2025,149,Trae McDaniel,Army West Point,2,0,1.2950,16.0000,-1.2950,0.0220,-0.0999,0.0000,0.0000,0.0000,0.0000,-0.0000,-1.2170,0.0000,-0.1412,0.0220,-1.2902,0.0000,0.1145,0.3417,-1.5587,-1.2950
2025,149,Ty Whalen,Princeton,3,1,1.4819,15.0000,-0.4819,-0.0651,-0.1480,0.0000,0.0000,0.0000,0.0000,-0.0014,-0.2674,-0.0000,-0.2640,-0.0651,-0.3347,0.0000,0.1820,0.4138,-0.6812,-0.4819
2025,149,Willie McDougald,Oklahoma,3,1,1.2564,21.0000,-0.2564,0.0554,-0.1830,0.0000,0.0000,0.0281,0.0000,-0.0012,-0.1558,0.0000,-0.0294,0.0554,-0.0967,0.0281,-0.2138,0.6567,-0.8124,-0.2564
2025,149,Wynton Denkins,Campbell,1,0,0.2095,32.0000,-0.2095,-0.0099,-0.0139,0.0000,0.0000,0.0000,0.0000,-0.0032,-0.1825,0.0000,-0.0326,-0.0099,-0.1630,0.0000,-0.0040,0.0018,-0.1843,-0.2095
2025,157,Antrell Taylor,Nebraska,5,5,3.6271,3.0000,1.3729,0.0097,0.1075,0.0000,0.0000,0.0000,0.0000,0.0003,1.1809,0.0745,-0.0579,0.0097,1.4330,0.0000,-0.0120,1.4541,-0.2732,1.3729
2025,157,Blake Saito,Brown,2,0,0.3848,26.0000,-0.3848,-0.0029,0.0796,0.0000,0.0000,0.0000,0.0000,0.0007,-0.4621,-0.0002,-0.0318,-0.0029,-0.3421,0.0000,-0.0080,0.0342,-0.4963,-0.3848
2025,157,Brandon Cannon,Ohio State,5,3,3.8037,5.0000,-0.8037,0.1235,0.1468,0.0000,0.0000,-0.5754,0.0000,-0.0040,-0.4945,0.0000,0.0089,0.1235,0.0428,-0.5754,-0.4035,2.1315,-2.6260,-0.8037
2025,157,Caleb Fish,Oklahoma State,6,3,2.9050,12.0000,0.0950,0.0399,-0.1448,0.0000,0.0000,0.9986,0.0000,0.0488,-0.8139,-0.0336,0.3918,0.0399,-1.0872,0.9986,-0.2481,1.8432,-2.6571,0.0950
2025,157,Chase Saldate,Michigan,5,3,1.6606,23.0000,1.3394,0.0280,0.5358,0.0000,0.0000,-0.4232,0.0000,0.0011,0.1252,1.0724,0.4950,0.0280,0.5045,-0.4232,0.7351,1.4267,-1.3015,1.3394
2025,157,Christopher Hamblin,Oregon State,2,0,0.4913,28.0000,-0.4913,0.0216,-0.2292,0.0000,0.0000,0.0000,0.0000,-0.0004,-0.2833,0.0000,-0.1257,0.0216,-0.5584,0.0000,0.1713,0.2043,-0.4876,-0.4913
2025,157,Cobe Siebrecht,South Dakota State,4,2,1.4514,19.0000,0.5486,-0.0146,0.0965,0.0000,0.0000,0.0000,0.0000,-0.0003,0.4287,0.0383,-0.3469,-0.0146,0.5732,0.0000,0.3369,1.4371,-1.0084,0.5486
2025,157,Cody Chittum,Iowa State,4,2,1.6831,16.0000,0.3169,0.0088,0.1726,0.0000,0.0000,0.0000,0.0000,-0.0204,0.1558,0.0000,-0.0174,0.0088,0.1396,0.0000,0.1858,0.6780,-0.5222,0.3169
2025,157,DJ McGee,George Mason,4,2,2.2966,17.0000,-0.2966,0.0969,-0.5620,0.0000,0.0000,0.0000,0.0000,-0.0236,0.4774,-0.2853,-0.8569,0.0969,0.3637,0.0000,0.0997,1.3234,-0.8460,-0.2966
2025,157,Dylan Evans,Pittsburgh,3,1,1.2252,24.0000,-0.2252,-0.0393,-0.3539,0.0000,0.0000,0.4937,0.0000,0.0034,-0.3290,0.0000,-0.1156,-0.0393,-0.7225,0.4937,0.1585,0.3587,-0.6878,-0.2252
2025,157,Ed Scott,NC State,3,1,1.0425,22.0000,-0.0425,-0.0319,0.6037,0.0000,0.0000,-0.4211,0.0000,0.0034,-0.1966,0.0000,-0.0279,-0.0319,0.2115,-0.4211,0.2269,0.2927,-0.4893,-0.0425
2025,157,Ethen Miller,Maryland,3,1,1.9960,10.0000,-0.9960,-0.0470,-0.0563,0.0000,0.0000,-0.4904,0.0000,-0.0033,0.3881,-0.7871,-0.7248,-0.0470,0.4231,-0.4904,-0.1570,0.6963,-0.3082,-0.9960
2025,157,Grigor Cholakyan,Stanford,2,0,0.5507,27.0000,-0.5507,0.0013,0.0474,0.0000,0.0000,0.0000,0.0000,-0.0001,-0.5993,-0.0000,-0.1019,0.0013,-0.4913,0.0000,0.0412,0.0501,-0.6494,-0.5507
2025,157,Jacori Teemer,Iowa,2,0,1.1591,18.0000,-1.1591,-0.0576,-0.3917,0.0000,0.0000,0.0000,0.0000,-0.0001,-0.7097,0.0000,-0.1026,-0.0576,-1.1410,0.0000,0.1420,0.3610,-1.0707,-1.1591
2025,157,James Conway,Missouri,2,0,0.3801,30.0000,-0.3801,0.0399,0.0655,0.0000,0.0000,0.0000,0.0000,-0.0002,-0.4852,-0.0000,-0.1144,0.0399,-0.4999,0.0000,0.1944,0.6004,-1.0856,-0.3801
2025,157,James Harrington,Harvard,3,1,0.5695,29.0000,0.4305,0.0367,-0.0715,0.0000,0.0000,0.0000,0.0000,-0.0107,-0.3752,0.8513,-0.1569,0.0367,-0.1730,0.0000,0.7238,0.4843,-0.8595,0.4305
2025,157,Jared Hill,Wyoming,2,0,1.4032,13.0000,-1.4032,-0.0395,-0.3333,0.0000,0.0000,0.0000,-0.0334,0.0080,-0.1537,-0.8514,-0.7296,-0.0395,-0.4933,0.0000,-0.1408,0.0692,-0.2228,-1.4032
2025,157,Joey Blaze,Purdue,5,4,2.5166,8.0000,1.4834,0.0044,0.6462,0.0000,0.0000,0.4896,0.0000,0.0004,0.3429,0.0000,-0.0449,0.0044,0.4636,0.4896,0.5707,1.0045,-0.6616,1.4834
2025,157,Johnny Lovett,Central Michigan,3,1,1.2326,15.0000,-0.2326,-0.0550,0.8170,0.0000,0.0000,0.0000,0.0000,0.0227,-1.0173,0.0000,-0.1377,-0.0550,-0.4482,0.0000,0.4082,0.6056,-1.6229,-0.2326
2025,157,Jude Swisher,Pennsylvania,5,3,1.9187,14.0000,1.0813,-0.0203,0.1436,0.0000,0.0000,0.0000,0.0000,-0.0084,0.8750,0.0914,0.0115,-0.0203,0.6937,0.0000,0.3964,1.4314,-0.5564,1.0813
2025,157,Landen Johnson,Northern Illinois,2,0,0.2759,32.0000,-0.2759,0.0151,-0.2023,0.0000,0.0000,0.0000,0.0000,0.0009,-0.0862,-0.0033,-0.0339,0.0151,-0.3727,0.0000,0.1157,0.1157,-0.2019,-0.2759
2025,157,Logan Rozynski,Lehigh,3,1,1.1465,21.0000,-0.1465,-0.0891,-0.0747,0.0000,0.0000,0.0000,0.0000,-0.0032,0.0205,0.0000,-0.3943,-0.0891,0.3889,0.0000,-0.0519,0.3314,-0.3109,-0.1465
2025,157,Matty Bianchi,Little Rock,6,4,2.6612,11.0000,1.3388,-0.1554,0.0708,0.0000,0.0000,0.4801,0.0000,-0.0101,0.9534,0.0000,0.3502,-0.1554,0.5003,0.4801,0.1635,1.4673,-0.5139,1.3388
2025,157,Meyer Shapiro,Cornell,6,4,4.2362,2.0000,-0.2362,0.0792,-0.4791,0.0000,0.0000,0.0000,0.0000,0.0012,0.1625,0.0000,-0.2853,0.0792,-0.3532,0.0000,0.3232,1.4801,-1.3176,-0.2362
2025,157,Noah Castillo,Chattanooga,3,1,0.5796,31.0000,0.4204,-0.0092,0.2452,0.0000,0.0000,0.0000,0.0000,0.0007,0.1837,-0.0000,-0.1492,-0.0092,0.5061,0.0000,0.0726,0.7241,-0.5404,0.4204
2025,157,Rafael Hipolito,Virginia Tech,3,1,2.5870,4.0000,-1.5870,-0.0468,-0.4077,0.0000,0.0000,-0.6467,0.0000,0.0012,-0.2829,-0.2041,-0.3006,-0.0468,-0.6051,-0.6467,0.0122,0.3013,-0.5841,-1.5870
2025,157,Ryder Downey,Northern Iowa,4,2,3.0113,6.0000,-1.0113,0.0888,-0.3657,0.0000,0.0000,0.0000,0.0000,-0.0001,-0.7343,0.0000,-0.0905,0.0888,-0.8237,0.0000,-0.1859,0.6743,-1.4086,-1.0113
2025,157,Sonny Santiago,North Carolina,2,0,0.6768,25.0000,-0.6768,0.0280,-0.0079,0.0000,0.0000,-0.4937,0.0000,-0.0029,-0.2003,0.0000,-0.0317,0.0280,-0.1070,-0.4937,-0.0725,0.0751,-0.2754,-0.6768
2025,157,Tommy Askey,Minnesota,5,3,2.9801,9.0000,0.0199,0.0081,0.2273,0.0000,0.0000,-0.5179,0.0000,0.0311,0.2714,0.0000,-0.1629,0.0081,0.8194,-0.5179,-0.1268,0.7614,-0.4900,0.0199
2025,157,Trevor Chumbley,Northwestern,6,4,1.4083,20.0000,2.5917,-0.0180,1.1385,0.0000,0.0000,0.6467,0.0334,-0.0437,0.8348,0.0000,0.2406,-0.0180,1.4318,0.6467,0.2906,1.6593,-0.8245,2.5917
2025,157,Tyler Kasak,Penn State,7,6,6.1844,1.0000,-0.1844,0.0156,-0.2357,0.0000,0.0000,0.0000,0.0000,0.0101,-0.0113,0.0369,-0.4970,0.0156,0.1175,0.0000,0.1795,0.7679,-0.7792,-0.1844
2025,157,Vinny Zerban,Northern Colorado,7,4,3.9550,7.0000,0.0450,-0.0190,-1.2280,0.0000,0.0000,0.4597,0.0000,-0.0023,0.8345,0.0002,0.0558,-0.0190,-0.3941,0.4597,-0.0573,2.7845,-1.9500,0.0450
2025,165,Aiden Riggins,Iowa State,4,2,0.6209,30.0000,1.3791,0.0147,0.6174,0.0000,0.0000,0.0000,0.0000,-0.0018,0.7850,-0.0363,-0.0543,0.0147,1.0432,0.0000,0.3755,1.2271,-0.4421,1.3791
2025,165,Andrew Sparks,Minnesota,3,1,1.9240,10.0000,-0.9240,0.0528,-0.9542,0.0000,0.0000,0.0000,0.0000,0.0002,-0.0228,0.0000,-0.3912,0.0528,-0.9262,0.0000,0.3405,0.8458,-0.8686,-0.9240
2025,165,Beau Mantanona,Michigan,4,2,2.4569,6.0000,-0.4569,-0.0091,0.0104,0.0000,0.0000,-0.5343,0.0000,0.0008,0.0755,0.0000,0.3406,-0.0091,-0.4125,-0.5343,0.1585,1.3296,-1.2541,-0.4569
2025,165,Braeden Scoles,Illinois,5,3,2.9327,11.0000,0.0673,0.1352,-0.1042,0.0000,0.0000,-0.4710,0.0000,0.0066,0.1869,0.3137,-0.4345,0.1352,0.9652,-0.4710,-0.1277,2.0074,-1.8205,0.0673
2025,165,Cam Steed,Missouri,7,5,3.9801,9.0000,1.0199,-0.0545,-0.6521,0.0000,0.0000,0.5343,0.0000,-0.0003,0.8717,0.3208,0.0047,-0.0545,0.1444,0.5343,0.3910,1.9131,-1.0414,1.0199
2025,165,Cameron Amine,Oklahoma State,6,3,2.9341,8.0000,0.0659,0.0004,0.4277,0.0000,0.0000,0.4710,0.0000,-0.0039,-0.6113,-0.2179,-0.2194,0.0004,-0.7308,0.4710,0.5448,0.2118,-0.8231,0.0659
2025,165,Cesar Alvan,Columbia,2,0,0.7429,24.0000,-0.7429,-0.0035,0.2906,0.0000,0.0000,0.0000,0.0000,0.0005,-1.0304,0.0000,-0.0601,-0.0035,-0.6912,0.0000,0.0120,0.6069,-1.6373,-0.7429
2025,165,Chandler Amaker,Central Michigan,3,1,0.5132,33.0000,0.4868,0.0693,0.6329,0.0000,0.0000,-0.4039,0.0000,0.0043,0.1842,-0.0000,-0.0789,0.0693,0.8131,-0.4039,0.0872,0.7549,-0.5707,0.4868
2025,165,Christopher Minto,Nebraska,6,4,1.8659,12.0000,2.1341,-0.1388,0.2911,0.0000,0.0000,0.0000,0.0000,-0.0049,1.9868,0.0000,-0.0661,-0.1388,2.0335,0.0000,0.3055,3.3825,-1.3958,2.1341
2025,165,Cody Goebel,Wisconsin,2,0,0.2826,31.0000,-0.2826,-0.0023,0.0280,0.0000,0.0000,0.0000,0.0000,-0.0001,-0.3082,-0.0000,-0.0197,-0.0023,-0.2855,0.0000,0.0249,0.0259,-0.3341,-0.2826
2025,165,Derek Fields,NC State,2,0,0.4344,29.0000,-0.4344,-0.0377,-0.1607,0.0000,0.0000,0.0000,0.0000,-0.0206,-0.2154,0.0000,-0.1664,-0.0377,0.0561,0.0000,-0.2865,0.9327,-1.1480,-0.4344
2025,165,Drake Rhodes,South Dakota State,2,0,1.3626,14.0000,-1.3626,-0.0011,-0.4467,0.0000,0.0000,0.0000,0.0000,-0.0000,-0.9148,0.0000,-0.2556,-0.0011,-1.2192,0.0000,0.1132,0.7411,-1.6559,-1.3626
2025,165,Enrique Munguia,Rider,2,0,0.8795,22.0000,-0.8795,-0.0996,-0.1339,0.0000,0.0000,0.0000,0.0000,0.0000,-0.3097,-0.3363,-0.3507,-0.0996,-0.5291,0.0000,0.0999,0.7302,-1.0400,-0.8795
2025,165,Gunner Filipowicz,Army West Point,3,1,1.5010,20.0000,-0.5010,0.1191,0.0394,0.0000,0.0000,0.0000,0.0000,0.0205,-0.6149,-0.0650,-0.3521,0.1191,-0.5065,0.0000,0.2385,1.5215,-2.1364,-0.5010
2025,165,Hunter Garvin,Stanford,7,4,3.6763,7.0000,0.3237,-0.1117,0.2425,0.0000,0.0000,0.0000,0.0000,-0.0018,0.1948,0.0000,-0.6227,-0.1117,1.3035,0.0000,-0.2454,3.0553,-2.8606,0.3237
2025,165,Jack Thomsen,Northern Iowa,4,2,1.3965,19.0000,0.6035,-0.0380,0.1990,0.0000,0.0000,0.0000,0.0000,-0.0000,0.5498,-0.1074,-0.0245,-0.0380,0.1598,0.0000,0.5061,2.1963,-1.6465,0.6035
2025,165,Joseph Bianchi,Little Rock,2,0,0.9493,21.0000,-0.9493,0.0419,-0.2097,0.0000,0.0000,0.0000,0.0000,-0.0011,-0.7805,0.0000,-0.1938,0.0419,-0.8730,0.0000,0.0755,0.1362,-0.9167,-0.9493
2025,165,Julian Ramirez,Cornell,5,3,3.9420,5.0000,-0.9420,0.0324,-0.5112,0.0000,0.0000,0.0000,0.0000,0.0026,-0.5021,0.0363,0.2019,0.0324,-1.6582,0.0000,0.4820,1.7249,-2.2270,-0.9420
2025,165,Kyle Mosher,Hofstra,4,2,1.4146,16.0000,0.5854,0.0325,0.0440,0.0000,0.0000,0.0000,0.0000,0.0000,-0.0360,0.5449,0.1554,0.0325,-0.1307,0.0000,0.5282,0.7408,-0.7768,0.5854
2025,165,Mac Church,Virginia Tech,3,1,0.7038,28.0000,0.2962,-0.0005,0.1643,0.0000,0.0000,0.0000,0.0000,-0.0005,0.1329,0.0000,-0.1288,-0.0005,0.3406,0.0000,0.0849,0.6449,-0.5120,0.2962
2025,165,Maxx Mayfield,Northwestern,4,2,1.9212,18.0000,0.0788,-0.0211,-0.2306,0.0000,0.0000,-0.1415,-0.0000,-0.0023,0.4743,-0.0000,-0.2240,-0.0211,0.3332,-0.1415,0.1322,1.4996,-1.0252,0.0788
2025,165,Mike Caliendo,Iowa,5,4,3.1345,3.0000,0.8655,-0.0008,0.0133,0.0000,0.0000,0.0000,0.0120,0.0008,0.8403,0.0000,-0.1246,-0.0008,0.6561,0.0000,0.3348,1.5331,-0.6929,0.8655
2025,165,Mitchell Mesenbrink,Penn State,5,5,4.3929,1.0000,0.6071,0.0108,-0.0626,0.0000,0.0000,0.0000,-0.0120,0.0013,0.6696,0.0001,-0.1067,0.0108,0.6060,0.0000,0.0970,0.8004,-0.1308,0.6071
2025,165,Nicco Ruiz,Arizona State,3,1,1.8422,15.0000,-0.8422,-0.0011,-0.1220,0.0000,0.0000,0.0000,0.0000,-0.0013,-0.1623,-0.5555,-0.5874,-0.0011,-0.1735,0.0000,-0.0802,1.3798,-1.5421,-0.8422
2025,165,Nick Hamilton,Virginia,5,3,1.3997,25.0000,1.6003,-0.0607,0.8385,0.0000,0.0000,0.5454,0.0000,-0.0031,0.2802,0.0000,-0.5440,-0.0607,1.5165,0.5454,0.1431,1.0558,-0.7756,1.6003
2025,165,Noah Mulvaney,Bucknell,2,0,1.2417,17.0000,-1.2417,-0.0526,-0.5098,0.0000,0.0000,0.0000,0.0000,-0.0001,-0.5996,-0.0796,-0.2769,-0.0526,-1.0601,0.0000,0.1480,0.4964,-1.0959,-1.2417
2025,165,Paddy Gallagher,Ohio State,2,0,0.6126,26.0000,-0.6126,0.0572,0.0852,0.0000,0.0000,-0.4810,0.0000,-0.0017,-0.2724,0.0000,-0.0240,0.0572,-0.1688,-0.4810,0.0039,0.1451,-0.4175,-0.6126
2025,165,Peyton Hall,West Virginia,6,5,4.6415,2.0000,0.3585,-0.0483,-0.3552,0.0000,0.0000,0.0000,0.0000,0.0006,0.7613,0.0000,-0.3379,-0.0483,0.6925,0.0000,0.0522,2.9567,-2.1954,0.3585
2025,165,Terrell Barraclough,Utah Valley,7,5,4.9202,4.0000,0.0798,0.2495,0.3031,0.0000,0.0000,0.0000,0.0000,0.0075,-0.4803,0.0000,0.0405,0.2495,-0.5164,0.0000,0.3062,2.2995,-2.7798,0.0798
2025,165,Thomas Snipes,The Citadel,3,1,1.0484,23.0000,-0.0484,-0.0610,0.0835,0.0000,0.0000,0.4810,0.0000,0.0015,-0.5406,-0.0127,-0.0085,-0.0610,-0.5460,0.4810,0.0861,0.1851,-0.7257,-0.0484
2025,165,Tyler Lillard,Indiana,3,1,0.6710,27.0000,0.3290,0.0060,0.2849,0.0000,0.0000,0.0000,0.0000,-0.0037,-0.0881,0.1300,-0.1992,0.0060,0.0971,0.0000,0.4251,0.5645,-0.6527,0.3290
2025,165,Will Miller,Appalachian State,3,1,1.6606,13.0000,-0.6606,-0.0793,-0.1428,0.0000,0.0000,0.0000,0.0000,-0.0000,-0.5035,0.0650,-0.3337,-0.0793,-0.3335,0.0000,0.0858,0.4358,-0.9393,-0.6606
2025,174,Alex Cramer,Central Michigan,2,0,1.5228,10.0000,-1.5228,0.0652,-0.6508,0.0000,0.0000,0.0000,0.0000,0.0020,-0.9392,0.0000,-0.2845,0.0652,-1.2437,0.0000,-0.0597,-0.0599,-0.8793,-1.5228
2025,174,Avery Bassett,Lock Haven,2,0,0.3801,30.0000,-0.3801,-0.0057,-0.0463,0.0000,0.0000,0.0000,0.0000,-0.0054,-0.3226,-0.0000,-0.0953,-0.0057,-0.2756,0.0000,-0.0035,0.0045,-0.3271,-0.3801
2025,174,Branson John,Maryland,2,0,0.2826,31.0000,-0.2826,-0.0307,0.0438,0.0000,0.0000,0.0000,0.0000,-0.0019,-0.2870,-0.0068,-0.0413,-0.0307,-0.2529,0.0000,0.0422,0.0531,-0.3401,-0.2826
2025,174,Brevin Cassella,Binghamton,4,2,3.0784,6.0000,-1.0784,-0.0621,-0.7513,0.0000,0.0000,0.0000,0.0000,0.0002,-0.2652,0.0000,-0.1430,-0.0621,-0.8581,0.0000,-0.0152,0.3898,-0.6550,-1.0784
2025,174,Brody Baumann,Purdue,3,1,0.8672,26.0000,0.1328,-0.0018,0.2019,0.0000,0.0000,0.0000,0.0000,-0.0036,-0.0636,-0.0000,-0.1730,-0.0018,0.2029,0.0000,0.1048,0.7448,-0.8085,0.1328
2025,174,Cade DeVos,South Dakota State,6,3,1.9866,13.0000,1.0134,0.1840,0.3029,0.0000,0.0000,-0.4833,0.0000,-0.0308,1.0406,0.0000,-0.2130,0.1840,1.5052,-0.4833,0.0206,2.3921,-1.3515,1.0134
2025,174,Carson Kharchla,Ohio State,2,0,1.2459,9.0000,-1.2459,0.0782,-0.3051,0.0000,0.0000,-0.4896,0.0000,-0.0013,-0.5280,0.0000,-0.1694,0.0782,-0.7527,-0.4896,0.0876,1.1576,-1.6857,-1.2459
2025,174,Clayton Whiting,Minnesota,3,1,0.4718,28.0000,0.5282,-0.0331,0.3307,0.0000,0.0000,0.0000,0.0000,0.0096,0.2211,0.0000,-0.0032,-0.0331,0.3978,0.0000,0.1668,1.3555,-1.1345,0.5282
2025,174,Dalton Harkins,Army West Point,4,2,1.5168,25.0000,0.4832,-0.1481,0.5596,0.0000,0.0000,-0.9273,0.0000,0.0100,0.9891,0.0000,-0.2803,-0.1481,0.7155,-0.9273,1.1234,1.6967,-0.7076,0.4832
2025,174,Dan Braunagel,Illinois,3,1,1.4044,20.0000,-0.4044,-0.0707,0.2896,0.0000,0.0000,0.0000,0.0000,0.0048,-0.6281,0.0000,-0.1187,-0.0707,0.0198,0.0000,-0.2348,1.1370,-1.7651,-0.4044
2025,174,Danny Wask,Navy,6,3,3.9704,7.0000,-0.9704,-0.0531,-0.6449,0.0000,0.0000,0.0000,0.0000,0.0034,-0.2758,0.0000,-0.5750,-0.0531,-0.2777,0.0000,-0.0645,0.9200,-1.1958,-0.9704
2025,174,Dean Hamiti,Oklahoma State,5,5,3.2028,3.0000,1.7972,0.0210,0.7161,0.0000,0.0000,0.5852,0.0000,-0.0024,0.4773,0.0000,-0.2956,0.0210,1.2968,0.5852,0.1898,1.2531,-0.7759,1.7972
2025,174,Garrett Thompson,Ohio,4,2,3.3603,4.0000,-1.3603,-0.0629,-0.7210,0.0000,0.0000,0.0000,0.0000,0.0093,-0.5858,0.0000,-0.5833,-0.0629,-0.9703,0.0000,0.2562,0.5034,-1.0892,-1.3603
2025,174,Gaven Sax,Oklahoma,3,1,1.0309,18.0000,-0.0309,-0.1184,0.4623,0.0000,0.0000,0.0000,0.0000,0.0110,-0.3859,0.0000,0.4080,-0.1184,-0.5493,0.0000,0.2287,0.1961,-0.5820,-0.0309
2025,174,Jackson Turley,Rutgers,2,0,0.4344,29.0000,-0.4344,0.0182,-0.1674,0.0000,0.0000,0.0000,0.0000,0.0010,-0.2862,-0.0000,-0.1085,0.0182,-0.2994,0.0000,-0.0447,0.6204,-0.9066,-0.4344
2025,174,Jared Simma,Northern Iowa,3,1,1.2564,19.0000,-0.2564,-0.0239,-0.2153,0.0000,0.0000,0.0000,0.0000,-0.0033,-0.0139,0.0000,-0.1803,-0.0239,-0.3176,0.0000,0.2654,0.4388,-0.4527,-0.2564
2025,174,Jasiah Queen,Drexel,2,0,0.5507,27.0000,-0.5507,-0.0986,-0.0937,0.0000,0.0000,0.0000,0.0241,-0.0017,-0.3808,0.0000,0.0000,-0.0986,-0.2068,0.0000,-0.2453,-0.2151,-0.1656,-0.5507
2025,174,Joshua Ogunsanya,North Carolina,3,1,1.0186,21.0000,-0.0186,0.0255,-0.3189,0.0000,0.0000,0.5642,0.0000,0.0050,-0.2944,0.0000,-0.0834,0.0255,-0.3372,0.5642,-0.1878,0.7583,-1.0527,-0.0186
2025,174,Keegan O`Toole,Missouri,5,4,4.5003,1.0000,-0.5003,0.0421,-0.9426,0.0000,0.0000,-0.5852,0.0000,0.0059,0.9796,0.0001,0.3568,0.0421,-0.0782,-0.5852,-0.2358,2.3662,-1.3866,-0.5003
2025,174,Lennox Wolak,Virginia Tech,4,2,1.1030,24.0000,0.8970,0.0049,0.3608,0.0000,0.0000,0.4937,0.0000,-0.0071,0.0447,0.0000,-0.2583,0.0049,0.4111,0.4937,0.2457,0.7322,-0.6875,0.8970
2025,174,Lenny Pinto,Nebraska,5,3,3.2097,8.0000,-0.2097,0.0482,-0.8412,0.0000,0.0000,0.4896,0.0000,-0.0245,0.1138,0.0043,-1.0787,0.0482,0.2612,0.4896,0.0700,1.9145,-1.8007,-0.2097
2025,174,Levi Haines,Penn State,6,5,4.6704,2.0000,0.3296,0.0470,-0.5031,0.0000,0.0000,0.0000,0.0000,0.0006,0.7783,0.0068,-0.1084,0.0470,0.2463,0.0000,0.1447,1.3422,-0.5638,0.3296
2025,174,Lorenzo Norman,Stanford,3,1,1.0703,16.0000,-0.0703,-0.1274,0.5127,0.0000,0.0000,0.0000,0.0000,-0.0001,-0.4555,0.0000,0.1519,-0.1274,-0.0946,0.0000,-0.0003,1.5488,-2.0044,-0.0703
2025,174,Luca Augustine,Pittsburgh,5,3,2.9318,15.0000,0.0682,0.2569,-0.4198,0.0000,0.0000,0.4337,0.0000,-0.0031,-0.1995,0.0000,-0.3020,0.2569,0.2837,0.4337,-0.6040,1.1945,-1.3939,0.0682
2025,174,MJ Gaitan,Iowa State,3,1,0.6721,23.0000,0.3279,-0.0342,0.2618,0.0000,0.0000,0.0000,0.0000,-0.0001,0.1047,-0.0043,-0.1306,-0.0342,0.1848,0.0000,0.3079,0.6523,-0.5476,0.3279
2025,174,Matthew Singleton,NC State,7,5,2.9710,14.0000,2.0290,0.1903,1.0691,0.0000,0.0000,0.0000,0.0000,0.0002,0.7694,0.0000,-0.0715,0.1903,0.9513,0.0000,0.9589,1.7102,-0.9408,2.0290
2025,174,Michael Wilson,Rider,2,0,0.2603,33.0000,-0.2603,-0.0014,-0.0094,0.0000,0.0000,0.0000,0.0000,0.0000,-0.2494,-0.0001,-0.0348,-0.0014,-0.2516,0.0000,0.0275,0.0304,-0.2798,-0.2603
2025,174,Myles Takats,Bucknell,2,0,1.4435,12.0000,-1.4435,0.0102,-0.2995,0.0000,0.0000,-0.5642,0.0000,-0.0138,-0.5762,0.0000,-0.0384,0.0102,-0.7689,-0.5642,-0.0822,0.9454,-1.5215,-1.4435
2025,174,Nick Incontrera,Pennsylvania,5,3,1.7085,22.0000,1.2915,0.1063,0.5156,0.0000,0.0000,0.0000,-0.0241,-0.0053,0.6990,0.0000,0.1807,0.1063,0.4652,0.0000,0.5393,1.4220,-0.7230,1.2915
2025,174,Patrick Kennedy,Iowa,7,5,3.0044,11.0000,1.9956,-0.1980,0.9443,0.0000,0.0000,0.4833,0.0000,0.0052,0.7607,0.0000,0.2841,-0.1980,0.9964,0.4833,0.4298,2.6188,-1.8581,1.9956
2025,174,Sergio Desiante,Chattanooga,4,2,2.0627,17.0000,-0.0627,0.0801,-0.1046,0.0000,0.0000,0.0000,0.0000,-0.0110,-0.0272,0.0000,-0.2408,0.0801,-0.0520,0.0000,0.1501,1.1116,-1.1388,-0.0627
2025,174,Simon Ruiz,Cornell,7,5,4.8107,5.0000,0.1893,-0.1080,0.4638,0.0000,0.0000,0.0000,0.0000,0.0473,-0.2138,0.0000,-0.0346,-0.1080,-0.3512,0.0000,0.6831,0.9243,-1.1380,0.1893
2025,184,Aidan Brenot,North Dakota State,5,3,1.5967,23.0000,1.4033,-0.0971,0.5402,0.0000,0.0000,0.5466,0.0000,-0.0005,-0.1029,0.5169,-0.2192,-0.0971,0.4840,0.5466,0.6890,1.2320,-1.3349,1.4033
2025,184,Bennett Berge,South Dakota State,3,1,2.4239,5.0000,-1.4239,-0.0562,-0.2631,0.0000,0.0000,0.0000,0.0000,-0.0001,-0.6819,-0.4226,-0.5251,-0.0562,-0.5182,0.0000,-0.3244,0.5328,-1.2147,-1.4239
2025,184,Caden Rogers,Lehigh,2,0,0.2759,32.0000,-0.2759,-0.0299,-0.0091,0.0000,0.0000,0.0000,0.0000,-0.0000,-0.2368,-0.0000,-0.1500,-0.0299,-0.2535,0.0000,0.1575,0.1935,-0.4303,-0.2759
2025,184,Carter Starocci,Penn State,5,5,4.1849,1.0000,0.8151,0.0463,0.1090,0.0000,0.0000,0.0000,0.0000,0.0026,0.6571,0.0000,-0.2067,0.0463,0.8310,0.0000,0.1445,0.9045,-0.2474,0.8151
2025,184,Chris Foca,Cornell,7,5,4.4805,6.0000,0.5195,0.0440,0.1458,0.0000,0.0000,0.0000,0.0000,0.0276,0.3021,0.0001,-0.0443,0.0440,-0.1405,0.0000,0.6603,1.9550,-1.6529,0.5195
2025,184,Colin Fegley,Lock Haven,1,0,0.0671,30.0000,-0.0671,-0.0011,0.0117,0.0000,0.0000,0.0000,0.0000,0.0000,-0.0776,-0.0000,-0.0020,-0.0011,-0.0781,0.0000,0.0142,0.0145,-0.0921,-0.0671
2025,184,Colton Hawks,Missouri,2,0,0.3279,31.0000,-0.3279,-0.0224,0.1224,0.0000,0.0000,0.0000,0.0000,-0.0000,-0.4279,-0.0000,-0.1250,-0.0224,-0.1387,0.0000,-0.0418,0.0294,-0.4573,-0.3279
2025,184,DJ Parker,Oklahoma,5,3,2.3271,14.0000,0.6729,0.0534,-0.1579,0.0000,0.0000,0.0000,0.0000,-0.0006,0.5117,0.2662,0.0214,0.0534,0.0600,0.0000,0.5381,1.1541,-0.6424,0.6729
2025,184,Dennis Robin,West Virginia,2,0,0.4913,28.0000,-0.4913,-0.0410,0.0304,0.0000,0.0000,0.0000,0.0000,0.0001,-0.4808,0.0000,-0.2590,-0.0410,-0.1166,0.0000,-0.0747,0.0421,-0.5229,-0.4913
2025,184,Devan Hendricks,Bellarmine,2,0,0.7429,24.0000,-0.7429,0.0354,-0.2777,0.0000,0.0000,0.0000,0.0000,-0.0207,-0.4799,0.0000,-0.2370,0.0354,-0.4130,0.0000,-0.1284,0.0000,-0.4799,-0.7429
2025,184,Donnell Washington,Indiana,7,4,2.2578,22.0000,1.7422,0.0567,0.3731,0.0000,0.0000,0.0000,0.1028,-0.0379,1.2431,0.0044,-0.6255,0.0567,1.7971,0.0000,0.5140,2.4372,-1.1941,1.7422
2025,184,Dustin Plott,Oklahoma State,6,4,3.7517,4.0000,0.2483,-0.0302,0.0650,0.0000,0.0000,0.0000,0.0000,0.0348,0.1787,0.0000,0.0717,-0.0302,-0.7043,0.0000,0.9111,1.4118,-1.2331,0.2483
2025,184,Dylan Fishback,NC State,5,3,1.9767,15.0000,1.0233,-0.0133,0.1873,0.0000,0.0000,0.5719,0.0000,0.0542,0.2232,0.0000,-0.5061,-0.0133,0.8186,0.5719,0.1522,0.9895,-0.7663,1.0233
2025,184,Eddie Neitenbach,Wyoming,4,2,2.2080,19.0000,-0.2080,-0.0247,-0.0765,0.0000,0.0000,0.4934,0.0000,-0.0035,-0.6857,0.0890,-0.6356,-0.0247,-0.6126,0.4934,0.5715,0.6744,-1.3601,-0.2080
2025,184,Edmond Ruth,Illinois,4,2,2.0803,10.0000,-0.0803,0.0082,-0.3506,0.0000,0.0000,0.5313,0.0000,-0.0066,-0.2626,0.0000,-0.1854,0.0082,-0.5073,0.5313,0.0729,0.6028,-0.8655,-0.0803
2025,184,Evan Bockman,Iowa State,2,0,1.4032,13.0000,-1.4032,-0.0015,-0.4495,0.0000,0.0000,0.0000,0.0000,-0.0026,-0.9495,-0.0000,-0.6664,-0.0015,-0.6667,0.0000,-0.0686,0.0841,-1.0336,-1.4032
2025,184,Gabe Arnold,Iowa,4,2,2.3250,11.0000,-0.3250,-0.0562,0.0348,0.0000,0.0000,0.0000,0.0000,0.0114,-0.0488,-0.2662,-0.3915,-0.0562,-0.2422,0.0000,0.3649,0.9942,-1.0431,-0.3250
2025,184,Gavin Kane,North Carolina,3,1,1.6880,17.0000,-0.6880,0.1020,-0.2579,0.0000,0.0000,0.0000,0.0000,-0.0554,-0.4768,0.0000,-0.3353,0.1020,-1.0514,0.0000,0.5967,0.6755,-1.1523,-0.6880
2025,184,Isaac Dean,Rider,4,2,2.9368,7.0000,-0.9368,-0.0302,-0.4115,0.0000,0.0000,-0.7388,0.0000,-0.0006,0.2443,0.0000,0.1163,-0.0302,-0.1598,-0.7388,-0.1243,0.5609,-0.3166,-0.9368
2025,184,Jared McGill,Edinboro,3,1,0.8522,25.0000,0.1478,0.0146,0.4212,0.0000,0.0000,-0.3644,0.0000,0.0006,0.1488,-0.0729,0.1170,0.0146,0.4781,-0.3644,-0.0975,0.5135,-0.3647,0.1478
2025,184,Jaxon Smith,Maryland,7,4,3.4544,8.0000,0.5456,-0.1179,0.1066,0.0000,0.0000,-0.4238,0.0000,0.0036,0.7462,0.2308,-0.1318,-0.1179,0.7791,-0.4238,0.4400,1.4144,-0.6682,0.5456
2025,184,Kole Mulhauser,Princeton,3,1,0.5695,29.0000,0.4305,-0.0023,0.3617,0.0000,0.0000,0.0000,0.0000,0.0031,0.0681,-0.0000,-0.0170,-0.0023,0.0518,0.0000,0.3980,0.5551,-0.4871,0.4305
2025,184,Malachi DuVall,George Mason,2,1,0.9287,21.0000,0.0713,0.0999,-0.0190,0.0000,0.0000,0.0000,0.0000,-0.0029,-0.0067,0.0000,-0.2074,0.0999,-0.0445,0.0000,0.2232,0.6753,-0.6820,0.0713
2025,184,Max McEnelly,Minnesota,6,5,4.0645,3.0000,0.9355,0.1019,0.1695,0.0000,0.0000,-0.0465,0.0000,-0.0286,0.7391,0.0000,-0.9373,0.1019,1.7423,-0.0465,0.0750,2.1728,-1.4337,0.9355
2025,184,Maximus Hale,Pennsylvania,3,1,1.6204,18.0000,-0.6204,0.0101,-0.4101,0.0000,0.0000,0.0000,0.0000,0.0001,-0.2205,0.0000,0.0925,0.0101,-0.8717,0.0000,0.1487,0.6431,-0.8636,-0.6204
2025,184,Nick Fine,Columbia,3,1,1.0030,20.0000,-0.0030,0.0222,0.1656,0.0000,0.0000,-0.4934,0.0000,-0.0046,0.3071,0.0000,-0.3861,0.0222,0.1372,-0.4934,0.7171,0.8266,-0.5195,-0.0030
2025,184,Parker Keckeisen,Northern Iowa,5,4,3.5544,2.0000,0.4456,-0.0571,-0.1774,0.0000,0.0000,0.4702,0.0000,0.0043,0.2056,0.0000,-0.1057,-0.0571,-0.1212,0.4702,0.2594,0.7827,-0.5771,0.4456
2025,184,Reece Heller,Pittsburgh,3,1,2.0080,9.0000,-1.0080,-0.0445,0.1275,0.0000,0.0000,0.0000,0.0000,0.0196,-0.4359,-0.6748,-0.7127,-0.0445,-0.4234,0.0000,0.1725,0.1900,-0.6259,-1.0080
2025,184,Ross McFarland,Hofstra,2,0,0.5507,27.0000,-0.5507,-0.0113,-0.2881,0.0000,0.0000,0.0000,-0.1028,0.0029,-0.1514,0.0000,0.0023,-0.0113,-0.4623,0.0000,-0.0795,0.4864,-0.6377,-0.5507
2025,184,Ryder Rogotzke,Ohio State,2,0,0.6126,26.0000,-0.6126,0.0381,-0.2707,0.0000,0.0000,0.0000,0.0000,0.0015,-0.3815,0.0000,-0.1152,0.0381,-0.6404,0.0000,0.1049,0.5479,-0.9294,-0.6126
2025,184,Shane Cartagena-Walsh,Rutgers,4,2,1.7565,16.0000,0.2435,-0.0482,0.1980,0.0000,0.0000,-0.5466,0.0000,0.0003,0.6400,-0.0000,-0.0022,-0.0482,0.9077,-0.5466,-0.0672,1.1077,-0.4677,0.2435
2025,184,Silas Allred,Nebraska,5,3,2.2119,12.0000,0.7881,0.0519,0.2478,0.0000,0.0000,0.0000,0.0000,-0.0021,0.0679,0.4226,-0.0186,0.0519,0.2528,0.0000,0.5019,1.0821,-1.0142,0.7881
2025,184,TJ McDonnell,Oregon State,1,0,0.2674,33.0000,-0.2674,0.0000,0.0015,0.0000,0.0000,0.0000,0.0000,0.0000,-0.1754,-0.0935,-0.0943,0.0000,-0.1731,0.0000,0.0000,-0.0504,-0.1250,-0.2674
2025,197,AJ Ferrari,CSU Bakersfield,6,5,3.9571,3.0000,1.0429,0.1064,0.5739,0.0000,0.0000,0.0000,0.0000,0.0026,0.3600,0.0000,-0.2505,0.1064,0.1605,0.0000,1.0265,0.5176,-0.1576,1.0429
2025,197,Andy Smith,Virginia Tech,3,1,1.0574,19.0000,-0.0574,-0.0649,0.3718,0.0000,0.0000,0.0000,0.0000,-0.0032,-0.3611,0.0000,-0.1056,-0.0649,-0.0227,0.0000,0.1358,0.6111,-0.9722,-0.0574
2025,197,Brock Zurawski,Rider,3,1,0.8142,26.0000,0.1858,-0.0082,-0.0961,0.0000,0.0000,0.6415,0.0000,-0.0351,-0.3163,0.0000,-0.4268,-0.0082,0.3043,0.6415,-0.3251,0.5798,-0.8961,0.1858
2025,197,Camden McDanel,Nebraska,7,4,3.0088,20.0000,0.9912,0.1507,0.4524,0.0000,0.0000,0.0000,0.0000,0.0029,0.3852,0.0000,-0.4049,0.1507,0.8845,0.0000,0.3608,2.0578,-1.6727,0.9912
2025,197,Dillon Bechtold,Bucknell,4,2,1.8812,18.0000,0.1188,-0.0985,-0.1025,0.0000,0.0000,0.0000,0.0000,0.0026,0.2071,0.1100,-0.0536,-0.0985,0.0931,0.0000,0.1778,1.2789,-1.0718,0.1188
2025,197,Evan Bates,Northwestern,3,1,1.1293,16.0000,-0.1293,0.0505,0.2621,0.0000,0.0000,0.0000,0.0000,-0.0105,-0.4313,0.0000,0.2176,0.0505,-0.5569,0.0000,0.1595,1.3795,-1.8109,-0.1293
2025,197,Gabe Sollars,Indiana,4,2,1.2122,24.0000,0.7878,-0.1162,0.8203,0.0000,0.0000,0.0000,0.0472,0.0309,0.0055,0.0000,0.1207,-0.1162,0.1275,0.0000,0.6558,0.5987,-0.5932,0.7878
2025,197,Ian Bush,West Virginia,2,0,0.3020,30.0000,-0.3020,-0.0179,-0.1542,0.0000,0.0000,0.0000,0.0000,0.0008,-0.1306,0.0000,-0.0534,-0.0179,-0.3015,0.0000,0.0708,0.1131,-0.2437,-0.3020
2025,197,Isaiah Salazar,Minnesota,2,0,1.1557,10.0000,-1.1557,-0.0683,0.0937,0.0000,0.0000,-0.4687,0.0000,0.0031,-0.1916,-0.5241,-0.4398,-0.0683,0.0078,-0.4687,-0.1868,0.1418,-0.3333,-1.1557
2025,197,Jacob Cardenas,Michigan,6,4,5.2587,1.0000,-1.2587,-0.0077,-1.2000,0.0000,0.0000,0.0000,0.0000,-0.0075,-0.0435,0.0000,-0.7741,-0.0077,-0.5602,0.0000,0.0833,0.6163,-0.6598,-1.2587
2025,197,Joseph Novak,Wyoming,8,6,3.0516,15.0000,2.9484,0.0655,0.4911,0.0000,0.0000,0.0000,0.0000,0.0003,2.0160,0.3756,-0.1013,0.0655,1.9874,0.0000,0.9968,2.6847,-0.6687,2.9484
2025,197,Josh Barr,Penn State,5,4,2.8068,4.0000,1.1932,0.1307,0.0547,0.0000,0.0000,0.4002,0.0021,0.0043,0.6011,0.0000,-0.2773,0.1307,0.6321,0.4002,0.3075,1.2196,-0.6184,1.1932
2025,197,Levi Hopkins,Campbell,3,1,1.2564,21.0000,-0.2564,-0.0233,-0.0088,0.0000,0.0000,0.0000,0.0000,-0.0015,-0.2228,-0.0000,-0.1852,-0.0233,-0.2097,0.0000,0.1618,0.5051,-0.7280,-0.2564
2025,197,Luke Stout,Princeton,4,2,2.4346,11.0000,-0.4346,-0.0941,-0.1757,0.0000,0.0000,0.0000,-0.0602,0.0148,-0.1194,0.0000,0.1697,-0.0941,-1.0839,0.0000,0.5738,1.1238,-1.2432,-0.4346
2025,197,Luke Surber,Oklahoma State,2,0,1.3345,8.0000,-1.3345,0.0282,-0.4773,0.0000,0.0000,0.0000,0.0000,-0.0000,-0.8853,0.0000,-0.7160,0.0282,-0.7382,0.0000,0.0915,0.4663,-1.3516,-1.3345
2025,197,Mac Stout,Pittsburgh,6,4,3.8535,6.0000,0.1465,0.0952,0.0210,0.0000,0.0000,-0.5613,0.0000,0.0065,0.5851,0.0000,-0.4471,0.0952,1.1249,-0.5613,-0.0651,1.0016,-0.4165,0.1465
2025,197,Michael Beard,Lehigh,4,2,2.7910,5.0000,-0.7910,-0.0025,-0.3345,0.0000,0.0000,0.0000,0.0000,-0.0035,-0.4506,0.0001,-0.3171,-0.0025,-0.5276,0.0000,0.0561,0.7634,-1.2140,-0.7910
2025,197,Michael Dellagatta,Cornell,3,1,0.7923,27.0000,0.2077,0.0105,0.1571,0.0000,0.0000,0.0000,0.0000,0.0095,0.0306,0.0000,0.0752,0.0105,0.0073,0.0000,0.1147,0.4796,-0.4490,0.2077
2025,197,Mickey O`Malley,Drexel,2,0,0.8795,22.0000,-0.8795,-0.0198,-0.3854,0.0000,0.0000,0.0000,0.0602,-0.0338,-0.5007,0.0000,-0.2654,-0.0198,-0.0540,0.0000,-0.5404,0.3991,-0.8999,-0.8795
2025,197,Nikolas Stemmet,Stanford,3,1,1.6880,17.0000,-0.6880,-0.0599,-0.4147,0.0000,0.0000,0.0000,0.0000,0.0079,-0.2207,-0.0006,-0.2198,-0.0599,-0.2983,0.0000,-0.1098,2.5293,-2.7500,-0.6880
2025,197,Patrick Brophy,The Citadel,3,1,0.8522,25.0000,0.1478,0.0148,0.1468,0.0000,0.0000,0.0000,-0.0472,-0.0003,0.0337,0.0000,-0.0427,0.0148,-0.2977,0.0000,0.4734,0.9816,-0.9479,0.1478
2025,197,Payton Thomas,Navy,2,0,0.4913,28.0000,-0.4913,0.0160,-0.0800,0.0000,0.0000,0.0000,0.0000,-0.0020,-0.4252,-0.0001,-0.1017,0.0160,-0.5467,0.0000,0.1412,0.1475,-0.5727,-0.4913
2025,197,Remy Cotton,Michigan State,2,0,0.3279,31.0000,-0.3279,-0.0026,0.0103,0.0000,0.0000,0.0000,0.0000,-0.0015,-0.2241,-0.1100,-0.1056,-0.0026,-0.2331,0.0000,0.0134,0.0273,-0.2514,-0.3279
2025,197,Seth Shumate,Ohio State,4,2,1.1857,23.0000,0.8143,0.0043,0.3087,0.0000,0.0000,0.0000,0.0000,0.0146,-0.0374,0.5241,0.5302,0.0043,-0.1645,0.0000,0.4442,1.0859,-1.1234,0.8143
2025,197,Stephen Buchanan,Iowa,5,5,3.9627,2.0000,1.0373,-0.0756,0.3507,0.0000,0.0000,0.0000,0.0000,0.0062,0.7560,0.0000,0.2990,-0.0756,0.2635,0.0000,0.5504,1.0997,-0.3437,1.0373
2025,197,Stephen Little,Little Rock,8,5,3.9535,12.0000,1.0465,-0.0607,0.1973,0.0000,0.0000,0.5613,0.0000,0.0018,0.3467,0.0000,-0.3511,-0.0607,0.6516,0.5613,0.2454,1.6382,-1.2915,1.0465
2025,197,Trey Munoz,Oregon State,4,2,1.8793,13.0000,0.1207,-0.0527,0.1432,0.0000,0.0000,0.0921,0.0000,0.0010,-0.0629,0.0000,0.0662,-0.0527,0.0529,0.0921,-0.0377,0.6401,-0.7030,0.1207
2025,197,Tucker Hogan,Lock Haven,2,0,0.4344,29.0000,-0.4344,-0.0046,-0.0235,0.0000,0.0000,0.0000,-0.0021,0.0000,-0.4042,0.0000,-0.0622,-0.0046,-0.3948,0.0000,0.0272,0.0501,-0.4543,-0.4344
2025,197,Wolfgang Frable,Army West Point,2,0,0.2759,32.0000,-0.2759,-0.0008,0.2003,0.0000,0.0000,0.0000,0.0000,-0.0009,-0.4746,0.0000,-0.0709,-0.0008,-0.1427,0.0000,-0.0614,0.9875,-1.4621,-0.2759
2025,197,Wyatt Voelker,Northern Iowa,5,3,3.4497,7.0000,-0.4497,0.0645,-0.2809,0.0000,0.0000,-0.1728,0.0000,-0.0018,-0.0587,0.0000,-0.1110,0.0645,-0.2940,-0.1728,0.0637,1.3242,-1.3829,-0.4497
2025,197,Zac Braunagel,Illinois,4,2,2.6815,9.0000,-0.6815,-0.0427,-0.7217,0.0000,0.0000,0.0000,0.0000,-0.0099,0.4678,-0.3750,-1.1319,-0.0427,0.4533,0.0000,0.0398,0.9277,-0.4599,-0.6815
2025,197,Zach Glazier,South Dakota State,3,1,1.8410,14.0000,-0.8410,0.0837,-0.2002,0.0000,0.0000,-0.4922,0.0000,0.0015,-0.2338,0.0000,-0.1523,0.0837,-0.3242,-0.4922,0.0440,0.4908,-0.7246,-0.8410
2025,285,Ashton Davis,Cornell,3,1,0.6824,29.0000,0.3176,0.0514,0.1745,0.0000,0.0000,0.0000,0.0000,-0.0010,0.0927,-0.0000,-0.0453,0.0514,0.1466,0.0000,0.1649,0.5677,-0.4750,0.3176
2025,285,Ben Kueter,Iowa,6,3,3.8693,5.0000,-0.8693,0.0176,-0.9737,0.0000,0.0000,0.0000,0.0000,0.0054,0.0814,0.0000,-0.3466,0.0176,-0.8406,0.0000,0.3002,0.8462,-0.7649,-0.8693
2025,285,Brady Colbert,Army West Point,3,1,0.9601,22.0000,0.0399,-0.0446,0.0919,0.0000,0.0000,0.0000,0.0019,-0.0061,-0.0031,-0.0000,-0.1262,-0.0446,0.1493,0.0000,0.0615,0.6322,-0.6353,0.0399
2025,285,Cohlton Schultz,Arizona State,6,5,2.7976,9.0000,2.2024,0.0224,1.0689,0.0000,0.0000,0.0000,0.0000,0.0075,1.1036,-0.0000,0.3558,0.0224,0.6256,0.0000,1.1985,1.6255,-0.5219,2.2024
2025,285,Connor Barket,Duke,2,0,0.3628,27.0000,-0.3628,0.0163,-0.0822,0.0000,0.0000,0.0000,0.0000,-0.0052,-0.2364,-0.0554,-0.0967,0.0163,-0.3324,0.0000,0.0500,0.0833,-0.3197,-0.3628
2025,285,Cory Day,Binghamton,3,1,1.4714,19.0000,-0.4714,0.0370,-0.0565,0.0000,0.0000,0.0000,0.0000,0.0016,-0.4537,0.0001,-0.1984,0.0370,-0.5984,0.0000,0.2884,0.4873,-0.9409,-0.4714
2025,285,Daniel Bucknavich,Cleveland State,2,0,0.8106,23.0000,-0.8106,0.0762,-0.1305,0.0000,0.0000,0.0000,0.0000,-0.0026,-0.7536,0.0000,-0.1374,0.0762,-0.7911,0.0000,0.0417,0.2552,-1.0088,-0.8106
2025,285,Daniel Herrera,Iowa State,2,0,0.4913,28.0000,-0.4913,-0.0337,-0.0726,0.0000,0.0000,0.0000,0.0000,0.0028,-0.3878,0.0000,-0.2142,-0.0337,-0.4271,0.0000,0.1837,0.2536,-0.6415,-0.4913
2025,285,Dayton Pitzer,Pittsburgh,5,3,2.8790,10.0000,0.1210,-0.1161,0.0060,0.0000,0.0000,0.0000,0.0000,0.0160,0.2132,0.0019,-0.4540,-0.1161,0.1213,0.0000,0.5698,1.0826,-0.8694,0.1210
2025,285,Gable Steveson,Minnesota,5,4,4.1999,1.0000,-0.1999,-0.0231,0.0528,0.0000,0.0000,0.0000,0.0000,-0.0003,-0.2399,0.0106,-0.2126,-0.0231,0.0875,0.0000,-0.0517,0.7986,-1.0386,-0.1999
2025,285,Gavin Hoffman,Lock Haven,5,3,2.5538,14.0000,0.4462,-0.0777,-0.0110,0.0000,0.0000,0.0000,0.0000,-0.0012,0.5361,0.0000,-0.4775,-0.0777,0.8789,0.0000,0.1225,1.4561,-0.9201,0.4462
2025,285,Greg Kerkvliet,Penn State,4,3,2.8037,3.0000,0.1963,0.0049,-0.0572,0.0000,0.0000,0.0000,0.0000,0.0219,0.2267,0.0000,-0.1283,0.0049,0.0274,0.0000,0.2923,0.5613,-0.3346,0.1963
2025,285,Hayden Filipovich,Purdue,2,0,0.2603,33.0000,-0.2603,0.0104,-0.0166,0.0000,0.0000,0.0000,0.0000,0.0005,-0.2520,-0.0026,-0.0141,0.0104,-0.2667,0.0000,0.0100,0.1334,-0.3854,-0.2603
2025,285,Isaac Trumble,NC State,7,5,3.7159,7.0000,1.2841,-0.0202,0.6988,0.0000,0.0000,0.0000,0.0000,0.1032,0.5321,-0.0297,0.0480,-0.0202,1.0464,0.0000,0.2100,1.6382,-1.1061,1.2841
2025,285,Jacob Bullock,Indiana,4,2,1.8351,21.0000,0.1649,0.1153,0.0866,0.0000,0.0000,0.0000,0.0000,-0.0013,-0.0357,0.0000,-0.2018,0.1153,-0.0957,0.0000,0.3470,1.1032,-1.1390,0.1649
2025,285,Jake Andrews,CSU Bakersfield,3,1,1.7019,17.0000,-0.7019,-0.0027,-0.6105,0.0000,0.0000,0.0000,0.0000,-0.0023,-0.0865,0.0000,-0.4291,-0.0027,-0.3479,0.0000,0.0777,0.5408,-0.6272,-0.7019
2025,285,Jimmy Mullen,Virginia Tech,3,1,2.0071,11.0000,-1.0071,0.0442,-0.0145,0.0000,0.0000,0.0000,0.0000,0.0052,-1.0420,0.0000,-0.0386,0.0442,-1.0446,0.0000,0.0318,0.2858,-1.3278,-1.0071
2025,285,Jordan Greer,Ohio,2,0,1.0195,20.0000,-1.0195,-0.0529,-0.2718,0.0000,0.0000,0.0000,0.0000,-0.0002,-0.6945,0.0000,-0.1685,-0.0529,-0.7610,0.0000,-0.0371,0.0218,-0.7163,-1.0195
2025,285,Joshua Heindselman,Michigan,6,4,3.5943,6.0000,0.4057,-0.0835,0.1332,0.0000,0.0000,0.4760,-0.0019,-0.0184,-0.1552,0.0555,-0.1568,-0.0835,0.1660,0.4760,0.0040,0.4157,-0.5709,0.4057
2025,285,Lance Runyon,Northern Iowa,3,1,1.6204,18.0000,-0.6204,-0.0470,-0.4172,0.0000,0.0000,0.0000,0.0000,-0.0063,-0.1499,0.0000,-0.1002,-0.0470,-0.5402,0.0000,0.0670,0.4263,-0.5761,-0.6204
2025,285,Luke Luffman,Illinois,5,3,3.2658,8.0000,-0.2658,0.0887,-0.1361,0.0000,0.0000,-0.0439,0.0000,-0.0024,-0.1721,0.0000,-0.1604,0.0887,-0.3645,-0.0439,0.2143,0.8841,-1.0562,-0.2658
2025,285,Luke Rasmussen,South Dakota State,3,1,0.9085,25.0000,0.0915,0.0006,0.0853,0.0000,0.0000,0.0000,0.0000,-0.0111,0.0166,0.0000,0.1605,0.0006,0.0088,0.0000,-0.0784,1.0369,-1.0203,0.0915
2025,285,Max Vanadia,Michigan State,2,0,0.3279,31.0000,-0.3279,0.0049,0.0114,0.0000,0.0000,0.0000,0.0000,-0.0002,-0.3381,-0.0059,-0.0208,0.0049,-0.3373,0.0000,0.0253,0.0307,-0.3689,-0.3279
2025,285,Nick Feldman,Ohio State,5,3,2.3385,12.0000,0.6615,-0.1569,0.0472,0.0000,0.0000,0.0000,0.0000,-0.0358,0.8069,0.0001,-0.2252,-0.1569,1.0504,0.0000,-0.0068,1.7387,-0.9318,0.6615
2025,285,Nolan Neves,North Carolina,2,0,0.7429,24.0000,-0.7429,0.0027,-0.2189,0.0000,0.0000,0.0000,0.0000,-0.0166,-0.5101,0.0000,0.0559,0.0027,-0.4683,0.0000,-0.3332,0.6638,-1.1739,-0.7429
2025,285,Owen Trephan,Lehigh,5,3,3.0658,4.0000,-0.0658,0.1247,-0.3591,0.0000,0.0000,0.0000,0.0000,-0.0633,0.2319,0.0000,-0.1687,0.1247,0.3387,0.0000,-0.3605,0.9225,-0.6905,-0.0658
2025,285,Peter Ming,Stanford,3,1,0.7963,26.0000,0.2037,0.0073,-0.1672,0.0000,0.0000,0.0000,0.0000,0.0016,0.3620,-0.0000,-0.3640,0.0073,0.8093,0.0000,-0.2488,1.2241,-0.8621,0.2037
2025,285,Sam Mitchell,Wyoming,2,0,0.3801,30.0000,-0.3801,-0.0069,-0.0667,0.0000,0.0000,0.0000,0.0000,-0.0013,-0.3050,-0.0001,-0.0895,-0.0069,-0.2744,0.0000,-0.0092,0.0295,-0.3345,-0.3801
2025,285,Seth Nevills,Maryland,4,2,1.9758,13.0000,0.0242,0.0626,-0.0737,0.0000,0.0000,0.0000,0.0000,0.0000,0.0353,-0.0000,-0.1857,0.0626,-0.2815,0.0000,0.4289,0.9486,-0.9133,0.0242
2025,285,Trevor Tinker,Cal Poly,4,2,1.6205,15.0000,0.3795,0.0295,0.3633,0.0000,0.0000,0.0000,0.0000,0.0066,-0.0151,-0.0048,-0.0948,0.0295,-0.0567,0.0000,0.5015,0.4211,-0.4361,0.3795
2025,285,Wyatt Hendrickson,Oklahoma State,5,5,3.4934,2.0000,1.5066,-0.0036,0.1861,0.0000,0.0000,0.0000,0.0000,0.0015,1.2841,0.0385,-0.0315,-0.0036,1.2218,0.0000,0.3199,1.6904,-0.4063,1.5066
2025,285,Yaraslau Slavikouski,Rutgers,4,2,1.4480,16.0000,0.5520,-0.0477,0.7299,0.0000,0.0000,-0.4321,0.0000,0.0018,0.3083,-0.0080,-0.1783,-0.0477,1.1505,-0.4321,0.0597,0.6916,-0.3834,0.5520
2026,125,Andrew Binni,Navy,2,0,0.4913,28.0000,-0.4913,-0.0097,-0.3072,0.0000,0.0000,0.0000,0.0000,-0.0265,-0.1480,0.0000,-0.1377,-0.0097,-0.4024,0.0000,0.0585,0.0625,-0.2104,-0.4913
2026,125,Ayden Smith,Rutgers,2,0,0.7429,24.0000,-0.7429,0.0407,-0.4249,0.0000,0.0000,0.0000,0.0000,-0.0153,-0.3433,0.0000,-0.3021,0.0407,-0.5747,0.0000,0.0932,0.1530,-0.4963,-0.7429
2026,125,Brady Roark,South Dakota State,3,1,0.7923,27.0000,0.2077,-0.0840,0.1597,0.0000,0.0000,0.0000,0.0000,-0.0040,0.1359,0.0000,-0.0423,-0.0840,0.2828,0.0000,0.0512,0.6612,-0.5253,0.2077
2026,125,Conrad Hendriksen,Oklahoma,3,1,1.2564,21.0000,-0.2564,0.0195,0.1343,0.0000,0.0000,0.0000,0.0000,0.0215,-0.4318,0.0000,-0.1885,0.0195,-0.3696,0.0000,0.2822,0.2628,-0.6945,-0.2564
2026,125,Cooper Flynn,Chattanooga,4,2,1.1564,26.0000,0.8436,0.0513,0.0498,0.0000,0.0000,0.0000,0.0000,-0.0153,0.7578,0.0000,-0.2350,0.0513,0.8375,0.0000,0.1898,1.3532,-0.5954,0.8436
2026,125,Davis Motyka,Penn,2,0,0.8795,22.0000,-0.8795,0.0471,-0.0978,0.0000,0.0000,0.0000,0.0000,-0.0001,-0.8287,-0.0000,-0.0301,0.0471,-0.8713,0.0000,-0.0252,0.1157,-0.9445,-0.8795
2026,125,Dean Peterson,Iowa,4,2,2.0549,8.0000,-0.0549,-0.0171,0.1744,0.0000,0.0000,-0.3426,0.0000,-0.0007,0.1311,0.0000,0.1267,-0.0171,0.2689,-0.3426,-0.0908,0.9857,-0.8546,-0.0549
2026,125,Desmond Pleasant,Drexel,3,1,0.5494,31.0000,0.4506,0.0317,0.1201,0.0000,0.0000,0.0000,0.0000,-0.0149,0.3136,0.0000,-0.2434,0.0317,0.4824,0.0000,0.1799,1.0263,-0.7126,0.4506
2026,125,Diego Sotelo,Michigan,2,0,1.0195,20.0000,-1.0195,-0.0394,0.1578,0.0000,0.0000,0.0000,0.0000,-0.0153,-1.1226,0.0000,-0.1488,-0.0394,-1.5639,0.0000,0.7326,0.7585,-1.8811,-1.0195
2026,125,Eddie Ventresca,Virginia Tech,4,2,3.4817,2.0000,-1.4817,0.0070,-0.2858,0.0000,0.0000,-1.2644,0.0000,-0.0028,0.0643,0.0000,0.1129,0.0070,-0.2992,-1.2644,-0.0380,0.3325,-0.2682,-1.4817
2026,125,Ezekiel Witt,North Dakota State,4,2,2.1122,16.0000,-0.1122,0.0821,-0.2033,0.0000,0.0000,0.0000,0.0000,0.0034,0.0055,0.0000,-0.3068,0.0821,-0.2106,0.0000,0.3232,1.3966,-1.3910,-0.1122
2026,125,Jacob Moran,Indiana,6,3,2.0835,14.0000,0.9165,-0.1782,0.6320,0.0000,0.0000,0.0000,0.0000,0.0023,0.4608,-0.0004,-0.1508,-0.1782,0.9411,0.0000,0.3045,2.1996,-1.7388,0.9165
2026,125,Jett Strickenberger,West Virginia,5,3,2.1859,17.0000,0.8141,-0.0943,0.5526,0.0000,0.0000,0.0000,0.0000,0.0280,0.3278,0.0000,0.0233,-0.0943,0.2512,0.0000,0.6338,1.3421,-1.0143,0.8141
2026,125,Jore Volk,Minnesota,6,4,4.2682,6.0000,-0.2682,0.0810,-0.0609,0.0000,0.0000,-0.5613,0.0000,0.0014,0.2716,0.0000,-0.0938,0.0810,0.0600,-0.5613,0.2459,1.2704,-0.9988,-0.2682
2026,125,Kael Lauridsen,Nebraska,3,1,0.8522,25.0000,0.1478,-0.0259,0.2584,0.0000,0.0000,0.0000,0.0000,0.0169,-0.1016,0.0000,-0.1282,-0.0259,-0.1092,0.0000,0.4111,0.4291,-0.5307,0.1478
2026,125,Koda Holeman,Cal Poly,2,0,1.3220,15.0000,-1.3220,0.0276,-0.2133,0.0000,0.0000,-0.5212,0.0000,0.0045,-0.6197,0.0000,-0.1932,0.0276,-0.7635,-0.5212,0.1283,0.4372,-1.0569,-1.3220
2026,125,Kysen Terukina,North Carolina,3,1,1.4714,19.0000,-0.4714,-0.0085,-0.2148,0.0000,0.0000,0.0000,0.0000,0.0016,-0.2498,0.0000,-0.0578,-0.0085,-0.6604,0.0000,0.2552,0.5992,-0.8490,-0.4714
2026,125,Luke Lilledahl,Penn State,5,5,4.4549,1.0000,0.5451,-0.0174,-0.2350,0.0000,0.0000,0.3426,0.0000,0.0105,0.4444,0.0000,-0.0938,-0.0174,0.2515,0.3426,0.0622,0.6230,-0.1787,0.5451
2026,125,Mack Mauger,Missouri,2,0,0.2613,32.0000,-0.2613,-0.0455,0.0938,0.0000,0.0000,0.0000,0.0000,-0.0009,-0.3087,0.0000,-0.0724,-0.0455,-0.1189,0.0000,-0.0245,0.0308,-0.3395,-0.2613
2026,125,Marc-Anthony McGowan,Princeton,5,4,2.0596,10.0000,1.9404,0.0151,0.6945,0.0000,0.0000,0.6240,0.0000,-0.0132,0.6201,0.0000,-0.2342,0.0151,1.3096,0.6240,0.2260,1.1617,-0.5417,1.9404
2026,125,Maximo Renteria,Oregon State,3,1,2.0443,9.0000,-1.0443,0.0622,-0.1133,0.0000,0.0000,0.0000,0.0000,-0.0046,-0.9886,0.0000,-0.1732,0.0622,-0.8244,0.0000,-0.1090,0.6112,-1.5998,-1.0443
2026,125,Nic Bouzakis,Ohio State,4,2,3.4359,3.0000,-1.4359,0.0258,-0.1824,0.0000,0.0000,0.0000,0.0000,0.0013,-0.3130,-0.9675,-0.9717,0.0258,-0.7123,0.0000,0.2222,0.7360,-1.0490,-1.4359
2026,125,Nico Provo,Stanford,8,7,5.2499,7.0000,1.7501,0.0196,-0.1760,0.0000,0.0000,0.0000,0.0000,0.0010,1.9055,0.0000,-0.7249,0.0196,1.9841,0.0000,0.4713,2.9485,-1.0431,1.7501
2026,125,Nicolar Rivera,Wisconsin,2,0,0.8106,23.0000,-0.8106,-0.0415,-0.0675,0.0000,0.0000,0.0000,0.0000,0.0000,-0.7016,-0.0000,-0.1628,-0.0415,-0.5478,0.0000,-0.0585,0.0603,-0.7619,-0.8106
2026,125,Sheldon Seymour,Lehigh,4,2,2.8335,4.0000,-0.8335,0.0332,-0.5103,0.0000,0.0000,0.0000,0.0000,-0.0123,-0.3886,0.0444,-0.4280,0.0332,-0.8045,0.0000,0.3658,0.7596,-1.1482,-0.8335
2026,125,Spencer Moore,Illinois,3,1,1.0114,18.0000,-0.0114,0.0059,-0.1366,0.0000,0.0000,0.5212,0.0000,-0.0051,-0.3968,0.0000,-0.1067,0.0059,-0.4719,0.5212,0.0401,0.1948,-0.5916,-0.0114
2026,125,Stevo Poulin,Iowa State,4,2,1.9758,13.0000,0.0242,-0.0055,-0.2562,0.0000,0.0000,0.0000,0.0000,0.0180,0.2680,0.0000,-0.3511,-0.0055,-0.0135,0.0000,0.3943,1.8043,-1.5363,0.0242
2026,125,Sulayman Bah,Columbia,2,0,0.3801,30.0000,-0.3801,-0.0053,0.0429,0.0000,0.0000,0.0000,0.0000,-0.0006,-0.4171,0.0000,-0.0448,-0.0053,-0.3935,0.0000,0.0635,0.1144,-0.5315,-0.3801
2026,125,Troy Spratley,Oklahoma State,6,4,3.6750,5.0000,0.3250,0.0151,0.0408,0.0000,0.0000,-0.5754,0.0000,0.0144,0.8298,0.0004,-0.0803,0.0151,0.4087,-0.5754,0.5570,1.5843,-0.7545,0.3250
2026,125,Tyler Chappell,Pittsburgh,3,1,0.5062,29.0000,0.4938,0.0249,0.0962,0.0000,0.0000,0.0000,0.0000,-0.0028,0.4514,-0.0758,-0.6735,0.0249,1.1168,0.0000,0.0256,0.8644,-0.4131,0.4938
2026,125,Tyler Klinsky,Rider,7,4,3.1585,11.0000,0.8415,-0.0347,-0.3037,0.0000,0.0000,0.0000,0.0000,-0.0028,0.1838,0.9990,-0.6285,-0.0347,0.3290,0.0000,1.1757,1.6972,-1.5135,0.8415
2026,125,Vincent Robinson,NC State,8,6,3.4233,12.0000,2.5767,0.0170,0.5819,0.0000,0.0000,1.7771,0.0000,0.0123,0.1885,0.0000,-0.2947,0.0170,1.1881,1.7771,-0.1107,1.7776,-1.5892,2.5767
2026,133,Aaron Seidel,Virginia Tech,6,5,3.5610,4.0000,1.4390,-0.0344,0.6636,0.0000,0.0000,0.0000,0.0000,0.0292,0.7801,0.0005,0.4005,-0.0344,0.4940,0.0000,0.5790,1.1219,-0.3418,1.4390
2026,133,Andrew Austin,Central Michigan,1,0,0.2095,32.0000,-0.2095,-0.0158,0.1255,0.0000,0.0000,0.0000,0.0000,-0.0000,-0.3192,0.0000,-0.0663,-0.0158,-0.0795,0.0000,-0.0480,0.1717,-0.4909,-0.2095
2026,133,Ben Davino,Ohio State,5,4,3.4934,2.0000,0.5066,0.0479,-0.2435,0.0000,0.0000,0.4702,0.0000,0.0002,0.2316,0.0001,-0.3577,0.0479,0.1911,0.4702,0.1550,0.7969,-0.5654,0.5066
2026,133,Blake Boarman,Purdue,2,0,0.7429,24.0000,-0.7429,0.0280,0.0292,0.0000,0.0000,-0.5063,0.0000,-0.0019,-0.2919,0.0000,0.0280,0.0280,-0.1511,-0.5063,-0.1414,0.1432,-0.4351,-0.7429
2026,133,Braxton Brown,Maryland,4,2,1.3439,23.0000,0.6561,-0.0021,0.7467,0.0000,0.0000,0.0000,0.0000,0.0078,-0.0963,0.0000,-0.1055,-0.0021,0.6824,0.0000,0.0812,0.5398,-0.6361,0.6561
2026,133,Carter Schmidt,Oklahoma,2,0,0.2463,33.0000,-0.2463,0.0520,0.2065,0.0000,0.0000,0.0000,0.0000,0.0140,-0.5160,-0.0028,-0.1026,0.0520,-0.0508,0.0000,-0.1448,0.3982,-0.9142,-0.2463
2026,133,Dominick Serrano,Northern Colorado,3,1,1.7727,9.0000,-0.7727,-0.0526,0.2328,0.0000,0.0000,-0.9992,0.0000,-0.0039,0.0503,0.0000,0.1197,-0.0526,-0.1239,-0.9992,0.2834,1.0146,-0.9643,-0.7727
2026,133,Drake Ayala,Iowa,7,5,4.1512,6.0000,0.8488,-0.1153,-0.1533,0.0000,0.0000,0.0000,0.0000,0.0032,1.1143,0.0000,-0.8327,-0.1153,1.7625,0.0000,0.0343,2.1211,-1.0068,0.8488
2026,133,Dylan Shawver,Rutgers,2,0,0.3848,26.0000,-0.3848,0.0456,-0.1227,0.0000,0.0000,0.0000,0.0000,-0.0296,-0.2781,0.0000,-0.0976,0.0456,-0.1748,0.0000,-0.1580,0.2858,-0.5638,-0.3848
2026,133,Ethan Berginc,Army West Point,3,1,2.0030,14.0000,-1.0030,0.0832,-0.8575,0.0000,0.0000,0.0000,0.0000,-0.0206,-0.2082,0.0000,-0.1399,0.0832,-0.7985,0.0000,-0.1479,0.5843,-0.7925,-1.0030
2026,133,Evan Mougalian,Penn,4,2,2.3871,12.0000,-0.3871,-0.0266,-0.2559,0.0000,0.0000,0.0000,0.0000,0.0431,-0.1299,-0.0179,-0.3260,-0.0266,-0.1589,0.0000,0.1243,1.4393,-1.5692,-0.3871
2026,133,Gabe Whisenhunt,Oregon State,1,0,0.0671,30.0000,-0.0671,-0.0025,0.0371,0.0000,0.0000,0.0000,0.0000,0.0000,-0.1018,-0.0000,-0.0090,-0.0025,-0.0652,0.0000,0.0096,0.0081,-0.1098,-0.0671
2026,133,Gable Strickland,Lock Haven,2,0,0.3279,31.0000,-0.3279,-0.0058,-0.0689,0.0000,0.0000,0.0000,0.0000,-0.0125,-0.2408,-0.0000,-0.0831,-0.0058,-0.2487,0.0000,0.0097,0.0305,-0.2713,-0.3279
2026,133,Gage Walker,Missouri,3,1,0.9208,19.0000,0.0792,-0.0987,0.4403,0.0000,0.0000,0.0000,0.0000,0.0183,-0.2807,-0.0000,0.2731,-0.0987,-0.2918,0.0000,0.1966,0.1160,-0.3967,0.0792
2026,133,Garrett Grice,Iowa State,4,2,0.9489,28.0000,1.0511,-0.0379,0.6935,0.0000,0.0000,0.0000,0.0000,-0.0111,0.4066,0.0000,-0.2821,-0.0379,1.1537,0.0000,0.2174,1.3829,-0.9763,1.0511
2026,133,Gunner Andrick,West Virginia,3,1,1.6400,18.0000,-0.6400,0.0259,-0.3507,0.0000,0.0000,0.0000,0.0000,0.0020,-0.3173,0.0000,-0.3478,0.0259,-0.0903,0.0000,-0.2278,0.5749,-0.8921,-0.6400
2026,133,Jacob Van Dee,Nebraska,7,5,4.0405,13.0000,0.9595,-0.0740,-0.1149,0.0000,0.0000,0.9510,0.0000,0.0837,0.1137,0.0000,-0.1431,-0.0740,0.8207,0.9510,-0.5951,2.4852,-2.3714,0.9595
2026,133,Jax Forrest,Oklahoma State,5,5,4.1916,1.0000,0.8084,-0.0005,0.0021,0.0000,0.0000,0.0000,0.0000,0.0005,0.8019,0.0044,-0.1348,-0.0005,0.6354,0.0000,0.3084,0.9548,-0.1529,0.8084
2026,133,Julian Farber,Northern Iowa,5,3,1.4834,20.0000,1.5166,0.0130,0.7700,0.0000,0.0000,0.0000,0.0000,0.0047,0.7288,-0.0000,0.0775,0.0130,0.6897,0.0000,0.7364,2.0658,-1.3370,1.5166
2026,133,Kyler Larkin,Arizona State,4,2,2.7910,5.0000,-0.7910,-0.0417,-1.0916,0.0000,0.0000,0.0000,0.0000,-0.0467,0.1015,0.2876,-0.1534,-0.0417,-0.8881,0.0000,0.2923,1.3669,-1.2654,-0.7910
2026,133,Lucas Byrd,Illinois,6,3,3.7804,7.0000,-0.7804,-0.0044,0.2308,0.0000,0.0000,-0.5568,0.0000,0.0237,-0.4737,0.0000,0.2802,-0.0044,-0.5042,-0.5568,0.0048,1.4783,-1.9520,-0.7804
2026,133,Luke Willochell,Wyoming,2,0,0.3215,29.0000,-0.3215,0.0244,0.3890,0.0000,0.0000,-0.3942,0.0000,0.0010,-0.3413,-0.0005,0.1144,0.0244,-0.2264,-0.3942,0.1602,0.6408,-0.9822,-0.3215
2026,133,Marcel Lopez,SIU Edwardsville,2,0,0.3798,27.0000,-0.3798,-0.0151,0.1630,0.0000,0.0000,0.0000,0.0000,-0.0005,-0.2576,-0.2696,-0.1889,-0.0151,-0.1492,0.0000,-0.0266,0.3090,-0.5666,-0.3798
2026,133,Marcus Blaze,Penn State,6,4,4.2390,3.0000,-0.2390,0.0798,-0.3133,0.0000,0.0000,-0.4702,0.0000,-0.0323,0.4970,0.0001,-0.0822,0.0798,0.4065,-0.4702,-0.1729,0.8067,-0.3097,-0.2390
2026,133,Markel Baker,Northern Illinois,4,2,2.0992,8.0000,-0.0992,0.0903,-0.7676,0.0000,0.0000,0.4896,0.0000,-0.0769,0.1665,-0.0011,-0.2073,0.0903,-0.0611,0.4896,-0.4108,1.0699,-0.9034,-0.0992
2026,133,Maximilian Leete,American,5,3,3.0251,10.0000,-0.0251,0.0555,-0.5661,0.0000,0.0000,0.5096,0.0000,0.0065,-0.0306,0.0000,-0.2805,0.0555,-0.7951,0.5096,0.4854,0.9814,-1.0120,-0.0251
2026,133,Sean Spidle,Northwestern,2,0,0.9493,21.0000,-0.9493,-0.0045,-0.0125,0.0000,0.0000,0.0000,0.0000,0.0108,-0.9432,0.0000,-0.2482,-0.0045,-0.8965,0.0000,0.1999,0.1025,-1.0456,-0.9493
2026,133,T.K. Davis,Gardner-Webb,4,2,1.4162,17.0000,0.5838,0.0390,-0.0400,0.0000,0.0000,0.0000,0.0000,-0.0264,0.6117,-0.0005,-0.6495,0.0390,0.8943,0.0000,0.3000,1.2922,-0.6805,0.5838
2026,133,Tyler Ferrara,Cornell,3,1,1.8520,11.0000,-0.8520,-0.0165,-0.6217,0.0000,0.0000,0.0000,0.0000,0.0002,-0.2140,0.0000,-0.1290,-0.0165,-0.8683,0.0000,0.1617,1.2476,-1.4616,-0.8520
2026,133,Tyler Knox,Stanford,8,5,3.0220,15.0000,1.9780,0.1360,0.7620,0.0000,0.0000,0.4927,0.0000,0.0182,0.5691,-0.0001,0.7386,0.1360,0.3604,0.4927,0.2502,3.4374,-2.8682,1.9780
2026,133,Will Betancourt,Rider,3,1,1.1415,25.0000,-0.1415,-0.0615,-0.3967,0.0000,0.0000,0.5063,0.0000,-0.0178,-0.1719,0.0000,0.0853,-0.0615,-0.4458,0.5063,-0.2259,0.1859,-0.3578,-0.1415
2026,133,Zach Redding,NC State,1,0,0.2920,22.0000,-0.2920,-0.0203,0.3735,0.0000,0.0000,0.0000,0.0000,-0.0000,-0.6451,0.0000,-0.1782,-0.0203,-0.2481,0.0000,0.1546,0.2506,-0.8957,-0.2920
2026,133,Zan Fugitt,Wisconsin,3,1,1.7748,16.0000,-0.7748,-0.0905,0.1110,0.0000,0.0000,-0.4927,0.0000,0.0132,-0.3156,0.0000,0.1350,-0.0905,-0.7743,-0.4927,0.4478,2.1377,-2.4534,-0.7748
2026,141,Aldo Hernandez,Appalachian State,2,0,0.2463,33.0000,-0.2463,-0.0056,0.0263,0.0000,0.0000,0.0000,0.0000,-0.0000,-0.2649,-0.0022,-0.0195,-0.0056,-0.2798,0.0000,0.0586,0.0651,-0.3300,-0.2463
2026,141,Anthony Echemendia,Iowa State,5,4,3.7177,4.0000,0.2823,-0.0694,-0.3183,0.0000,0.0000,0.0000,0.0000,0.0002,0.2865,0.3835,-0.5522,-0.0694,0.9104,0.0000,-0.0064,1.0801,-0.7936,0.2823
2026,141,Billy DeKraker,Northwestern,2,0,0.3279,31.0000,-0.3279,-0.0101,0.1664,0.0000,0.0000,0.0000,0.0000,0.0000,-0.3849,-0.0993,-0.1274,-0.0101,-0.1881,0.0000,-0.0024,0.0000,-0.3849,-0.3279
2026,141,Braden Basile,Army West Point,2,0,0.6126,26.0000,-0.6126,-0.0399,0.0099,0.0000,0.0000,-0.4810,0.0000,0.0011,-0.1027,0.0000,-0.0814,-0.0399,-0.1589,-0.4810,0.1484,0.2067,-0.3095,-0.6126
2026,141,Braeden Davis,Penn State,4,2,1.9717,14.0000,0.0283,-0.1222,0.5434,0.0000,0.0000,0.0000,0.0000,0.0172,-0.4102,0.0000,0.4212,-0.1222,-0.4397,0.0000,0.1690,1.2528,-1.6630,0.0283
2026,141,Brock Hardy,Nebraska,5,3,3.4090,3.0000,-0.4090,0.2298,-0.7634,0.0000,0.0000,0.0000,0.0000,-0.0026,0.1273,0.0000,-0.1160,0.2298,-0.7898,0.0000,0.2670,2.0923,-1.9650,-0.4090
2026,141,CJ Composto,Penn,7,5,3.4027,11.0000,1.5973,-0.0362,0.4712,0.0000,0.0000,0.0000,0.0000,0.0422,0.3484,0.7717,-0.1665,-0.0362,0.7974,0.0000,1.0027,1.7248,-1.3764,1.5973
2026,141,Caedyn Ricciardi,Navy,3,1,1.0654,17.0000,-0.0654,-0.0588,-0.1031,0.0000,0.0000,0.5071,0.0000,-0.0034,-0.4072,-0.0000,-0.1156,-0.0588,-0.3889,0.5071,-0.0092,0.2634,-0.6705,-0.0654
2026,141,Carter Nogle,Air Force,7,5,3.0716,18.0000,1.9284,-0.1377,0.9192,0.0000,0.0000,0.0000,0.0000,0.0009,1.0466,0.0993,0.0318,-0.1377,0.9013,0.0000,1.1331,2.2010,-1.1544,1.9284
2026,141,Dario Lemus,Maryland,1,0,0.0671,30.0000,-0.0671,-0.0160,0.1414,0.0000,0.0000,0.0000,0.0000,0.0000,-0.1925,-0.0000,-0.0306,-0.0160,-0.0147,0.0000,-0.0058,0.0000,-0.1925,-0.0671
2026,141,Dylan Chappell,Bucknell,4,2,1.7380,23.0000,0.2620,0.0787,0.0327,0.0000,0.0000,0.4810,0.0000,-0.0008,-0.3296,0.0000,-0.4889,0.0787,-0.1167,0.4810,0.3079,1.9111,-2.2407,0.2620
2026,141,Elijah Griffin,Rider,5,3,1.8157,15.0000,1.1843,0.1335,1.2404,0.0000,0.0000,0.0000,0.0000,0.0456,0.1520,-0.3873,-0.3415,0.1335,0.7645,0.0000,0.6278,1.0945,-0.9425,1.1843
2026,141,Gable Porter,Virginia,3,1,0.9459,27.0000,0.0541,-0.0215,0.5255,0.0000,0.0000,0.0000,0.0000,0.0134,-0.4633,0.0000,0.0019,-0.0215,0.1230,0.0000,-0.0493,0.9170,-1.3803,0.0541
2026,141,Haiden Drury,Utah Valley,3,1,1.5021,19.0000,-0.5021,-0.0583,-0.3881,0.0000,0.0000,0.0000,0.0000,-0.0145,-0.0412,0.0000,-0.6570,-0.0583,0.1723,0.0000,0.0409,0.4361,-0.4772,-0.5021
2026,141,Jack Consiglio,Stanford,4,2,2.2411,10.0000,-0.2411,-0.0562,-0.5980,0.0000,0.0000,0.0000,0.0000,-0.0093,0.4224,0.0000,0.1115,-0.0562,-0.3632,0.0000,0.0668,2.6302,-2.2078,-0.2411
2026,141,Jesse Mendez,Ohio State,5,4,4.2237,1.0000,-0.2237,-0.0051,-0.3023,0.0000,0.0000,-0.1780,0.0000,-0.0020,0.2616,0.0022,-0.0507,-0.0051,-0.0358,-0.1780,0.0459,0.4751,-0.2135,-0.2237
2026,141,Joey Olivieri,Rutgers,3,1,2.0884,9.0000,-1.0884,0.0686,-0.6502,0.0000,0.0000,0.0000,0.0000,-0.0295,-0.4774,0.0000,0.1892,0.0686,-0.9382,0.0000,-0.4080,1.0743,-1.5517,-1.0884
2026,141,Jordan Titus,West Virginia,3,1,0.6824,29.0000,0.3176,-0.0884,0.4127,0.0000,0.0000,0.0000,0.0000,-0.0016,-0.0051,0.0000,-0.3074,-0.0884,0.6497,0.0000,0.0637,0.9709,-0.9760,0.3176
2026,141,Julian Tagg,South Dakota State,2,0,1.0195,20.0000,-1.0195,0.0515,-0.4769,0.0000,0.0000,0.0000,0.0000,-0.0107,-0.5834,0.0000,-0.3461,0.0515,-1.0027,0.0000,0.2778,0.3343,-0.9176,-1.0195
2026,141,Lorenzo Frezza,Columbia,2,0,0.8795,22.0000,-0.8795,0.0294,-0.6287,0.0000,0.0000,0.0000,0.0000,-0.0122,-0.2680,0.0000,-0.2527,0.0294,-0.5439,0.0000,-0.1123,0.3784,-0.6464,-0.8795
2026,141,Luke Simcox,North Carolina,3,1,1.9198,12.0000,-0.9198,0.0507,-0.8038,0.0000,0.0000,0.0000,0.0000,0.0021,-0.1687,0.0000,-0.2094,0.0507,-1.1176,0.0000,0.3565,0.8805,-1.0492,-0.9198
2026,141,Luke Stanich,Lehigh,6,5,3.5547,5.0000,1.4453,-0.0384,0.6494,0.0000,0.0000,-0.3780,0.0000,-0.0004,1.2128,0.0000,-0.1904,-0.0384,1.5102,-0.3780,0.5420,1.9026,-0.6899,1.4453
2026,141,Matthew Martino,Princeton,1,0,0.2823,32.0000,-0.2823,0.0096,0.0179,0.0000,0.0000,0.0000,0.0000,-0.0005,-0.3093,0.0000,-0.1181,0.0096,-0.3947,0.0000,0.2209,0.1268,-0.4361,-0.2823
2026,141,Nash Singleton,Oregon State,3,1,0.9133,24.0000,0.0867,-0.0010,0.8122,0.0000,0.0000,0.0000,0.0000,-0.0002,-0.7242,0.0000,-0.0030,-0.0010,0.0272,0.0000,0.0635,0.8722,-1.5965,0.0867
2026,141,Nasir Bailey,Iowa,4,2,2.3319,7.0000,-0.3319,0.0737,-0.2908,0.0000,0.0000,0.0000,0.0000,-0.0051,-0.1098,0.0000,-0.1099,0.0737,0.0704,0.0000,-0.3662,0.9057,-1.0155,-0.3319
2026,141,Pierson Manville,Arizona State,2,0,0.3417,28.0000,-0.3417,0.0066,0.1493,0.0000,0.0000,0.0000,0.0000,-0.0010,-0.4966,0.0000,-0.0498,0.0066,-0.3948,0.0000,0.0962,0.2631,-0.7597,-0.3417
2026,141,Ryan Jack,NC State,3,1,1.7748,16.0000,-0.7748,-0.0089,-0.2787,0.0000,0.0000,-0.5071,0.0000,-0.0045,0.0245,0.0000,-0.1458,-0.0089,-0.1596,-0.5071,0.0467,0.4924,-0.4680,-0.7748
2026,141,Sergio Vega,Oklahoma State,5,5,3.4934,2.0000,1.5066,-0.0899,-0.1852,0.0000,0.0000,0.5560,0.0000,0.0049,1.2170,0.0038,-0.5002,-0.0899,1.2123,0.5560,0.3284,1.8553,-0.6383,1.5066
2026,141,Tom Crook,Virginia Tech,2,0,0.4076,25.0000,-0.4076,-0.0245,-0.1484,0.0000,0.0000,0.0000,0.0000,-0.0009,-0.2339,0.0000,-0.0503,-0.0245,-0.4285,0.0000,0.0958,0.2300,-0.4638,-0.4076
2026,141,Tyler Wells,Oklahoma,4,2,1.4534,21.0000,0.5466,0.0243,0.1073,0.0000,0.0000,0.0000,0.0000,-0.0374,0.4524,0.0000,-0.4277,0.0243,0.8865,0.0000,0.0635,1.2738,-0.8214,0.5466
2026,141,Vance Vombaur,Minnesota,4,2,2.3203,8.0000,-0.3203,0.0483,-0.2214,0.0000,0.0000,0.0000,0.0000,-0.0289,-0.1182,0.0000,0.1501,0.0483,-0.4794,0.0000,-0.0393,0.9926,-1.1108,-0.3203
2026,141,Vince Cornella,Cornell,4,2,2.6277,6.0000,-0.6277,0.0316,-0.6779,0.0000,0.0000,0.0000,0.0000,0.0024,0.0162,-0.0000,-0.3694,0.0316,-0.0013,0.0000,-0.2886,0.7717,-0.7555,-0.6277
2026,141,Wyatt Henson,Lock Haven,7,4,3.5508,13.0000,0.4492,0.0518,0.6101,0.0000,0.0000,0.0000,0.0000,0.0357,0.5234,-0.7717,-0.4373,0.0518,0.2113,0.0000,0.6235,1.8819,-1.3585,0.4492
2026,149,Aden Valencia,Stanford,5,5,1.9926,10.0000,3.0074,-0.0649,1.0233,0.0000,0.0000,0.6752,0.0000,-0.0244,1.3982,0.0000,-0.3319,-0.0649,2.2335,0.6752,0.4954,2.9096,-1.5114,3.0074
2026,149,Anderson Heap,Davidson,2,0,0.6126,26.0000,-0.6126,-0.0146,-0.0542,0.0000,0.0000,0.0000,0.0000,-0.0003,-0.5435,0.0000,-0.1638,-0.0146,-0.4673,0.0000,0.0331,0.0360,-0.5795,-0.6126
2026,149,Andre Gonzales,Cal Poly,3,1,0.6710,27.0000,0.3290,-0.0115,0.0326,0.0000,0.0000,0.0000,0.0000,0.0162,0.2918,0.0000,-0.0134,-0.0115,0.3371,0.0000,0.0168,1.4392,-1.1474,0.3290
2026,149,Andrew Clark,Rutgers,2,0,0.7429,24.0000,-0.7429,0.0107,-0.0791,0.0000,0.0000,0.0000,0.0000,-0.0000,-0.6745,-0.0000,-0.1285,0.0107,-0.9530,0.0000,0.3279,0.3124,-0.9869,-0.7429
2026,149,Austin McBurney,Brown,3,1,0.4712,33.0000,0.5288,-0.0968,0.7808,0.0000,0.0000,0.0000,0.0000,0.0006,-0.1558,-0.0000,-0.0850,-0.0968,0.6416,0.0000,0.0689,0.4899,-0.6457,0.5288
2026,149,Brock Herman,Little Rock,3,1,1.2564,19.0000,-0.2564,0.0553,-0.3700,0.0000,0.0000,0.0000,0.0000,-0.0191,0.0774,0.0000,-0.3362,0.0553,0.0294,0.0000,-0.0050,0.2145,-0.1371,-0.2564
2026,149,Caleb Rathjen,Northern Iowa,4,2,2.1715,14.0000,-0.1715,-0.1373,0.2036,0.0000,0.0000,-0.3725,0.0000,0.0221,0.1126,0.0000,0.0409,-0.1373,0.1633,-0.3725,0.1340,1.2891,-1.1765,-0.1715
2026,149,Caleb Tyus,SIU Edwardsville,3,1,2.3081,6.0000,-1.3081,0.0358,-0.5830,0.0000,0.0000,0.0000,0.0000,0.0013,-0.7622,0.0000,-0.3557,0.0358,-0.9520,0.0000,-0.0362,0.5845,-1.3467,-1.3081
2026,149,Carter Young,Maryland,4,2,2.1935,12.0000,-0.1935,0.0045,-0.2961,0.0000,0.0000,-0.5234,0.0000,0.0066,0.6150,0.0000,-0.6600,0.0045,0.5208,-0.5234,0.4647,1.4058,-0.7909,-0.1935
2026,149,Casey Swiderski,Oklahoma State,6,3,3.1937,8.0000,-0.1937,-0.1045,-0.2548,0.0000,0.0000,-0.9033,0.0000,0.0028,1.0661,0.0000,-0.0409,-0.1045,1.1187,-0.9033,-0.2637,1.9713,-0.9051,-0.1937
2026,149,Chance Lamer,Nebraska,6,4,1.3983,20.0000,2.6017,-0.1045,1.8900,0.0000,0.0000,0.0000,0.0000,0.0272,0.7891,-0.0000,-0.5915,-0.1045,3.0554,0.0000,0.2423,2.2901,-1.5011,2.6017
2026,149,Collin Gaj,Virginia Tech,8,6,5.5649,4.0000,0.4351,0.0047,-1.0924,0.0000,0.0000,0.5213,-0.0284,0.4591,0.5707,0.0000,-0.5530,0.0047,-0.4256,0.5213,0.8877,2.2040,-1.6333,0.4351
2026,149,Cross Wasilewski,Penn,6,4,4.6025,3.0000,-0.6025,0.0889,-0.3432,0.0000,0.0000,-0.1488,0.0000,-0.4667,1.0839,-0.8167,-0.6881,0.0889,-0.2723,-0.1488,0.4178,2.6911,-1.6072,-0.6025
2026,149,David Evans,Utah Valley,3,1,2.0080,9.0000,-1.0080,0.0274,-0.1940,0.0000,0.0000,0.0000,0.0000,-0.0027,-0.1960,-0.6428,-0.9700,0.0274,-0.2169,0.0000,0.1514,0.7348,-0.9308,-1.0080
2026,149,Dylan Layton,Rider,2,0,0.3801,30.0000,-0.3801,-0.0136,0.0167,0.0000,0.0000,0.0000,0.0000,-0.0016,-0.3816,0.0000,-0.1227,-0.0136,-0.2419,0.0000,-0.0019,0.0066,-0.3882,-0.3801
2026,149,Eligh Rivera,Princeton,2,0,0.8795,22.0000,-0.8795,-0.0005,-0.0923,0.0000,0.0000,0.0000,0.0000,-0.0383,-0.7485,0.0000,-0.0301,-0.0005,-0.7974,0.0000,-0.0516,0.9566,-1.7051,-0.8795
2026,149,Ethan Stiles,Ohio State,3,1,2.2457,7.0000,-1.2457,0.0796,-0.2226,0.0000,0.0000,-0.6356,0.0000,-0.0074,-0.4597,0.0000,0.0233,0.0796,-0.7060,-0.6356,-0.0070,0.8308,-1.2905,-1.2457
2026,149,Eugene Harney,Morgan State,3,1,1.6204,18.0000,-0.6204,0.0114,-0.3296,0.0000,0.0000,0.0000,0.0000,0.0005,-0.3027,0.0000,-0.1077,0.0114,-0.7799,0.0000,0.2558,0.6993,-1.0020,-0.6204
2026,149,Gabe Willochell,Wyoming,5,3,1.7572,21.0000,1.2428,0.0576,0.8867,0.0000,0.0000,0.0000,0.0000,-0.0042,0.3027,0.0000,0.1705,0.0576,0.7245,0.0000,0.2902,1.6029,-1.3002,1.2428
2026,149,Jacob Frost,Iowa State,5,3,1.9224,16.0000,1.0776,0.1113,0.6783,0.0000,0.0000,0.0000,0.0000,0.0023,0.2744,0.0113,-0.2595,0.1113,0.8860,0.0000,0.3397,1.9133,-1.6389,1.0776
2026,149,Jaxon Joy,Cornell,4,2,3.2625,2.0000,-1.2625,0.0986,-0.5762,0.0000,0.0000,0.0000,0.0000,0.0240,-0.8090,0.0001,-0.5730,0.0986,-0.9324,0.0000,0.1443,0.5423,-1.3512,-1.2625
2026,149,Joseph Zargo,Wisconsin,2,0,1.4032,13.0000,-1.4032,-0.0471,-0.3869,0.0000,0.0000,0.0000,0.0000,0.0019,-0.7967,-0.1744,-0.3790,-0.0471,-1.0652,0.0000,0.0881,0.4629,-1.2596,-1.4032
2026,149,Kade Brown,Pittsburgh,2,0,0.4913,28.0000,-0.4913,0.0019,-0.0645,0.0000,0.0000,0.0000,0.0000,0.0001,-0.4289,0.0000,-0.0021,0.0019,-0.4775,0.0000,-0.0136,0.0505,-0.4794,-0.4913
2026,149,Kaden Cassidy,George Mason,3,1,0.5695,29.0000,0.4305,0.0668,0.4407,0.0000,0.0000,0.0000,0.0000,-0.0037,-0.2478,0.1744,-0.1121,0.0668,0.0315,0.0000,0.4443,1.0600,-1.3078,0.4305
2026,149,Koy Buesgens,NC State,4,2,2.9193,5.0000,-0.9193,-0.0579,-0.2725,0.0000,0.0000,0.0000,0.0284,0.0203,-0.6375,0.0000,-0.2964,-0.0579,-0.7808,0.0000,0.2158,0.4053,-1.0428,-0.9193
2026,149,Lachlan McNeil,Michigan,6,5,3.0399,11.0000,1.9601,0.0452,-0.0160,0.0000,0.0000,0.0000,0.0000,-0.0033,1.1175,0.8167,0.0764,0.0452,0.7268,0.0000,1.1118,2.6730,-1.5555,1.9601
2026,149,Lucas Kapusta,Lock Haven,2,0,1.2417,17.0000,-1.2417,0.0579,-0.7931,0.0000,0.0000,0.0000,0.0000,-0.0006,-0.4833,-0.0226,-0.1562,0.0579,-1.2004,0.0000,0.0570,0.3323,-0.8156,-1.2417
2026,149,Max Petersen,North Dakota State,4,2,1.4212,23.0000,0.5788,-0.0852,0.0521,0.0000,0.0000,0.0000,0.0000,-0.0005,-0.0304,0.6428,-0.0895,-0.0852,0.0197,0.0000,0.7339,1.0316,-1.0620,0.5788
2026,149,Michael Gioffre,Illinois,4,2,1.1746,25.0000,0.8254,-0.0476,0.0627,0.0000,0.0000,0.6356,0.0000,0.0073,0.1674,0.0000,0.1185,-0.0476,0.0727,0.6356,0.0462,0.8943,-0.7269,0.8254
2026,149,Ryan Michaels,Edinboro,2,0,0.3279,31.0000,-0.3279,-0.0411,-0.0690,0.0000,0.0000,0.0000,0.0000,0.0001,-0.2178,-0.0001,0.0041,-0.0411,-0.2746,0.0000,-0.0163,0.2379,-0.4558,-0.3279
2026,149,Ryder Block,Iowa,8,5,3.5579,15.0000,1.4421,0.0882,0.6156,0.0000,0.0000,1.0841,0.0000,-0.0151,-0.3307,0.0000,-0.3333,0.0882,0.2580,1.0841,0.3450,1.4255,-1.7562,1.4421
2026,149,Shayne Van Ness,Penn State,5,4,4.5984,1.0000,-0.5984,-0.0188,-0.5936,0.0000,0.0000,-0.3326,0.0000,-0.0045,0.3397,0.0114,-0.0682,-0.0188,-0.2759,-0.3326,0.0970,0.9619,-0.6223,-0.5984
2026,157,Antrell Taylor,Nebraska,5,4,4.0631,2.0000,-0.0631,0.0534,-0.3092,0.0000,0.0000,0.0000,0.0000,0.0001,0.1926,0.0000,-0.6118,0.0534,0.2190,0.0000,0.2763,0.8915,-0.6988,-0.0631
2026,157,Brandon Cannon,Ohio State,7,5,3.2922,8.0000,1.7078,0.0445,0.3172,0.4896,0.0000,0.0000,0.0093,0.0267,0.8206,-0.0000,0.2451,0.0445,0.4191,0.0000,0.9991,3.0967,-2.2761,1.7078
2026,157,Bryce Lowery,Indiana,3,1,0.5695,29.0000,0.4305,0.0089,0.1508,0.0000,0.0000,0.0000,0.0000,-0.0000,-0.1708,0.4416,-0.0508,0.0089,-0.0032,0.0000,0.4755,0.6588,-0.8296,0.4305
2026,157,Cael Swensen,South Dakota State,3,1,1.7748,16.0000,-0.7748,0.0439,-0.6833,0.0000,0.0000,0.0000,0.0000,-0.0191,-0.1163,0.0000,-0.0162,0.0439,-0.4590,0.0000,-0.3434,0.4314,-0.5477,-0.7748
2026,157,Cameron Catrabone,Michigan,6,4,2.4262,15.0000,1.5738,0.0622,0.9595,0.0000,0.0000,0.0000,0.0000,0.0067,0.5454,0.0000,0.2274,0.0622,0.9633,0.0000,0.3208,1.7432,-1.1978,1.5738
2026,157,Charlie Millard,Minnesota,3,1,1.1055,21.0000,-0.1055,-0.0549,0.1131,0.0000,0.0000,0.0000,0.0000,0.0030,-0.1666,0.0000,0.1025,-0.0549,-0.5147,0.0000,0.3617,1.1025,-1.2691,-0.1055
2026,157,Colton Washleski,Virginia,2,0,0.8795,22.0000,-0.8795,-0.0508,-0.1920,0.0000,0.0000,0.0000,0.0000,-0.0147,-0.5973,-0.0248,-0.0491,-0.0508,-0.7812,0.0000,0.0017,0.1798,-0.7771,-0.8795
2026,157,DJ McGee,George Mason,4,2,1.9501,18.0000,0.0499,0.0052,0.1054,0.0000,0.0000,0.0000,0.0000,0.0018,-0.0624,0.0000,-0.2244,0.0052,0.1873,0.0000,0.0818,0.8457,-0.9082,0.0499
2026,157,Daniel Cardenas,Stanford,5,3,2.9726,9.0000,0.0274,-0.0026,0.1033,-0.4896,0.0000,0.0000,0.0154,0.0163,0.3846,0.0000,-0.7322,-0.0026,0.8666,0.0000,-0.1044,1.5315,-1.1469,0.0274
2026,157,Derek Raike,Ohio,2,0,1.4032,13.0000,-1.4032,-0.0446,-0.2001,0.0000,0.0000,-0.5497,0.0000,-0.0023,-0.0736,-0.5328,-0.5343,-0.0446,-0.2734,-0.5497,-0.0012,0.3423,-0.4159,-1.4032
2026,157,Dylan Evans,Pittsburgh,4,2,1.3066,27.0000,0.6934,0.0411,0.4641,0.0000,0.0000,0.0000,0.0000,-0.0086,0.1967,0.0000,-0.2622,0.0411,0.8604,0.0000,0.0540,0.9698,-0.7731,0.6934
2026,157,Ethen Miller,Virginia Tech,4,2,1.8362,14.0000,0.1638,-0.0809,0.2780,0.0000,0.0000,0.0000,0.0000,0.0475,-0.1720,0.0912,0.0309,-0.0809,-0.1697,0.0000,0.3835,0.4913,-0.6633,0.1638
2026,157,Garrett McChesney,Edinboro,2,0,0.3279,31.0000,-0.3279,-0.0064,-0.0552,0.0000,0.0000,0.0000,0.0000,-0.0023,-0.2639,-0.0000,-0.0477,-0.0064,-0.2365,0.0000,-0.0372,0.0977,-0.3616,-0.3279
2026,157,Gavin Drexler,North Dakota State,2,0,0.3417,28.0000,-0.3417,-0.0109,-0.0193,0.0000,0.0000,0.0000,0.0000,-0.0021,-0.3094,0.0000,-0.0623,-0.0109,-0.2716,0.0000,0.0030,0.0075,-0.3169,-0.3417
2026,157,Jaivon Jones,Little Rock,4,2,1.3254,24.0000,0.6746,-0.0917,0.5049,0.0000,0.0000,0.0000,-0.0018,0.0013,0.2620,0.0000,0.0230,-0.0917,0.5159,0.0000,0.2274,0.8397,-0.5778,0.6746
2026,157,Jimmy Harrington,Harvard,3,1,1.0030,20.0000,-0.0030,0.0232,0.0947,0.0000,0.0000,0.5497,0.0000,0.0023,-0.4489,-0.2241,-0.3215,0.0232,-0.2487,0.5497,-0.0058,0.0847,-0.5336,-0.0030
2026,157,Jonathan Ley,Navy,2,0,0.6126,26.0000,-0.6126,-0.0042,-0.1151,0.0000,0.0000,0.0000,0.0000,-0.0006,-0.4928,0.0000,-0.1452,-0.0042,-0.5214,0.0000,0.0581,0.0493,-0.5420,-0.6126
2026,157,Jude Swisher,Penn,5,3,3.4398,6.0000,-0.4398,0.0329,-0.1782,0.0000,0.0000,0.0000,0.0000,0.0005,-0.2950,0.0000,-0.1271,0.0329,-0.6548,0.0000,0.3092,0.8381,-1.1331,-0.4398
2026,157,Kai Owen,Columbia,5,3,2.4939,19.0000,0.5061,0.0944,-0.1497,0.0000,0.0000,0.0000,0.0000,-0.0266,0.4228,0.1653,-0.3841,0.0944,0.4031,0.0000,0.3927,0.7079,-0.2851,0.5061
2026,157,Kaleb Burgess,Buffalo,3,1,1.0484,23.0000,-0.0484,0.0223,0.0581,0.0000,0.0000,0.0000,0.0000,-0.0075,-0.1212,0.0000,-0.1031,0.0223,-0.0669,0.0000,0.0993,0.4040,-0.5252,-0.0484
2026,157,Kaleb Larkin,Arizona State,4,2,3.0864,4.0000,-1.0864,0.0566,-0.6389,0.0000,0.0000,-0.5170,0.0000,-0.0027,-0.0432,0.0588,-0.5983,0.0566,0.1822,-0.5170,-0.2098,1.1566,-1.1998,-1.0864
2026,157,Kannon Webster,Illinois,6,4,2.9133,7.0000,1.0867,-0.0978,0.2935,0.0000,0.0000,0.0000,0.0000,0.0019,0.8892,0.0000,-0.2736,-0.0978,1.1048,0.0000,0.3533,1.4490,-0.5598,1.0867
2026,157,Laird Root,North Carolina,2,0,0.3801,30.0000,-0.3801,-0.0157,-0.1148,0.0000,0.0000,0.0000,0.0000,-0.0120,-0.2376,0.0000,-0.0760,-0.0157,-0.3167,0.0000,0.0283,0.0295,-0.2671,-0.3801
2026,157,Landon Robideau,Oklahoma State,5,5,2.6858,5.0000,2.3142,0.0430,0.8094,0.0000,0.0000,1.1390,0.0000,0.0008,0.3219,0.0000,-0.1351,0.0430,0.7416,1.1390,0.5256,1.4998,-1.1778,2.3142
2026,157,Logan Rozynski,Lehigh,3,1,1.9112,10.0000,-0.9112,0.0847,-0.4618,0.0000,0.0000,0.0000,0.0000,0.0067,-0.5407,0.0000,-0.0400,0.0847,-1.0323,0.0000,0.0765,0.3828,-0.9236,-0.9112
2026,157,Luke Mechler,Wisconsin,3,1,1.0654,17.0000,-0.0654,-0.1109,0.3649,0.0000,0.0000,0.0000,0.0000,0.0236,-0.3412,-0.0018,0.3335,-0.1109,-0.3215,0.0000,0.0335,0.4116,-0.7528,-0.0654
2026,157,Mason Shrader,Central Michigan,2,0,0.6768,25.0000,-0.6768,-0.0198,-0.1453,0.0000,0.0000,0.0000,-0.0229,-0.0029,-0.4858,0.0000,-0.2249,-0.0198,-0.4381,0.0000,0.0061,0.0640,-0.5498,-0.6768
2026,157,Meyer Shapiro,Cornell,5,3,3.9075,3.0000,-0.9075,0.0694,-0.7590,0.0000,0.0000,0.0000,0.0000,-0.0008,-0.2170,0.0000,0.0114,0.0694,-0.4613,0.0000,-0.5270,1.5706,-1.7876,-0.9075
2026,157,PJ Duke,Penn State,6,5,5.2756,1.0000,-0.2756,-0.0291,-0.3070,0.0000,0.0000,-0.6220,0.0000,-0.0001,0.6770,0.0056,-0.2571,-0.0291,0.4481,-0.6220,0.1845,0.8939,-0.2169,-0.2756
2026,157,Ty Watters,West Virginia,5,3,1.9006,11.0000,1.0994,-0.1080,0.2356,0.0000,0.0000,0.0000,0.0000,-0.0283,0.9753,0.0248,0.2762,-0.1080,0.5950,0.0000,0.3362,2.8971,-1.9218,1.0994
2026,157,Vinny Zerban,Iowa State,3,1,1.7786,12.0000,-0.7786,0.0399,-0.5314,0.0000,0.0000,0.0000,0.0000,-0.0027,-0.2843,0.0000,-0.2336,0.0399,-0.4752,0.0000,-0.1096,0.7677,-1.0520,-0.7786
2026,157,Yannis Charles,Morgan State,2,0,0.2463,33.0000,-0.2463,0.0030,0.0081,0.0000,0.0000,0.0000,0.0000,-0.0056,-0.2481,-0.0037,-0.0376,0.0030,-0.2603,0.0000,0.0486,0.0561,-0.3041,-0.2463
2026,165,Andrew Barbosa,Rutgers,2,0,1.3626,14.0000,-1.3626,-0.0244,-0.4454,0.0000,0.0000,-0.6046,0.0000,0.0035,-0.2917,0.0000,-0.0231,-0.0244,-0.6188,-0.6046,-0.0918,0.3576,-0.6494,-1.3626
2026,165,Andrew Sparks,Minnesota,7,5,3.4111,13.0000,1.5889,0.0232,0.3292,0.0000,0.0000,-0.4002,0.0000,-0.0020,1.6386,0.0000,-0.3654,0.0232,1.6652,-0.4002,0.6661,2.7292,-1.0906,1.5889
2026,165,Braeden Scoles,Illinois,2,0,1.2278,17.0000,-1.2278,0.0042,-0.3673,0.0000,0.0000,0.0000,0.0001,-0.0004,-0.8644,0.0000,-0.4933,0.0042,-0.9188,0.0000,0.1801,0.2037,-1.0681,-1.2278
2026,165,Brock Woodcock,SIU Edwardsville,2,0,0.9493,21.0000,-0.9493,0.0384,-0.2702,0.0000,0.0000,0.0000,0.0000,0.0004,-0.7179,0.0000,-0.2020,0.0384,-0.9987,0.0000,0.2130,0.6872,-1.4051,-0.9493
2026,165,Bryce Hepner,North Carolina,6,4,2.9047,9.0000,1.0953,0.0074,0.4724,0.0000,0.0000,0.0000,0.0000,0.0277,0.5878,0.0000,0.0172,0.0074,0.9488,0.0000,0.1219,0.7360,-0.1482,1.0953
2026,165,Cesar Alvan,Columbia,6,5,2.1161,12.0000,2.8839,0.0864,1.1695,0.0000,0.0000,0.5754,0.0000,0.0141,1.0386,-0.0000,-0.3947,0.0864,2.2494,0.5754,0.3675,1.7088,-0.6702,2.8839
2026,165,Chris Earnest,Kent State,2,0,0.8106,23.0000,-0.8106,-0.0050,-0.0061,0.0000,0.0000,0.0000,0.0000,-0.0001,-0.7912,-0.0081,-0.0904,-0.0050,-0.7858,0.0000,0.0706,0.0737,-0.8649,-0.8106
2026,165,Cody Goebel,Wisconsin,3,1,0.7038,28.0000,0.2962,-0.0247,0.2177,0.0000,0.0000,0.0000,0.0000,-0.0008,0.1050,-0.0009,-0.1313,-0.0247,0.3274,0.0000,0.1248,1.0739,-0.9689,0.2962
2026,165,Cody Walsh,Drexel,4,2,0.6137,32.0000,1.3863,0.0371,0.1839,0.0000,0.0000,0.0000,0.0000,-0.0081,1.1734,-0.0000,-0.2715,0.0371,0.8643,0.0000,0.7564,2.2137,-1.0403,1.3863
2026,165,Connor Euton,Iowa State,3,1,1.4691,15.0000,-0.4691,-0.0621,0.1348,0.0000,0.0000,0.0000,0.0000,-0.0064,-0.5354,0.0000,-0.3198,-0.0621,-0.5184,0.0000,0.4313,1.2740,-1.8095,-0.4691
2026,165,EJ Parco,Stanford,4,2,0.7541,27.0000,1.2459,0.0264,1.2262,0.0000,0.0000,-0.4284,0.0000,0.0351,0.3867,0.0000,-0.4809,0.0264,1.7038,-0.4284,0.4250,1.1427,-0.7560,1.2459
2026,165,Gunner Filipowicz,Army West Point,2,0,1.1591,18.0000,-1.1591,0.0428,-0.4096,0.0000,0.0000,0.0000,0.0000,-0.0001,-0.7922,-0.0000,-0.2834,0.0428,-1.1244,0.0000,0.2058,0.2230,-1.0152,-1.1591
2026,165,Jared Keslar,Pittsburgh,3,1,0.5796,31.0000,0.4204,-0.0324,-0.0057,0.0000,0.0000,0.0000,0.0000,-0.0302,0.4887,0.0000,-0.4142,-0.0324,0.6550,0.0000,0.2119,0.8112,-0.3225,0.4204
2026,165,Joey Blaze,Purdue,5,3,3.8446,2.0000,-0.8446,0.0632,-0.5782,0.0000,0.0000,-0.5298,-0.0721,-0.0278,0.3000,0.0000,-0.4339,0.0632,-0.0552,-0.5298,0.1110,1.0026,-0.7026,-0.8446
2026,165,LJ Araujo,Nebraska,3,1,2.1357,6.0000,-1.1357,-0.0029,-0.1042,0.0000,0.0000,-0.4856,0.0000,-0.0396,-0.5034,0.0000,-0.1629,-0.0029,-1.0104,-0.4856,0.5261,0.8778,-1.3812,-1.1357
2026,165,LaDarion Lockett,Oklahoma State,4,2,2.8452,5.0000,-0.8452,0.0322,-0.4437,0.0000,0.0000,-0.0899,0.0000,-0.0104,-0.3335,0.0000,-0.4368,0.0322,-0.2845,-0.0899,-0.0662,0.4143,-0.7478,-0.8452
2026,165,Mac Church,Virginia Tech,2,0,0.6768,25.0000,-0.6768,-0.0788,0.0349,0.0000,0.0000,-0.3750,0.0000,0.0048,-0.2627,0.0000,-0.0580,-0.0788,-0.1896,-0.3750,0.0246,0.1390,-0.4017,-0.6768
2026,165,Matthew Olguin,Oregon State,2,0,0.4780,22.0000,-0.4780,0.0485,0.0742,0.0000,0.0000,0.0000,0.0000,-0.0000,-0.6007,-0.0000,-0.1967,0.0485,-0.1612,0.0000,-0.1686,0.3752,-0.9759,-0.4780
2026,165,Matty Bianchi,Little Rock,4,2,2.8322,8.0000,-0.8322,0.0958,-0.9407,0.0000,0.0000,0.3750,0.0000,-0.0325,-0.3297,0.0000,-0.3737,0.0958,-0.8383,0.3750,-0.0909,0.4826,-0.8122,-0.8322
2026,165,Max Brignola,Lehigh,5,3,3.5008,7.0000,-0.5008,-0.0957,-0.2736,0.0000,0.0000,0.1975,0.0000,0.0052,-0.3341,0.0000,-0.0416,-0.0957,-0.7587,0.1975,0.1977,1.4944,-1.8285,-0.5008
2026,165,Mikey Caliendo,Iowa,5,4,3.4098,3.0000,0.5902,-0.0360,-0.1034,0.0000,0.0000,0.5298,0.0721,0.0041,0.1146,0.0090,-0.0866,-0.0360,0.0631,0.5298,0.1199,0.9797,-0.8651,0.5902
2026,165,Mitchell Mesenbrink,Penn State,5,5,4.4046,1.0000,0.5954,-0.0150,0.0341,0.0000,0.0000,0.0000,0.0000,0.0001,0.5761,0.0001,-0.0565,-0.0150,0.4171,0.0000,0.2498,0.6417,-0.0656,0.5954
2026,165,Nicco Ruiz,Arizona State,7,5,4.7992,4.0000,0.2008,0.0092,-0.1421,0.0000,0.0000,0.4002,0.0000,0.0309,-0.0973,0.0000,-0.4397,0.0092,-0.8747,0.4002,1.1058,1.1473,-1.2446,0.2008
2026,165,Noah Mulvaney,Bucknell,4,2,1.3965,19.0000,0.6035,-0.0116,0.0727,0.0000,0.0000,0.0000,0.0000,0.0001,0.5422,-0.0000,-0.0284,-0.0116,0.1974,0.0000,0.4461,1.5785,-1.0364,0.6035
2026,165,Paddy Gallagher,Ohio State,7,4,3.1299,16.0000,0.8701,0.0423,0.4500,0.0000,0.0000,0.4284,-0.0001,0.0286,-0.0791,0.0000,-0.6844,0.0423,0.7031,0.4284,0.3808,0.9409,-1.0200,0.8701
2026,165,Ryan Burgos,Edinboro,2,0,0.4344,29.0000,-0.4344,0.0404,0.0126,0.0000,0.0000,0.0000,0.0000,-0.0008,-0.4866,0.0000,0.3082,0.0404,-0.7784,0.0000,-0.0045,0.6200,-1.1065,-0.4344
2026,165,Ryder Downey,Northern Iowa,5,3,3.3801,11.0000,-0.3801,-0.1289,-0.8564,0.0000,0.0000,0.0000,0.0000,-0.0018,0.6061,0.0010,-0.1708,-0.1289,-0.3798,0.0000,0.2995,1.5963,-0.9902,-0.3801
2026,165,Sean Seefeldt,Penn,3,1,0.9287,24.0000,0.0713,0.0441,0.3569,0.0000,0.0000,-0.3703,0.0000,0.0012,0.0394,0.0000,0.0665,0.0441,0.3901,-0.3703,-0.0591,0.8324,-0.7930,0.0713
2026,165,Thomas Snipes,The Citadel,3,1,0.5216,30.0000,0.4784,0.0032,0.2765,0.0000,0.0000,0.6046,0.0000,-0.0035,-0.3933,-0.0090,0.1062,0.0032,-0.2248,0.6046,-0.0107,0.1384,-0.5317,0.4784
2026,165,Ty Whalen,Princeton,3,1,1.5010,20.0000,-0.5010,-0.0443,0.2724,0.0000,0.0000,0.0000,0.0000,-0.0001,-0.7291,0.0000,-0.3733,-0.0443,0.2986,0.0000,-0.3821,1.3182,-2.0472,-0.5010
2026,165,Tyler Lillard,Indiana,3,1,0.7963,26.0000,0.2037,-0.0628,0.0218,0.0000,0.0000,-0.3585,0.0000,0.0046,0.5905,0.0081,-0.2075,-0.0628,0.5173,-0.3585,0.3152,0.9059,-0.3154,0.2037
2026,165,Will Denny,NC State,4,2,1.9230,10.0000,0.0770,-0.0203,-0.3933,0.0000,0.0000,0.5313,0.0000,0.0042,-0.0451,0.0000,-0.2378,-0.0203,-0.4801,0.5313,0.2838,1.7839,-1.8290,0.0770
2026,174,Alex Facundo,Oklahoma State,4,2,2.8310,8.0000,-0.8310,0.0175,-0.2543,0.0000,0.0000,-0.5815,0.0000,0.0008,-0.0134,0.0000,-0.0308,0.0175,-0.3343,-0.5815,0.0981,1.1237,-1.1372,-0.8310
2026,174,Avery Bassett,Lock Haven,2,0,0.3215,29.0000,-0.3215,-0.0268,0.1023,0.0000,0.0000,-0.3942,0.0000,-0.0027,-0.0001,0.0000,-0.0704,-0.0268,0.0599,-0.3942,0.1100,0.1629,-0.1630,-0.3215
2026,174,Beau Mantanona,Michigan,6,4,2.6544,9.0000,1.3456,0.0610,0.4400,0.0000,0.0000,0.0000,0.0000,-0.0000,0.7093,0.1353,-0.3485,0.0610,1.1247,0.0000,0.5083,2.5826,-1.8733,1.3456
2026,174,Brody Baumann,Purdue,3,1,1.1916,22.0000,-0.1916,-0.0204,0.3797,0.0000,0.0000,-0.4294,0.0170,0.0006,-0.1018,-0.0372,-0.1777,-0.0204,0.3147,-0.4294,0.1212,1.5687,-1.6705,-0.1916
2026,174,Cael Valencia,Arizona State,2,0,0.3279,31.0000,-0.3279,0.0009,0.0874,0.0000,0.0000,0.0000,0.0000,-0.0000,-0.4162,0.0000,-0.0046,0.0009,-0.3231,0.0000,-0.0011,0.5856,-1.0018,-0.3279
2026,174,Cam Steed,Missouri,6,4,3.5084,7.0000,0.4916,-0.0148,-0.1172,0.0000,0.0000,0.4281,0.0001,0.0191,0.0532,0.1232,-0.2087,-0.0148,-0.1588,0.4281,0.4458,0.8392,-0.7860,0.4916
2026,174,Carson Kharchla,Ohio State,7,5,4.5057,4.0000,0.4943,0.0011,-0.0714,0.0000,0.0000,-0.5170,0.0000,-0.0019,1.0834,0.0000,-0.2505,0.0011,1.0693,-0.5170,0.1914,2.6479,-1.5644,0.4943
2026,174,Carter Baer,Binghamton,4,2,2.3365,13.0000,-0.3365,0.0995,-0.8655,0.0000,0.0000,0.8510,0.0000,-0.0235,-0.3980,0.0000,-0.8055,0.0995,-0.4514,0.8510,-0.0300,0.2030,-0.6011,-0.3365
2026,174,Carter Schubert,Oklahoma,5,3,2.7695,12.0000,0.2305,0.0063,-0.6282,0.0000,0.0000,0.3901,0.0000,-0.0108,0.4731,0.0000,-0.2723,0.0063,-0.1780,0.3901,0.2844,2.0138,-1.5407,0.2305
2026,174,Christopher Minto,Nebraska,5,4,3.5130,3.0000,0.4870,-0.0206,-0.0272,0.0000,0.0000,0.0000,0.0000,0.0029,0.5319,0.0000,-0.1646,-0.0206,0.5176,0.0000,0.1547,0.8327,-0.3007,0.4870
2026,174,Colin Kelly,Illinois,5,3,2.2625,18.0000,0.7375,-0.1653,0.5203,0.0000,0.0000,0.5815,-0.0749,0.0016,-0.1257,0.0000,-0.4438,-0.1653,-0.0284,0.5815,0.7935,1.8988,-2.0245,0.7375
2026,174,Collin Carrigan,North Carolina,2,0,0.5507,27.0000,-0.5507,0.0028,0.1334,0.0000,0.0000,-0.3413,-0.0170,0.0011,-0.3297,0.0000,-0.1156,0.0028,-0.1394,-0.3413,0.0427,0.1586,-0.4883,-0.5507
2026,174,Danny Wask,Navy,7,4,2.4062,15.0000,1.5938,0.0741,0.5447,0.0000,0.0000,0.0953,0.0749,-0.0215,0.8262,0.0000,-0.6462,0.0741,0.8485,0.0953,1.2221,2.7492,-1.9231,1.5938
2026,174,Daschle Lamer,Oregon State,3,1,0.9064,20.0000,0.0936,0.0960,0.4599,0.0000,0.0000,0.0000,0.0000,0.0028,-0.4650,0.0000,-0.0902,0.0960,-0.6362,0.0000,0.7240,0.3956,-0.8606,0.0936
2026,174,Derek Gilcher,Indiana,2,0,0.6126,26.0000,-0.6126,-0.0075,0.0164,0.0000,0.0000,0.0000,-0.0001,0.0000,-0.3166,-0.3050,-0.3310,-0.0075,-0.2003,0.0000,-0.0738,0.2946,-0.6112,-0.6126
2026,174,Garrett Thompson,Ohio,2,0,0.7429,24.0000,-0.7429,0.0522,-0.3767,0.0000,0.0000,0.0000,0.0000,-0.0241,-0.3944,0.0000,-0.1929,0.0522,-0.7311,0.0000,0.1289,0.1734,-0.5678,-0.7429
2026,174,Grant O`Dell,Bellarmine,2,0,0.2603,33.0000,-0.2603,0.0313,0.1508,0.0000,0.0000,-0.3973,0.0000,0.0042,-0.0391,-0.0103,0.0151,0.0313,0.1104,-0.3973,-0.0198,0.0884,-0.1275,-0.2603
2026,174,Holden Garcia,Princeton,2,0,0.4913,28.0000,-0.4913,0.0394,-0.1621,0.0000,0.0000,0.0000,0.0000,-0.0011,-0.3675,0.0000,-0.0691,0.0394,-0.5587,0.0000,0.0971,0.3119,-0.6794,-0.4913
2026,174,Jared Simma,Northern Iowa,3,1,1.3582,17.0000,-0.3582,0.0159,-0.3946,0.0000,0.0000,0.3973,0.0000,-0.0030,-0.3737,-0.0000,-0.0130,0.0159,-0.4343,0.3973,-0.3241,0.4858,-0.8595,-0.3582
2026,174,Lenny Pinto,Rutgers,3,1,1.1465,21.0000,-0.1465,0.0470,0.0969,0.0000,0.0000,0.0000,0.0000,-0.0001,-0.2902,0.0000,-0.2854,0.0470,0.3093,0.0000,-0.2173,0.9085,-1.1987,-0.1465
2026,174,Levi Haines,Penn State,5,5,4.3031,1.0000,0.6969,0.0365,0.0852,0.0000,0.0000,0.0000,0.0000,0.0005,0.5644,0.0103,-0.0227,0.0365,0.6100,0.0000,0.0730,0.5974,-0.0330,0.6969
2026,174,Logan Messer,George Mason,3,1,0.9208,19.0000,0.0792,-0.0111,0.1502,0.0000,0.0000,0.0786,0.0000,0.0084,-0.1469,0.0000,0.4110,-0.0111,-0.4130,0.0786,0.0137,0.4869,-0.6338,0.0792
2026,174,Luca Augustine,Pittsburgh,3,1,1.0281,23.0000,-0.0281,-0.0214,-0.3069,0.0000,0.0000,0.0000,0.0000,-0.0037,-0.0011,0.3050,0.1210,-0.0214,-0.3592,0.0000,0.2316,1.2748,-1.2758,-0.0281
2026,174,MJ Gaitan,Iowa State,6,3,2.9799,11.0000,0.0201,0.0917,0.1165,0.0000,0.0000,0.0000,0.0000,-0.0045,-0.0856,-0.0980,-1.0709,0.0917,0.6219,0.0000,0.3775,2.5001,-2.5857,0.0201
2026,174,Matty Singleton,NC State,5,3,3.5874,6.0000,-0.5874,-0.0758,-0.6339,0.0000,0.0000,0.3413,0.0000,0.0178,-0.2368,0.0000,-0.2404,-0.0758,-1.0417,0.3413,0.4292,1.5463,-1.7831,-0.5874
2026,174,Moses Espinoza-Owens,South Dakota State,4,2,2.4335,14.0000,-0.4335,-0.0829,-0.1124,0.0000,0.0000,-1.0195,0.0000,-0.0041,0.7854,0.0000,-0.3063,-0.0829,1.1906,-1.0195,-0.2154,1.5281,-0.7428,-0.4335
2026,174,Myles Takats,Bucknell,3,1,1.9240,10.0000,-0.9240,-0.0102,-0.3727,0.0000,0.0000,0.0000,0.0000,0.0025,-0.4205,-0.1231,0.0399,-0.0102,-0.9990,0.0000,0.0452,1.0507,-1.4712,-0.9240
2026,174,Nick Fine,Columbia,3,1,1.1293,16.0000,-0.1293,-0.0100,0.0079,0.0000,0.0000,0.0000,0.0000,-0.0017,-0.1255,-0.0000,0.1857,-0.0100,-0.3800,0.0000,0.0750,0.7009,-0.8264,-0.1293
2026,174,Patrick Kennedy,Iowa,6,5,3.4439,5.0000,1.5561,-0.1459,0.5406,0.0000,0.0000,0.5170,0.0000,0.0138,0.6306,0.0000,0.1386,-0.1459,0.6150,0.5170,0.4314,1.4466,-0.8160,1.5561
2026,174,Riley Davis,Wyoming,2,0,0.3020,30.0000,-0.3020,-0.0285,0.0131,0.0000,0.0000,0.0000,0.0000,0.0008,-0.2874,-0.0000,-0.0874,-0.0285,-0.3031,0.0000,0.1171,0.1602,-0.4476,-0.3020
2026,174,Sergio Desiante,Virginia Tech,4,2,0.9771,25.0000,1.0229,-0.0491,0.8815,0.0000,0.0000,0.0000,0.0000,0.0273,0.1631,0.0000,-0.2308,-0.0491,1.2655,0.0000,0.0373,1.2459,-1.0827,1.0229
2026,174,Simon Ruiz,Cornell,5,3,4.2736,2.0000,-1.2736,0.0171,-0.4038,0.0000,0.0000,0.0000,0.0000,-0.0015,-0.8854,0.0000,-0.2482,0.0171,-0.9872,0.0000,-0.0553,0.9899,-1.8753,-1.2736
2026,184,Abraham Wojcikiewicz,Stanford,3,1,0.8867,28.0000,0.1133,-0.0297,0.2130,0.0000,0.0000,0.0000,0.0000,0.0000,-0.0702,0.0001,-0.0864,-0.0297,-0.0293,0.0000,0.2587,0.7050,-0.7752,0.1133
2026,184,Aeoden Sinclair,Missouri,7,6,5.4013,2.0000,0.5987,-0.0026,0.1392,0.0000,0.0000,-0.5941,0.0000,0.0060,1.0501,0.0000,-0.2164,-0.0026,1.0944,-0.5941,0.3174,1.5360,-0.4859,0.5987
2026,184,Aidan Brenot,North Dakota State,2,0,0.3628,27.0000,-0.3628,-0.0478,0.1172,0.0000,0.0000,0.0000,0.0000,0.0000,-0.4322,0.0000,0.0125,-0.0478,-0.3718,0.0000,0.0443,0.0782,-0.5104,-0.3628
2026,184,Angelo Ferrari,Iowa,4,3,2.0037,7.0000,0.9963,0.0060,0.3749,0.0000,0.0000,0.1593,0.0000,-0.0057,0.4618,0.0000,-0.0143,0.0060,0.7399,0.1593,0.1054,0.7863,-0.3245,0.9963
2026,184,Brian Soldano,Oklahoma,4,2,1.0063,20.0000,0.9937,0.0019,0.6407,0.0000,0.0000,-0.4250,0.0000,0.0024,0.8424,-0.0688,0.0956,0.0019,0.9401,-0.4250,0.3810,2.0649,-1.2225,0.9937
2026,184,Brock Mantanona,Michigan,5,3,2.9222,5.0000,0.0778,0.0082,-0.2031,0.0000,0.0000,0.0000,0.0000,-0.0011,0.2050,0.0688,-0.3354,0.0082,0.1692,0.0000,0.2358,1.0376,-0.8326,0.0778
2026,184,Caleb Campos,American,7,5,4.1595,10.0000,0.8405,-0.1249,-0.3084,0.0000,0.0000,0.8311,0.0000,-0.0006,0.4433,0.0000,-0.7356,-0.1249,0.5083,0.8311,0.3617,2.2980,-1.8546,0.8405
2026,184,Caleb Uhlenhopp,Utah Valley,3,1,0.4996,32.0000,0.5004,-0.0540,0.0665,0.0000,0.0000,0.5963,0.0000,0.0028,-0.1112,-0.0000,0.0943,-0.0540,-0.1208,0.5963,-0.0153,0.1924,-0.3036,0.5004
2026,184,Ceasar Garza,Cal Poly,2,0,0.8106,23.0000,-0.8106,-0.0212,0.0528,0.0000,0.0000,-0.4061,0.0000,0.0015,-0.4375,0.0000,0.0011,-0.0212,-0.3529,-0.4061,-0.0316,0.2524,-0.6899,-0.8106
2026,184,Chase Kranitz,Pittsburgh,3,1,0.8142,26.0000,0.1858,0.0292,0.2808,0.0000,0.0000,-0.3788,0.0000,0.0050,0.2495,0.0000,-0.0740,0.0292,0.5924,-0.3788,0.0169,0.6820,-0.4324,0.1858
2026,184,Chris Moore,Illinois,4,2,2.7000,9.0000,-0.7000,-0.0059,-0.2259,0.0000,0.0000,0.3788,0.0000,-0.0008,-0.8462,0.0000,-0.0592,-0.0059,-1.0320,0.3788,0.0183,0.9107,-1.7569,-0.7000
2026,184,Dylan Fishback,Ohio State,3,1,1.4489,12.0000,-0.4489,0.0326,-0.0983,0.0000,0.0000,0.0000,0.0000,-0.0008,-0.3823,0.0000,-0.1668,0.0326,-0.5338,0.0000,0.2192,0.6125,-0.9948,-0.4489
2026,184,Eddie Neitenbach,Wyoming,5,3,3.0542,6.0000,-0.0542,-0.0497,0.0658,0.0000,0.0000,0.0000,0.0000,-0.0002,-0.0701,0.0000,-0.1879,-0.0497,0.2103,0.0000,-0.0269,0.9341,-1.0043,-0.0542
2026,184,Ian Bush,West Virginia,2,0,1.2278,17.0000,-1.2278,-0.0113,-0.5571,0.0000,0.0000,-0.5963,0.0000,-0.0013,-0.0618,0.0000,-0.1013,-0.0113,-0.6361,-0.5963,0.1172,0.7426,-0.8044,-1.2278
2026,184,Isaac Dean,Iowa State,2,0,1.4032,13.0000,-1.4032,-0.0494,-0.4507,0.0000,0.0000,0.0000,0.0000,-0.0033,-0.8999,0.0000,-0.0573,-0.0494,-1.2739,0.0000,-0.0226,0.1102,-1.0101,-1.4032
2026,184,Jaden Bullock,Virginia Tech,4,2,2.1881,14.0000,-0.1881,-0.0826,-0.5998,0.0000,0.0000,0.3113,0.0000,0.1032,0.0798,0.0000,1.3442,-0.0826,-1.3153,0.3113,-0.4457,1.4214,-1.3415,-0.1881
2026,184,Jake Dailey,North Carolina,3,1,1.6204,18.0000,-0.6204,-0.0103,0.1095,0.0000,0.0000,0.0000,0.0000,-0.0005,-0.7190,0.0000,-0.1943,-0.0103,-0.4791,0.0000,0.0634,0.8990,-1.6180,-0.6204
2026,184,James Conway,Franklin and Marshall,5,3,3.6676,4.0000,-0.6676,0.0660,-0.5639,0.0000,0.0000,0.0000,0.0000,0.0025,-0.1721,0.0000,-0.2967,0.0660,-0.8029,0.0000,0.3661,0.9005,-1.0727,-0.6676
2026,184,Jared McGill,Edinboro,3,1,1.3021,19.0000,-0.3021,0.0657,0.0533,0.0000,0.0000,-0.4646,0.0000,-0.0789,0.1224,0.0000,0.0061,0.0657,0.6295,-0.4646,-0.5388,0.8620,-0.7396,-0.3021
2026,184,Joe Curtis,Columbia,2,0,0.7429,24.0000,-0.7429,0.0058,-0.0354,0.0000,0.0000,0.0000,0.0000,-0.0074,-0.3365,-0.3695,-0.3989,0.0058,-0.3227,0.0000,-0.0272,0.2986,-0.6351,-0.7429
2026,184,Mahonri Rushton,Northern Colorado,2,0,0.3279,31.0000,-0.3279,-0.0340,0.0564,0.0000,0.0000,0.0000,0.0000,0.0014,-0.3518,-0.0000,-0.0634,-0.0340,-0.2971,0.0000,0.0665,0.1232,-0.4750,-0.3279
2026,184,Malachi DuVall,George Mason,3,1,0.9085,25.0000,0.0915,-0.0329,-0.0495,0.0000,0.0000,0.0000,0.0000,-0.0061,-0.1896,0.3695,-0.2297,-0.0329,0.0289,0.0000,0.3251,0.5367,-0.7263,0.0915
2026,184,Max McEnelly,Minnesota,5,5,3.3377,3.0000,1.6623,0.1331,0.3507,0.0000,0.0000,0.4349,0.0000,0.0055,0.7379,0.0000,-0.2426,0.1331,1.3481,0.4349,-0.0113,1.3715,-0.6335,1.6623
2026,184,Nick Fox,Northern Iowa,3,1,0.5695,29.0000,0.4305,0.0529,0.9348,0.0000,0.0000,-0.4016,0.0000,-0.0168,-0.1387,0.0000,0.1670,0.0529,1.1552,-0.4016,-0.5429,0.8090,-0.9477,0.4305
2026,184,Rocco Welsh,Penn State,5,4,4.2881,1.0000,-0.2881,-0.0323,-0.5440,0.0000,0.0000,0.0000,0.0000,-0.0034,0.2824,0.0092,-0.0855,-0.0323,-0.3984,0.0000,0.2282,0.8337,-0.5514,-0.2881
2026,184,Rylan Rogers,Lehigh,5,3,1.7373,16.0000,1.2627,0.0789,0.1132,0.0000,0.0000,0.0000,0.0000,0.0009,1.0698,0.0000,-0.0643,0.0789,0.8342,0.0000,0.4140,2.5784,-1.5086,1.2627
2026,184,Sal Perrine,Ohio,4,2,1.8570,15.0000,0.1430,0.0519,0.1431,0.0000,0.0000,0.0000,0.0000,-0.0012,-0.0509,0.0000,-0.3746,0.0519,0.2826,0.0000,0.1831,0.7787,-0.8296,0.1430
2026,184,Sam Goin,Indiana,1,0,0.2674,33.0000,-0.2674,0.0254,-0.1327,0.0000,0.0000,0.0000,0.0000,-0.0067,-0.1534,0.0000,-0.0852,0.0254,-0.1463,0.0000,-0.0613,0.1473,-0.3007,-0.2674
2026,184,Shane Cartagena-Walsh,Rutgers,4,2,2.2879,11.0000,-0.2879,-0.0167,-0.1284,0.0000,0.0000,-0.5789,0.0000,0.0016,0.4345,0.0000,-0.1322,-0.0167,0.2804,-0.5789,0.1595,0.8493,-0.4148,-0.2879
2026,184,Silas Allred,Nebraska,3,2,1.4747,8.0000,0.5253,0.0400,0.2081,0.0000,0.0000,0.0000,0.0000,0.0061,0.2803,-0.0092,0.0543,0.0400,0.2498,0.0000,0.1811,1.0406,-0.7603,0.5253
2026,184,Tomas Brooker,Appalachian State,2,0,0.9493,21.0000,-0.9493,-0.0228,-0.2136,0.0000,0.0000,0.0000,0.0000,0.0008,-0.7137,-0.0001,-0.2250,-0.0228,-0.8200,0.0000,0.1184,0.2881,-1.0019,-0.9493
2026,184,Tyler Bienus,Bucknell,1,0,0.0671,30.0000,-0.0671,-0.0028,0.0104,0.0000,0.0000,0.0000,0.0000,0.0000,-0.0746,-0.0000,-0.0017,-0.0028,-0.0776,0.0000,0.0150,0.0163,-0.0909,-0.0671
2026,184,Zack Ryder,Oklahoma State,5,3,1.7056,22.0000,1.2944,0.0331,0.1801,0.0000,0.0000,1.1338,0.0000,-0.0050,-0.0476,0.0000,-0.0028,0.0331,-0.0532,1.1338,0.1836,0.9157,-0.9632,1.2944
2026,197,Andrew Reall,Brown,5,3,2.6201,18.0000,0.3799,-0.0295,0.4997,0.0000,0.0000,0.0000,0.0000,0.0010,-0.0914,0.0000,0.0989,-0.0295,-0.1811,0.0000,0.4917,1.1133,-1.2046,0.3799
2026,197,Angelo Posada,Stanford,7,4,3.7457,9.0000,0.2543,0.0108,-0.4003,0.0000,0.0000,0.4424,0.0000,-0.0001,-0.0768,0.2782,-0.0266,0.0108,-0.5888,0.4424,0.4165,1.9432,-2.0200,0.2543
2026,197,Ben Vanadia,Purdue,2,0,0.6126,26.0000,-0.6126,-0.0221,0.1384,0.0000,0.0000,0.0000,0.0000,0.0000,-0.7290,-0.0000,-0.0625,-0.0221,-0.6570,0.0000,0.1290,0.1512,-0.8802,-0.6126
2026,197,Bennett Berge,South Dakota State,3,1,1.9249,13.0000,-0.9249,0.0376,-0.5337,0.0000,0.0000,0.0000,0.0000,-0.0014,-0.4273,-0.0000,-0.2215,0.0376,-0.6624,0.0000,-0.0785,0.7151,-1.1423,-0.9249
2026,197,Blake Schaffer,Kent State,2,0,0.2613,32.0000,-0.2613,0.0010,0.0053,0.0000,0.0000,0.0000,0.0000,-0.0001,-0.2676,-0.0000,-0.0035,0.0010,-0.2680,0.0000,0.0091,-0.0772,-0.1904,-0.2613
2026,197,Branson John,Maryland,7,4,3.5303,16.0000,0.4697,0.0097,0.4244,0.0000,0.0000,-0.5335,0.0000,-0.0031,0.5722,0.0000,0.1169,0.0097,0.7485,-0.5335,0.1282,1.9187,-1.3464,0.4697
2026,197,Brock Zurawski,Rider,3,1,0.6755,24.0000,0.3245,-0.0007,0.2820,0.0000,0.0000,0.0000,0.0000,0.0000,0.3215,-0.2783,-0.1935,-0.0007,0.1075,0.0000,0.4113,1.2442,-0.9227,0.3245
2026,197,Camden McDanel,Nebraska,7,5,3.4879,11.0000,1.5121,0.0570,-0.0172,0.0000,0.0000,-0.3957,0.0000,-0.0042,1.8721,0.0000,-0.9240,0.0570,3.0721,-0.3957,-0.2974,3.2849,-1.4128,1.5121
2026,197,Cody Merrill,Oklahoma State,5,4,2.5938,7.0000,1.4062,0.0647,0.5124,0.0000,0.0000,0.5651,0.0000,0.0031,0.2608,0.0000,-0.0648,0.0647,0.7749,0.5651,0.0662,0.7499,-0.4890,1.4062
2026,197,Colton Hawks,Arizona State,4,2,0.7074,29.0000,1.2926,-0.1214,1.2312,0.0000,0.0000,-0.4159,0.0000,0.0122,0.5866,0.0000,0.0707,-0.1214,1.6341,-0.4159,0.1251,1.1972,-0.6107,1.2926
2026,197,DJ Parker,Oklahoma,2,0,1.5999,8.0000,-1.5999,-0.0004,-0.6608,0.0000,0.0000,0.0000,0.0000,-0.0166,-0.9220,0.0000,-0.0863,-0.0004,-1.2171,0.0000,-0.2961,0.2934,-1.2155,-1.5999
2026,197,Devin Wasley,North Dakota State,2,0,0.8795,22.0000,-0.8795,-0.0703,0.2808,0.0000,0.0000,0.0000,0.0000,-0.0026,-1.0875,0.0000,0.0430,-0.0703,-1.1379,0.0000,0.2857,0.3029,-1.3904,-0.8795
2026,197,Dillon Bechtold,Bucknell,3,1,1.0654,17.0000,-0.0654,-0.0804,-0.2538,0.0000,0.0000,0.5071,0.0000,-0.0009,-0.2373,0.0000,0.0542,-0.0804,-0.5641,0.5071,0.0178,0.3170,-0.5543,-0.0654
2026,197,Evan Bates,Missouri,4,2,1.2483,25.0000,0.7517,-0.0248,0.5696,0.0000,0.0000,0.0000,0.0000,0.0255,0.1813,0.0000,0.1976,-0.0248,0.9295,0.0000,-0.3506,1.1090,-0.9276,0.7517
2026,197,Gabe Arnold,Iowa,7,5,2.0478,27.0000,2.9522,0.0958,1.2977,0.0000,0.0000,-0.3413,0.0000,0.0059,1.8941,0.0000,-0.0065,0.0958,2.6788,-0.3413,0.5254,2.8690,-0.9749,2.9522
2026,197,Gabe Sollars,Indiana,4,2,2.6030,14.0000,-0.6030,-0.0633,-0.0104,0.0000,0.0000,0.0000,0.0000,0.0448,-0.5743,0.0003,-0.2222,-0.0633,-0.7900,0.0000,0.4726,1.1976,-1.7720,-0.6030
2026,197,Joey Novak,Wyoming,6,4,3.8824,5.0000,0.1176,-0.0406,-0.0929,0.0000,0.0000,0.0000,-0.0020,0.0008,0.2514,0.0009,0.5343,-0.0406,-0.6242,0.0000,0.2480,1.1291,-0.8777,0.1176
2026,197,Josh Barr,Penn State,5,5,4.4276,1.0000,0.5724,-0.0132,-0.0066,0.0000,0.0000,0.0000,0.0000,0.0036,0.5886,0.0000,-0.0648,-0.0132,0.5762,0.0000,0.0742,0.7568,-0.1682,0.5724
2026,197,Justin Rademacher,Oregon State,3,1,2.1702,6.0000,-1.1702,0.1250,-0.7405,0.0000,0.0000,0.3413,0.0000,-0.0255,-0.8705,0.0000,-0.1213,0.1250,-1.8863,0.3413,0.3711,0.5082,-1.3787,-1.1702
2026,197,Kade Rule,Chattanooga,1,0,0.0671,30.0000,-0.0671,0.0120,0.0026,0.0000,0.0000,0.0000,0.0000,0.0000,-0.0816,0.0000,-0.0340,0.0120,-0.0897,0.0000,0.0447,0.0460,-0.1276,-0.0671
2026,197,Kael Bennie,Utah Valley,2,0,0.3279,31.0000,-0.3279,-0.0365,-0.1743,0.0000,0.0000,0.0000,0.0000,-0.0053,-0.1118,0.0000,-0.2846,-0.0365,0.0388,0.0000,-0.0456,0.0070,-0.1188,-0.3279
2026,197,Kael Wisler,Michigan State,2,0,0.3417,28.0000,-0.3417,-0.0335,-0.0839,0.0000,0.0000,0.0000,0.0000,0.0118,-0.2358,-0.0004,-0.0522,-0.0335,-0.5255,0.0000,0.2694,0.1276,-0.3634,-0.3417
2026,197,Karson Tompkins,Air Force,1,0,0.1973,33.0000,-0.1973,0.0008,-0.0145,0.0000,0.0000,0.0000,0.0000,0.0000,-0.1834,-0.0003,-0.0714,0.0008,-0.1248,0.0000,-0.0019,0.0000,-0.1834,-0.1973
2026,197,Luke Geog,Ohio State,5,3,2.8427,12.0000,0.1573,-0.1681,0.4750,0.0000,0.0000,-0.5642,0.0000,0.0110,0.4036,0.0000,-0.6087,-0.1681,1.6531,-0.5642,-0.1548,1.4034,-0.9998,0.1573
2026,197,Mac Stout,Pittsburgh,4,2,2.5423,10.0000,-0.5423,-0.0123,-0.3681,0.0000,0.0000,0.0000,0.0000,0.0093,-0.1712,0.0000,-0.1502,-0.0123,-0.3758,0.0000,-0.0040,0.6963,-0.8675,-0.5423
2026,197,Mikey Squires,Binghamton,3,1,1.3459,23.0000,-0.3459,0.0880,-0.4834,0.0000,0.0000,0.0000,0.0000,-0.0114,0.0610,0.0000,-0.2999,0.0880,-0.2225,0.0000,0.0885,0.7296,-0.6687,-0.3459
2026,197,Remy Cotton,Rutgers,4,2,1.7093,15.0000,0.2907,-0.0756,-0.0376,0.0000,0.0000,0.0000,0.0000,0.0219,0.3820,0.0000,-0.0991,-0.0756,-0.0611,0.0000,0.5266,1.1870,-0.8050,0.2907
2026,197,Rocky Elam,Iowa State,3,1,2.6952,2.0000,-1.6952,0.0592,-1.0319,0.0000,0.0000,0.0000,0.0000,-0.0206,-0.7019,0.0000,-0.9033,0.0592,-0.7458,0.0000,-0.1053,0.2380,-0.9399,-1.6952
2026,197,Rune Lawrence,West Virginia,3,1,1.1055,21.0000,-0.1055,0.0569,-0.1211,0.0000,0.0000,0.5642,0.0020,-0.0025,-0.6044,-0.0005,0.0785,0.0569,-0.8143,0.5642,0.0093,0.3749,-0.9794,-0.1055
2026,197,Sonny Sasso,Virginia Tech,3,1,2.5870,4.0000,-1.5870,0.0264,-1.3205,0.0000,0.0000,0.0000,0.0000,-0.0123,-0.3982,0.1177,0.0868,0.0264,-2.0452,0.0000,0.3450,1.3586,-1.7568,-1.5870
2026,197,Stephen Little,Little Rock,6,5,4.5662,3.0000,0.4338,0.0382,0.0549,0.0000,0.0000,-0.1695,0.0000,-0.0020,0.5121,0.0000,-0.2162,0.0382,0.6072,-0.1695,0.1741,0.8661,-0.3540,0.4338
2026,197,Wyatt Ingham,Wisconsin,2,0,0.5215,20.0000,-0.5215,0.0404,-0.0247,0.0000,0.0000,0.0000,0.0000,-0.0001,-0.4193,-0.1177,-0.0100,0.0404,-0.3226,0.0000,-0.2292,0.9087,-1.3280,-0.5215
2026,197,Zayne Lehman,Ohio,4,2,1.0666,19.0000,0.9334,0.0693,0.6024,0.0000,0.0000,0.0000,0.0000,-0.0421,0.3038,0.0000,-0.5426,0.0693,1.0837,0.0000,0.3231,1.3230,-1.0192,0.9334
2026,285,AJ Ferrari,Nebraska,4,3,2.8386,4.0000,0.1614,0.0202,0.0775,0.0000,0.0000,0.0000,0.0000,-0.0005,0.0641,0.0000,-0.0581,0.0202,0.1010,0.0000,0.0982,0.3550,-0.2909,0.1614
2026,285,Alex Semenenko,Brown,2,0,0.6768,25.0000,-0.6768,-0.0073,-0.1871,0.0000,0.0000,0.0000,0.0000,-0.0025,-0.4798,0.0000,-0.2557,-0.0073,-0.3100,0.0000,-0.1038,0.1131,-0.5929,-0.6768
2026,285,Ben Kueter,Iowa,6,4,2.9316,8.0000,1.0684,0.0698,0.5244,0.0000,0.0000,0.0000,0.0000,0.0100,0.4642,0.0000,0.0284,0.0698,0.3255,0.0000,0.6446,0.8589,-0.3948,1.0684
2026,285,Brady Colbert,Army West Point,4,2,1.6205,15.0000,0.3795,0.0841,-0.0146,0.0000,0.0000,0.0000,0.0000,0.0132,0.2967,0.0000,-0.1356,0.0841,0.1237,0.0000,0.3073,0.8833,-0.5866,0.3795
2026,285,Braxton Amos,Wisconsin,5,3,2.8609,12.0000,0.1391,0.1074,-0.5792,0.0000,0.0000,0.0000,0.0000,-0.0146,0.6254,0.0000,-0.3102,0.1074,-0.0436,0.0000,0.3854,1.2083,-0.5829,0.1391
2026,285,Brenan Morgan,Virginia,2,0,0.3279,31.0000,-0.3279,-0.0003,0.0093,0.0000,0.0000,0.0000,0.0000,-0.0000,-0.2439,-0.0931,-0.1133,-0.0003,-0.2215,0.0000,0.0072,0.0086,-0.2524,-0.3279
2026,285,Christian Carroll,Wyoming,7,4,3.1813,18.0000,0.8187,-0.1061,-0.2261,0.0000,0.0000,0.4421,0.0000,-0.0147,0.7055,0.0181,-0.5729,-0.1061,0.8520,0.4421,0.2036,2.2593,-1.5538,0.8187
2026,285,Cole Mirasola,Penn State,4,2,2.6979,9.0000,-0.6979,-0.0690,-0.4238,0.0000,0.0000,0.0000,0.0000,-0.0019,-0.2033,0.0000,-0.1221,-0.0690,-0.4936,0.0000,-0.0132,0.8646,-1.0679,-0.6979
2026,285,Connor Barket,Duke,3,1,0.9874,24.0000,0.0126,-0.0204,0.0994,0.0000,0.0000,0.0000,0.0000,-0.0043,-0.0620,0.0000,0.0433,-0.0204,-0.1275,0.0000,0.1173,0.6270,-0.6890,0.0126
2026,285,David Szuba,Arizona State,7,5,4.3482,10.0000,0.6518,-0.0102,-0.0821,0.0000,0.0000,0.0000,0.0000,0.0072,0.6620,0.0750,-0.4838,-0.0102,0.9055,0.0000,0.2404,1.3551,-0.6932,0.6518
2026,285,Dayton Pitzer,Pittsburgh,5,3,1.6092,20.0000,1.3908,-0.0769,0.1738,0.0000,0.0000,0.5497,0.0000,0.0094,0.7713,-0.0365,-0.2308,-0.0769,1.2433,0.5497,-0.0945,1.2892,-0.5179,1.3908
2026,285,Devon Dawson,Northern Illinois,3,1,2.0071,11.0000,-1.0071,0.0249,-0.2768,0.0000,0.0000,-0.6096,0.0000,0.0064,-0.1521,0.0000,-0.0763,0.0249,-0.6521,-0.6096,0.3058,0.4153,-0.5674,-1.0071
2026,285,Emmanuel Ulrich,American,2,0,0.2759,32.0000,-0.2759,-0.0336,-0.1430,0.0000,0.0000,0.0000,0.0000,-0.0027,-0.0891,-0.0076,-0.2451,-0.0336,0.0496,0.0000,-0.0468,0.0062,-0.0953,-0.2759
2026,285,Hunter Catka,Rutgers,4,2,0.7882,27.0000,1.2118,0.0309,0.7787,0.0000,0.0000,0.8262,0.0000,-0.0562,-0.3678,0.0000,-0.5020,0.0309,0.5265,0.8262,0.3302,1.1841,-1.5519,1.2118
2026,285,Isaac Trumble,NC State,5,5,3.4934,2.0000,1.5066,0.0123,0.1046,0.0000,0.0000,0.0000,0.0000,0.0253,1.3643,0.0000,0.2153,0.0123,1.1282,0.0000,0.1508,1.4805,-0.1162,1.5066
2026,285,Jack Forbes,Utah Valley,3,1,0.7091,30.0000,0.2909,0.0203,0.0707,0.0000,0.0000,0.0000,0.0000,-0.0001,0.2000,-0.0000,0.0156,0.0203,-0.1222,0.0000,0.3771,0.8429,-0.6430,0.2909
2026,285,Jarrett Stoner,Missouri,2,0,0.3417,28.0000,-0.3417,0.0351,0.5230,0.0000,0.0000,0.0000,0.0000,-0.0086,-0.8912,0.0000,-0.0709,0.0351,-0.1932,0.0000,-0.1128,0.3530,-1.2442,-0.3417
2026,285,Jimmy Mullen,Virginia Tech,3,1,1.1293,16.0000,-0.1293,-0.0002,-0.0524,0.0000,0.0000,0.0000,0.0000,0.0000,-0.0768,-0.0000,-0.0746,-0.0002,-0.2199,0.0000,0.1653,0.7085,-0.7852,-0.1293
2026,285,Juan Mora,Oklahoma,4,2,0.9343,21.0000,1.0657,-0.0465,0.9013,0.0000,0.0000,0.0000,0.0000,0.0019,0.2089,0.0000,-0.2882,-0.0465,1.1142,0.0000,0.2862,0.9468,-0.7378,1.0657
2026,285,Konner Doucet,Oklahoma State,6,4,3.5098,7.0000,0.4902,0.0916,0.4892,0.0000,0.0000,0.0000,0.0000,-0.0105,-0.1226,0.0426,-0.1389,0.0916,0.0458,0.0000,0.4917,0.3758,-0.4984,0.4902
2026,285,Koy Hopke,Minnesota,4,2,1.7215,14.0000,0.2785,-0.0567,0.5506,0.0000,0.0000,0.0000,0.0000,0.0250,-0.2404,-0.0000,0.2334,-0.0567,-0.0726,0.0000,0.1744,1.0399,-1.2803,0.2785
2026,285,Luke Luffman,Illinois,2,0,0.6126,26.0000,-0.6126,0.0745,-0.4025,0.0000,0.0000,0.0000,0.0000,-0.0100,-0.2746,0.0000,-0.1039,0.0745,-0.5486,0.0000,-0.0346,0.1825,-0.4571,-0.6126
2026,285,Luke Rasmussen,South Dakota State,2,0,0.3215,29.0000,-0.3215,-0.0041,0.0121,0.0000,0.0000,0.0000,0.0000,0.0002,-0.3296,-0.0000,-0.0916,-0.0041,-0.2368,0.0000,0.0110,0.0380,-0.3676,-0.3215
2026,285,Nate Schon,Drexel,2,0,1.0896,19.0000,-1.0896,-0.0349,-0.2268,0.0000,0.0000,0.0000,0.0000,0.0029,-0.8308,0.0000,-0.5176,-0.0349,-0.4813,0.0000,-0.0558,0.9161,-1.7469,-1.0896
2026,285,Nathan Taylor,Lehigh,3,1,2.1357,6.0000,-1.1357,-0.0612,-0.0728,0.0000,0.0000,-0.6587,0.0000,0.0480,-0.3909,0.0000,0.0343,-0.0612,-0.9486,-0.6587,0.4985,1.1658,-1.5567,-1.1357
2026,285,Nick Feldman,Ohio State,4,2,3.0705,5.0000,-1.0705,-0.0534,-1.4791,0.0000,0.0000,0.0000,0.0000,-0.0005,0.4686,-0.0061,-0.2258,-0.0534,-0.9832,0.0000,0.1919,2.4541,-1.9855,-1.0705
2026,285,Spencer Lanosga,Navy,3,1,1.9249,13.0000,-0.9249,0.1103,-0.4657,0.0000,0.0000,-0.5497,0.0000,-0.0377,0.0180,0.0000,0.2121,0.1103,-0.1654,-0.5497,-0.5321,0.3710,-0.3530,-0.9249
2026,285,Stephan Monchery,Appalachian State,3,1,1.0484,23.0000,-0.0484,-0.0537,0.1553,0.0000,0.0000,0.0000,0.0000,-0.0089,-0.1411,-0.0000,-0.0472,-0.0537,0.0380,0.0000,0.0145,0.5494,-0.6905,-0.0484
2026,285,Taye Ghadiali,Michigan,6,5,4.4552,3.0000,0.5448,0.0078,0.3153,0.0000,0.0000,0.0000,0.0000,0.0133,0.2085,0.0000,0.0769,0.0078,0.2445,0.0000,0.2156,0.9434,-0.7350,0.5448
2026,285,Trevor Tinker,Cal Poly,2,0,0.4780,22.0000,-0.4780,-0.0397,-0.1303,0.0000,0.0000,0.0000,0.0000,-0.0030,-0.3051,0.0000,-0.1770,-0.0397,-0.1704,0.0000,-0.0909,0.0636,-0.3687,-0.4780
2026,285,Vincent Mueller,Columbia,3,1,1.6880,17.0000,-0.6880,0.0007,0.1534,0.0000,0.0000,0.0000,0.0000,0.0026,-0.8522,0.0076,-0.1011,0.0007,-0.8628,0.0000,0.2752,0.1009,-0.9531,-0.6880
2026,285,Yonger Bastida,Iowa State,5,4,4.1849,1.0000,-0.1849,-0.0157,-0.1761,0.0000,0.0000,0.0000,0.0000,0.0111,-0.0042,0.0000,-0.2751,-0.0157,0.1554,0.0000,-0.0494,0.5275,-0.5317,-0.1849
