season,change,date,event,wrestler_1,wrestler_2,winner,result,before_results,after_results
2012,added,11/05/2011,Roadrunner Open,Britain Longmire (Cal Poly),Miguel Comparan (CSU Bakersfield),Miguel Comparan,Dec 11-8,Dec 5-3,Dec 11-8 | Dec 5-3
2012,added,11/05/2011,Eastern Michigan Open,Joe Roth (Central Michigan),Johnni DiJulius (Ohio State),Joe Roth,Dec 8-4,Dec 6-4,Dec 6-4 | Dec 8-4
2012,added,12/02/2011,vs. Minnesota,Joe Roth (Central Michigan),Zachary Sanders (Minnesota),Zachary Sanders,TF 25-9 5:00,TF 25-9 6:17,TF 25-9 5:00 | TF 25-9 6:17
2012,added,01/01/2012,The Southern Scuffle,Frank Perrelli (Cornell),Nicholas Megaludis (Penn State),Frank Perrelli,Dec 6-4,Dec 9-3,Dec 6-4 | Dec 9-3
2012,added,01/01/2012,The Southern Scuffle,Steve Bonanno (Hofstra),Matthew Snyder (Virginia),Matthew Snyder,Dec 6-5,SV-1 9-7,Dec 6-5 | SV-1 9-7
2012,added,11/18/2011,vs. Rider,Garrett Frey (Princeton),Chuck Zeisloft (Rider),Chuck Zeisloft,Fall 2:42,Fall 2:43,Fall 2:42 | Fall 2:43
2012,added,11/20/2011,Keystone Classic,Thomas Williams (American),Chuck Zeisloft (Rider),Chuck Zeisloft,Dec 5-3,Dec 6-5,Dec 5-3 | Dec 6-5
2012,added,03/04/2012,NCAA West Regional,Tyler Untrauer (Air Force),Blake Mangum (Utah Valley University),Tyler Untrauer,Dec 10-3,Dec 3-2,Dec 10-3 | Dec 3-2
2012,added,01/07/2012,Storm Open,Justin Farmer (Buffalo),Mike Carlone (Cleveland State),Mike Carlone,Dec 6-2,Dec 4-2,Dec 4-2 | Dec 6-2
2012,added,11/05/2011,Eastern Michigan Open,Mike Carlone (Cleveland State),Terry Turner (Michigan State),Terry Turner,Dec 10-9,Dec 8-5,Dec 10-9 | Dec 8-5
2012,added,11/12/2011,Bison Open,Randy Hanson (Minnesota),Justin Solberg (North Dakota State University),Randy Hanson,Dec 5-2,Dec 5-3,Dec 5-2 | Dec 5-3
2012,added,11/05/2011,Eastern Michigan Open,Donald Watkins (Michigan),Brian Gibbs (Michigan State),Donald Watkins,Dec 9-7,SV-1 9-7,Dec 9-7 | SV-1 9-7
2012,added,12/03/2011,UNI Open,Nick Trizzino (Iowa),Seth Lange (Minnesota),Nick Trizzino,Dec 7-4,Dec 5-4,Dec 5-4 | Dec 7-4
2012,added,11/12/2011,Michigan State Open,Colin Shober (Northwestern),Nick Lawrence (Purdue),Colin Shober,Dec 5-4,Dec 5-3,Dec 5-3 | Dec 5-4
2012,added,11/12/2011,Michigan State Open,Randall Languis (Ohio State),Brandon Nelsen (Purdue),Brandon Nelsen,Dec 2-1,Dec 8-3,Dec 2-1 | Dec 8-3
2012,added,11/13/2011,Wolfpack Open,Mark Hartenstine (Campbell),Immanuel Kerr-Brown (Duke),Immanuel Kerr-Brown,Dec 5-1,Dec 5-3,Dec 5-1 | Dec 5-3
2012,added,12/02/2011,vs. Minnesota,Joey Kielbasa (Central Michigan),Dylan Ness (Minnesota),Dylan Ness,Dec 8-1,Dec 7-1,Dec 7-1 | Dec 8-1
2012,added,11/05/2011,Eastern Michigan Open,Tommy Sasfy (Kent State),James Hillock (Michigan),James Hillock,Dec 5-2,Dec 2-1,Dec 2-1 | Dec 5-2
2012,added,02/05/2012,All Academy Championships,Peyton Walsh (Navy),David Yost (VMI),Peyton Walsh,Dec 6-3,Dec 7-6,Dec 6-3 | Dec 7-6
2012,added,12/02/2011,vs. Minnesota,Jared Porter (Central Michigan),Alec Ortiz (Minnesota),Alec Ortiz,Dec 6-2,Dec 5-2,Dec 5-2 | Dec 6-2
2012,added,11/12/2011,Michigan State Open,Charlie McMartin (Northern Colorado),Harrison Hightower (Ohio),Harrison Hightower,Fall 4:30,Fall 1:25,Fall 1:25 | Fall 4:30
2012,added,11/19/2011,Body Bar,Kevin Hartnett (Bloomsburg),Marshall Peppelman (Cornell),Marshall Peppelman,Dec 10-3,Dec 3-2,Dec 10-3 | Dec 3-2
2012,added,12/02/2011,vs. Minnesota,Anthony Bill (Central Michigan),Steven Avalos (Minnesota),Anthony Bill,Dec 10-5,Dec 10-4,Dec 10-4 | Dec 10-5
2012,added,03/15/2012,NCAA DI National Championships,Jordan Blanton (Illinois),Chris Perry (Oklahoma State),Chris Perry,Dec 4-1,SV-1 3-2,Dec 4-1 | SV-1 3-2
2012,added,01/07/2012,Storm Open,Collin Zeerip (Michigan),Mark Colubucci (West Virginia),Collin Zeerip,Dec 4-2,Dec 4-1,Dec 4-1 | Dec 4-2
2012,added,11/13/2011,Wolfpack Open,Andre Petroski (North Carolina),Chris Moon (Virginia Tech),Andre Petroski,Dec 5-2,Dec 5-4,Dec 5-2 | Dec 5-4
2012,added,12/17/2011,vs. Princeton,Ben Bennett (Central Michigan),Daniel Santoro (Princeton),Ben Bennett,Fall 2:47,Fall 2:49,Fall 2:47 | Fall 2:49
2012,added,01/01/2012,The Southern Scuffle,Ben Clymer (Hofstra),Clarence Neely (Missouri),Clarence Neely,Dec 3-2,Dec 5-2,Dec 3-2 | Dec 5-2
2012,added,03/04/2012,NCAA West Regional,Joshua Mohr (Air Force),Bryan Chamberlain (Utah Valley University),Joshua Mohr,Dec 5-4,Dec 9-4,Dec 5-4 | Dec 9-4
2012,added,03/04/2012,2012 MAC Wrestling Championships,Craig Kelliher (Central Michigan),Mike Lukowski (Northern Illinois),Craig Kelliher,Dec 5-2,Dec 1-0,Dec 1-0 | Dec 5-2
2012,added,12/17/2011,vs. Princeton,Chad Friend (Central Michigan),Kurt Brendel (Princeton),Chad Friend,Dec 6-1,Dec 5-0,Dec 5-0 | Dec 6-1
2012,added,11/26/2011,Mat-Town USA Open,Justin Grant (Bloomsburg),Henry Turner (Lock Haven),Henry Turner,SV-1 9-7,Dec 4-3,Dec 4-3 | SV-1 9-7
2012,added,12/17/2011,vs. Princeton,Peter Sturgeon (Central Michigan),Stephen Turner (Princeton),Peter Sturgeon,Fall 4:33,Fall 4:30,Fall 4:30 | Fall 4:33
2012,added,01/28/2012,Grand View Open,Donny Longendyke (Nebraska),Cody Krumweide (Northern Iowa),Cody Krumweide,Dec 3-2,Dec 5-3,Dec 3-2 | Dec 5-3
2013,added,11/11/2012,Binghamton Open,David White (Binghamton University),Bricker Dixon (Cornell),Bricker Dixon,Dec 9-3,Dec 5-2,Dec 5-2 | Dec 9-3
2013,added,11/05/2012,Buffalo Invitational,Mike Soria (Buffalo),Steve Mitcheff (Kent State),Steve Mitcheff,Dec 11-5,Dec 12-8,Dec 11-5 | Dec 12-8
2013,added,01/02/2013,The Southern Scuffle,Eric Montoya (Campbell),Jerome Robinson (Old Dominion),Jerome Robinson,Dec 3-0,Dec 7-0,Dec 3-0 | Dec 7-0
2013,added,12/30/2012,Midlands,Christian Cullinan (Central Michigan),Cory Clark (Iowa),Christian Cullinan,TB-1 8-4,Dec 8-4,Dec 8-4 | TB-1 8-4
2013,added,03/09/2013,EWL,tyler fraley (Clarion),Ben Willeford (Cleveland State),Ben Willeford,SV-1 6-4,Dec 6-4,Dec 6-4 | SV-1 6-4
2013,added,03/09/2013,EIWA Conference Championships,Penn Gottfried (Columbia),Patrick Prada (Navy),Patrick Prada,Dec 4-2,Dec 6-4,Dec 4-2 | Dec 6-4
2013,added,11/11/2012,Binghamton Open,Bricker Dixon (Cornell),Kevin Devoy (Drexel),Kevin Devoy,Dec 6-3,Dec 9-4,Dec 6-3 | Dec 9-4
2013,added,12/01/2012,Maryville/Kaufman-Brand Open,Matthew Gurule (Iowa),Braun Marquez (Northern Illinois),Braun Marquez,Dec 5-4,Dec 11-5,Dec 11-5 | Dec 5-4
2013,added,11/17/2012,Joe Parisi Open,Thomas Gilman (Iowa),Edward Klimara (Oklahoma State),Thomas Gilman,SV-1 6-4,Dec 5-2,Dec 5-2 | SV-1 6-4
2013,added,11/11/2012,Michigan State Open,Conor Youtsey (Michigan),Nikko Triggas (Ohio State),Conor Youtsey,Dec 4-2,Dec 2-0,Dec 2-0 | Dec 4-2
2013,added,11/10/2012,Bison Open,Corey Hodowanic (Minnesota),Hunter Weber (North Dakota State University),Corey Hodowanic,Dec 8-1,Dec 1-0,Dec 1-0 | Dec 8-1
2013,added,11/04/2012,Warren Williamson/Daktronics Open,Hunter Weber (North Dakota State University),Aaron Pickrel (South Dakota State),Aaron Pickrel,Dec 2-1,Dec 7-2,Dec 2-1 | Dec 7-2
2013,added,12/02/2012,Nittany Lion Open,Rob Deutsch (Old Dominion),Joseph Langel (Rutgers),Rob Deutsch,Dec 7-5,Dec 7-2,Dec 7-2 | Dec 7-5
2013,added,11/04/2012,2012 Hokie Open,Gregory Rinker (Air Force),Vincent Dellafave (Rutgers),Gregory Rinker,SV-1 7-4,Dec 7-4,Dec 7-4 | SV-1 7-4
2013,added,11/18/2012,Keystone Classic,Nick Wilcox (Bloomsburg),Brandon Gambucci (Duke),Brandon Gambucci,SV-1 8-6,Dec 7-4,Dec 7-4 | Dec 8-6 | SV-1 8-6
2013,added,11/18/2012,Keystone Classic,Nick Wilcox (Bloomsburg),Brandon Gambucci (Duke),Brandon Gambucci,Dec 8-6,Dec 7-4,Dec 7-4 | Dec 8-6 | SV-1 8-6
2013,added,11/11/2012,Michigan State Open,Tyler Keselring (Central Michigan),Mackenzie McGuire (Kent State),Tyler Keselring,Dec 7-2,Dec 3-0,Dec 3-0 | Dec 7-2
2013,added,12/29/2012,BRUTE Invitational,Robert Ruiz (Franklin & Marshall),Robert Golde (Gardner-Webb),Robert Ruiz,Dec 7-2,Dec 6-4,Dec 6-4 | Dec 7-2
2013,added,03/10/2013,2013 Big Ten Wrestling Championships,Daryl Thomas (Illinois),Jordan Conaway (Penn State),Jordan Conaway,Dec 4-1,TB-2 6-5,Dec 4-1 | TB-2 6-5
2013,added,12/30/2012,Midlands,Mason Beckman (Lehigh),Tyler Graff (Wisconsin),Tyler Graff,Dec 12-7,Dec 12-5,Dec 12-5 | Dec 12-7
2013,added,11/11/2012,Binghamton Open,Randy Cruz (Lehigh),Jimmy Morris (Rider),Jimmy Morris,Dec 7-5,Dec 3-0,Dec 3-0 | Dec 7-5
2013,added,03/10/2013,2013 Big Ten Wrestling Championships,Rosario Bruno (Michigan),Shawn Nagel (Nebraska),Rosario Bruno,Dec 5-2,Dec 5-3,Dec 5-2 | Dec 5-3
2013,added,03/10/2013,2013 Big Ten Wrestling Championships,Christopher Dardanes (Minnesota),Tyler Graff (Wisconsin),Tyler Graff,Dec 8-6,Dec 4-1,Dec 4-1 | Dec 8-6
2013,added,11/17/2012,Navy Classic,Quentin Leadbeter (Navy),Aaron Hansen (The Citadel),Aaron Hansen,SV-1 3-1,Dec 3-1,Dec 3-1 | SV-1 3-1
2013,added,03/09/2013,ACC Championship,Sam Speno (North Carolina State),Erik Spjut (Virginia Tech),Erik Spjut,Dec 4-0,Dec 8-5,Dec 4-0 | Dec 8-5
2013,added,11/04/2012,Warren Williamson/Daktronics Open,Joshua Rodriguez (North Dakota State University),Brance Simms (South Dakota State),Joshua Rodriguez,Dec 3-2,Dec 8-2,Dec 3-2 | Dec 8-2
2013,added,03/02/2013,Pac-12 Championships,Drew Van Anrooy (Oregon State),Alex Manley (Stanford),Drew Van Anrooy,Dec 8-2,Dec 11-4,Dec 11-4 | Dec 8-2
2013,added,03/09/2013,NCAA Division I West Regional,Chasen Tolbert (Utah Valley University),Kasey Garnhart (Wyoming),Chasen Tolbert,Dec 4-0,Dec 2-1,Dec 2-1 | Dec 4-0
2013,added,02/09/2013,Edinboro Open,Joe Martinez (Virginia),Cory Stainbrook (West Virginia),Cory Stainbrook,Dec 6-5,Dec 5-2,Dec 5-2 | Dec 6-5
2013,added,11/18/2012,Keystone Classic,John Boyle (American),Matthew Rappo (Bloomsburg),John Boyle,SV-1 6-4,Dec 6-4,Dec 6-4 | SV-1 6-4
2013,added,11/17/2012,New York State Collegiate Championships,Connor Hanafee (Army),Joseph Stanzione (Cornell),Connor Hanafee,Dec 2-1,Dec 6-2,Dec 2-1 | Dec 6-2
2013,added,03/10/2013,MAC Wrestling Championships,Erik Galloway (Buffalo),Lukas Kern (Kent State),Erik Galloway,Dec 3-1,Dec 6-0,Dec 3-1 | Dec 6-0
2013,added,11/05/2012,Buffalo Invitational,Andrew Schutt (Buffalo),Randall Languis (Ohio State),Andrew Schutt,Dec 6-3,Dec 3-2,Dec 3-2 | Dec 6-3
2013,added,12/16/2012,Reno Tournament of Champions,Timmy Box (CSU Bakersfield),Kyle Komata (Wyoming),Kyle Komata,Dec 3-1,Dec 7-3,Dec 3-1 | Dec 7-3
2013,added,02/09/2013,Ashland - Simonson Open,Logan Shanks (Central Michigan),Nick Lawrence (Purdue),Nick Lawrence,Dec 3-2,Dec 4-3,Dec 3-2 | Dec 4-3
2013,added,03/10/2013,MAC Wrestling Championships,Scott Mattingly (Central Michigan),Nicholas Hucke (Missouri),Nicholas Hucke,Dec 7-4,Dec 8-2,Dec 7-4 | Dec 8-2
2013,added,11/04/2012,2012 Hokie Open,Austin Sams (Chattanooga),Justin Van Hoose (Virginia),Austin Sams,SV-1 3-1,Dec 3-1,Dec 3-1 | SV-1 3-1
2013,added,01/02/2013,The Southern Scuffle,Dean Pavlou (Chattanooga),Bryan Pearsall (Penn State),Dean Pavlou,Dec 4-2,Dec 7-1,Dec 4-2 | Dec 7-1
2013,added,01/05/2013,F and M Open,Angelo Amenta (Columbia),Shyhiem Brown (Maryland),Shyhiem Brown,Dec 3-0,Dec 7-2,Dec 3-0 | Dec 7-2
2013,added,12/30/2012,Midlands,Mitchell Port (Edinboro),Evan Henderson (North Carolina),Mitchell Port,Dec 7-0,Dec 4-0,Dec 4-0 | Dec 7-0
2013,added,11/05/2012,Buffalo Invitational,Kasey Davis (Edinboro),Tyler Small (Kent State),Tyler Small,Dec 4-2,SV-1 4-2,Dec 4-2 | SV-1 4-2
2013,added,11/18/2012,Keystone Classic,Eric Roach (Indiana),Pasquale Greco (Northwestern),Pasquale Greco,Dec 9-3,Dec 3-1,Dec 3-1 | Dec 9-3
2013,added,11/04/2012,2012 Hokie Open,Geno Capezio (Indiana),Cody Ross (North Carolina),Geno Capezio,Dec 3-1,SV-1 3-1,Dec 3-1 | SV-1 3-1
2013,added,01/13/2013,Roger Denker Denker Open,Topher Carton (Iowa),Tony DeAngelo (Missouri),Tony DeAngelo,Dec 5-3,Dec 4-1,Dec 4-1 | Dec 5-3
2013,added,12/15/2012,Cleveland State Open,Tyler Small (Kent State),Chris Mecate (Old Dominion),Tyler Small,Dec 8-2,Dec 3-0,Dec 3-0 | Dec 8-2
2013,added,01/20/2013,`Shorty` Hitchcock Open,William Switzer (Lehigh),Shyhiem Brown (Maryland),Shyhiem Brown,Dec 3-2,Dec 7-2,Dec 3-2 | Dec 7-2
2013,added,11/24/2012,Mat Town Open,Derrick Evanovich (Maryland),Jimmy Nehls (Virginia),Derrick Evanovich,Dec 3-2,Dec 2-0,Dec 2-0 | Dec 3-2
2013,added,01/26/2013,Grand View Open,Tony DeAngelo (Missouri),Tyler Patten (Northern Iowa),Tyler Patten,Dec 6-2,Dec 6-0,Dec 6-0 | Dec 6-2
2013,added,12/02/2012,Nittany Lion Open,Zachary Beitz (Penn State),Undrakhbayar Khishignyam (The Citadel),Undrakhbayar Khishignyam,SV-1 4-2,Dec 4-2,Dec 4-2 | SV-1 4-2
2013,added,03/09/2013,EWL,Josh Roosa (Bloomsburg),Ronnie Garbinsky (Pittsburgh),Ronnie Garbinsky,Dec 6-5,TB-2 6-5,Dec 6-5 | TB-2 6-5
2013,added,11/04/2012,2012 Hokie Open,Marcus Cain (Duke),Augustus Sako (Virginia),Marcus Cain,Dec 4-2,Dec 6-1,Dec 4-2 | Dec 6-1
2013,added,12/08/2012,UNI Open,Connor Ryan (Iowa),Thomas Giaimo (Minnesota),Thomas Giaimo,Dec 3-1,Dec 4-1,Dec 3-1 | Dec 4-1
2013,added,01/26/2013,Grand View Open,Matthew White (Iowa State),Trevor Wiest (Missouri),Trevor Wiest,Dec 5-3,Dec 8-2,Dec 5-3 | Dec 8-2
2013,added,12/29/2012,BRUTE Invitational,Nicholas Carr (Kent State),Brennan Brumley (Old Dominion),Nicholas Carr,Dec 5-3,Dec 11-6,Dec 11-6 | Dec 5-3
2013,added,12/30/2012,Midlands,Shane Welsh (Lehigh),Josh Wilson (Utah Valley University),Shane Welsh,Dec 5-2,Dec 3-0,Dec 3-0 | Dec 5-2
2013,added,02/24/2013,National Collegiate Open,Roger Wildmo (Michigan State),Nick Heilmann (North Carolina),Nick Heilmann,Dec 8-2,Dec 5-0,Dec 5-0 | Dec 8-2
2013,added,11/10/2012,Bison Open,Zane Zeman (Minnesota),Thomas Giaimo (Minnesota),Zane Zeman,Dec 9-7,Dec 11-9,Dec 11-9 | Dec 9-7
2013,added,03/23/2013,2013 NCAA Division I Championships,Dylan Ness (Minnesota),Drake Houdashelt (Missouri),Drake Houdashelt,Dec 5-2,Dec 4-2,Dec 4-2 | Dec 5-2
2013,added,03/22/2013,NCAA Division I Wrestling Championships,Dylan Ness (Minnesota),Drake Houdashelt (Missouri),Drake Houdashelt,Dec 5-2,Dec 4-2,Dec 4-2 | Dec 5-2
2013,added,11/17/2012,East Stroudsburg University Open,Derek Golner (North Carolina),Seth Beitz (Penn State),Seth Beitz,Dec 6-0,Dec 12-9,Dec 12-9 | Dec 6-0
2013,added,11/04/2012,2012 Hokie Open,Christian Barber (North Carolina),Jordan Dix (The Citadel),Christian Barber,TB-1 2-1,Dec 2-1,Dec 2-1 | TB-1 2-1
2013,added,11/17/2012,Nebraska-Kearney Holiday Inn Open,Jesse Stafford (Air Force),Ross Grande (Nebraska),Ross Grande,Dec 4-1,Dec 3-2,Dec 3-2 | Dec 4-1
2013,added,11/11/2012,Wolfpack Open,John Lampe (Chattanooga),Kyle Ash (Gardner-Webb),John Lampe,Dec 1-0,Dec 4-2,Dec 1-0 | Dec 4-2
2013,added,12/16/2012,Reno Tournament of Champions,Ryan Watts (Michigan State),Seth Thomas (Oregon State),Seth Thomas,Dec 3-1,Dec 6-4,Dec 3-1 | Dec 6-4
2013,added,12/01/2012,31st Annual Cliff Keen Las Vegas Collegiate Wrestling Invitational,Gabe Martinez (Air Force),David Bonin (Northern Iowa),Gabe Martinez,Dec 3-1,Dec 6-0,Dec 3-1 | Dec 6-0
2013,added,12/01/2012,31st Annual Cliff Keen Las Vegas Collegiate Wrestling Invitational,Gabe Martinez (Air Force),Bobby Barnhisel (Navy),Gabe Martinez,Dec 6-4,Dec 6-0,Dec 6-0 | Dec 6-4
2013,added,01/20/2013,`Shorty` Hitchcock Open,Brian Harvey (Army),Ben Dorsay (Maryland),Ben Dorsay,SV-1 3-1,Dec 3-1,Dec 3-1 | SV-1 3-1
2013,added,02/02/2013,All-Academy Championships,Christopher Marchetti (Army),Matthew Frisch (The Citadel),Christopher Marchetti,TB-1 9-5,Dec 9-5,Dec 9-5 | TB-1 9-5
2013,added,11/04/2012,Clarion University Knight Point Open,Bryce Busler (Bloomsburg),Johnny Watson (Navy),Bryce Busler,MD 8-0,MD 17-4,MD 17-4 | MD 8-0
2013,added,11/04/2012,Clarion University Knight Point Open,Bryce Busler (Bloomsburg),Troy Reaghard (Pittsburgh),Bryce Busler,Dec 3-1,Dec 8-2,Dec 3-1 | Dec 8-2
2013,added,11/03/2012,Cowboy Open,Georgi Ivanov (Boise State),Dakota Friesth (Wyoming),Georgi Ivanov,SV-1 3-1,Dec 5-3,Dec 5-3 | SV-1 3-1
2013,added,11/18/2012,Keystone Classic,Nestor Taffur (Boston U.),Zac Cibula (Rider),Nestor Taffur,Dec 3-1,Dec 5-4,Dec 3-1 | Dec 5-4
2013,added,03/02/2013,Pac-12 Championships,Adam Fierro (CSU Bakersfield),Kyle Meyer (Stanford),Adam Fierro,Dec 7-6,Dec 9-5,Dec 7-6 | Dec 9-5
2013,added,11/11/2012,Binghamton Open,Jesse Shanaman (Cornell),James Vollrath (Penn State),Jesse Shanaman,Dec 7-5,Dec 0-0,Dec 0-0 | Dec 7-5
2013,added,12/08/2012,UNI Open,Logan Molina (Iowa State),Taylor Berger (Northern Iowa),Logan Molina,Dec 4-0,Dec 4-2,Dec 4-0 | Dec 4-2
2013,added,12/15/2012,Cleveland State Open,Ian Miller (Kent State),Jedd Moore (Virginia),Jedd Moore,Dec 7-3,Dec 12-6,Dec 12-6 | Dec 7-3
2013,added,11/05/2012,Buffalo Invitational,Tommy Sasfy (Kent State),Tim Rigel (Ohio State),Tommy Sasfy,Dec 2-1,Dec 5-0,Dec 2-1 | Dec 5-0
2013,added,02/02/2013,All-Academy Championships,Bobby Barnhisel (Navy),Matthew Frisch (The Citadel),Bobby Barnhisel,SV-1 11-7,Dec 11-7,Dec 11-7 | SV-1 11-7
2013,added,03/09/2013,ACC Championship,Christopher Mears (North Carolina),Matthew Nereim (North Carolina State),Christopher Mears,Dec 4-2,Dec 5-4,Dec 4-2 | Dec 5-4
2013,added,11/11/2012,University of Central Missouri Open,Matt Lemanowicz (Missouri),Colton Thomas (Oklahoma State),Matt Lemanowicz,Dec 7-6,Dec 6-5,Dec 6-5 | Dec 7-6
2013,added,03/09/2013,EIWA Conference Championships,Paul Hancock (Army),Peyton Walsh (Navy),Paul Hancock,Dec 6-1,Dec 5-2,Dec 5-2 | Dec 6-1
2013,added,11/18/2012,New York State Collegiate B-Open,Ryan Marble (Army),Dan Spurgeon (Hofstra),Ryan Marble,Dec 9-2,Dec 6-3,Dec 6-3 | Dec 9-2
2013,added,12/29/2012,BRUTE Invitational,Kevin Hartnett (Bloomsburg),Tyler Buckwalter (Kent State),Kevin Hartnett,Dec 4-0,Dec 7-3,Dec 4-0 | Dec 7-3
2013,added,12/29/2012,BRUTE Invitational,Dominic Montesanti (Buffalo),Aaron McKinney (Lock Haven),Aaron McKinney,Dec 6-3,Dec 7-3,Dec 6-3 | Dec 7-3
2013,added,11/11/2012,Michigan State Open,Nick Becker (Central Michigan),Zachary Towers (Edinboro),Zachary Towers,Dec 6-5,Dec 5-2,Dec 5-2 | Dec 6-5
2013,added,12/15/2012,Cleveland State Open,Nick Becker (Central Michigan),Troy Lamson (Michigan State),Nick Becker,Dec 5-3,Dec 3-1,Dec 3-1 | Dec 5-3
2013,added,11/11/2012,Michigan State Open,Mike Ottinger (Central Michigan),Johnny Greisheimer (Edinboro),Johnny Greisheimer,SV-1 3-1,Dec 3-1,Dec 3-1 | SV-1 3-1
2013,added,02/09/2013,Edinboro Open,Zachary Towers (Edinboro),Geno Morelli (Pittsburgh),Zachary Towers,Dec 9-5,Dec 3-1,Dec 3-1 | Dec 9-5
2013,added,02/02/2013,Newberry College Open,Austin Trott (Gardner-Webb),Charles Johnson (The Citadel),Austin Trott,TF 20-4 0:00,TF 16-0 1:09,TF 16-0 1:09 | TF 20-4 0:00
2013,added,12/01/2012,Maryville/Kaufman-Brand Open,Jackson Morse (Illinois),Garrison McCauley (Oklahoma),Jackson Morse,Min-TF 16-1 0:00,TF 16-1 4:40,Min-TF 16-1 0:00 | TF 16-1 4:40
2013,added,12/30/2012,Midlands,Conrad Polz (Illinois),Michael Moreno (Iowa State),Conrad Polz,SV-1 3-1,Dec 3-1,Dec 3-1 | SV-1 3-1
2013,added,03/22/2013,NCAA Division I Wrestling Championships,Conrad Polz (Illinois),Michael Moreno (Iowa State),Conrad Polz,Dec 5-2,Dec 7-5,Dec 5-2 | Dec 7-5
2013,added,03/10/2013,2013 Big Ten Wrestling Championships,Nick Moore (Iowa),Cody Yohn (Minnesota),Cody Yohn,SV-1 6-1,Dec 5-4,Dec 5-4 | SV-1 6-1
2013,added,12/30/2012,Midlands,Michael Moreno (Iowa State),Patrick Graham (Oklahoma),Patrick Graham,Dec 5-3,SV-1 5-3,Dec 5-3 | SV-1 5-3
2013,added,01/05/2013,F and M Open,Rich Jackson (Navy),Judson Ziegler (Princeton),Judson Ziegler,Dec 7-3,Dec 6-2,Dec 6-2 | Dec 7-3
2013,added,12/08/2012,UNI Open,Cooper Moore (Northern Iowa),Isaac Jordan (Wisconsin),Isaac Jordan,Dec 5-1,Dec 9-3,Dec 5-1 | Dec 9-3
2013,added,11/04/2012,OCU Open,Kyle Detmer (Oklahoma),Samuel Mehan (Oklahoma State),Kyle Detmer,Dec 8-5,Dec 8-4,Dec 8-4 | Dec 8-5
2013,added,03/09/2013,WWC Tournament,Joseph Brewster (South Dakota State),Dakota Friesth (Wyoming),Dakota Friesth,Dec 8-4,Dec 4-2,Dec 4-2 | Dec 8-4
2013,added,11/17/2012,New York State Collegiate Championships,Ryan Tompkins (Army),Marshall Peppelman (Cornell),Ryan Tompkins,Dec 10-4,Dec 8-2,Dec 10-4 | Dec 8-2
2013,added,12/29/2012,BRUTE Invitational,Caleb Wallace (Binghamton University),Hunter Gamble (Gardner-Webb),Hunter Gamble,Dec 4-2,Dec 8-5,Dec 4-2 | Dec 8-5
2013,added,12/15/2012,Cleveland State Open,Anthony Bill (Central Michigan),Nick Kaczanowski (Michigan State),Anthony Bill,Dec 3-1,Dec 7-5,Dec 3-1 | Dec 7-5
2013,added,01/02/2013,The Southern Scuffle,Marshall Peppelman (Cornell),Cody Walters (Ohio),Cody Walters,Dec 4-1,Dec 3-2,Dec 3-2 | Dec 4-1
2013,added,03/10/2013,MAC Wrestling Championships,Phillip Joseph (Eastern Michigan),Todd Porter (Missouri),Todd Porter,Dec 7-2,Dec 11-8,Dec 11-8 | Dec 7-2
2013,added,02/02/2013,Greyhound Open Tournament,Adam Acheson (Illinois),Kyle Mosier (Purdue),Kyle Mosier,Dec 8-3,Dec 10-5,Dec 10-5 | Dec 8-3
2013,added,03/10/2013,2013 Big Ten Wrestling Championships,Jordan Blanton (Illinois),Robert Kokesh (Nebraska),Robert Kokesh,Dec 4-3,Dec 8-2,Dec 4-3 | Dec 8-2
2013,added,11/17/2012,Joe Parisi Open,Kris Klapprodt (Iowa),Jordan Gagliano (Missouri),Jordan Gagliano,Dec 4-1,Dec 3-2,Dec 3-2 | Dec 4-1
2013,added,11/04/2012,Warren Williamson/Daktronics Open,McCoy Newberg (Nebraska),Troy Morisette (South Dakota State),Troy Morisette,Dec 9-3,Dec 6-4,Dec 6-4 | Dec 9-3
2013,added,11/11/2012,Binghamton Open,James Frascella (Penn State),Phillip Bakuckas (Rutgers),James Frascella,TB-2 (RT) 4-2,SV-1 2-1,SV-1 2-1 | TB-2 (RT) 4-2
2013,added,02/24/2013,National Collegiate Open,Brandon Phillips (Penn State),Brooks Morrison (Virginia Tech),Brooks Morrison,Dec 5-1,Dec 9-4,Dec 5-1 | Dec 9-4
2013,added,02/24/2013,National Collegiate Open,Anthony Pafumi (Rutgers),Brooks Morrison (Virginia Tech),Anthony Pafumi,Dec 8-3,Dec 6-2,Dec 6-2 | Dec 8-3
2013,added,01/05/2013,UVU Open,Kadyn Del Toro (Boise State),Derek Thomas (Utah Valley University),Kadyn Del Toro,Dec 3-2,Dec 5-1,Dec 3-2 | Dec 5-1
2013,added,11/18/2012,Keystone Classic,Ophir Bernstein (Brown),Canaan Bethea (Pennsylvania),Canaan Bethea,Dec 6-4,SV-1 6-4,Dec 6-4 | SV-1 6-4
2013,added,11/24/2012,Mat Town Open,Robert Marchese (Bucknell),Fred Garcia (Lock Haven),Robert Marchese,Dec 10-7,Dec 6-5,Dec 10-7 | Dec 6-5
2013,added,12/30/2012,Midlands,Jake Waste (Buffalo),Sam Brooks (Iowa),Jake Waste,Dec 7-1,Dec 5-2,Dec 5-2 | Dec 7-1
2013,added,11/10/2012,Brockport/Oklahoma Gold Invitational,Anthony Lock (Buffalo),Greg Wilson (Oklahoma),Greg Wilson,Dec 6-1,Dec 8-6,Dec 6-1 | Dec 8-6
2013,added,11/04/2012,2012 Hokie Open,Robert Prigmore (Chattanooga),Josh Tuck (The Citadel),Robert Prigmore,TB-1 8-6,Dec 8-6,Dec 8-6 | TB-1 8-6
2013,added,11/04/2012,2012 Hokie Open,Diego Bencomo (Duke),Turtogtokh Luvsandorj (The Citadel),Diego Bencomo,SV-1 3-1,Dec 3-1,Dec 3-1 | SV-1 3-1
2013,added,12/30/2012,Midlands,Victor Avery (Edinboro),Jimmy Sheptock (Maryland),Jimmy Sheptock,Dec 3-2,Dec 5-2,Dec 3-2 | Dec 5-2
2013,added,03/09/2013,2013 CAA Wrestling Championships,Taras Luzhnyy (Hofstra),Austin Coburn (Old Dominion),Taras Luzhnyy,Dec 9-6,Dec 10-5,Dec 10-5 | Dec 9-6
2013,added,12/01/2012,Maryville/Kaufman-Brand Open,Sam Brooks (Iowa),Caleb Busson (Northern Illinois),Sam Brooks,Dec 5-3,Dec 7-2,Dec 5-3 | Dec 7-2
2013,added,12/08/2012,UNI Open,Alex Meyer (Iowa),Patrick Kissel (Purdue),Alex Meyer,Dec 8-3,Dec 5-3,Dec 5-3 | Dec 8-3
2013,added,01/13/2013,Roger Denker Denker Open,Alex Meyer (Iowa),Derek Nagel (Southern Illinois Edwardsville),Alex Meyer,Dec 4-2,Dec 8-2,Dec 4-2 | Dec 8-2
2013,added,12/30/2012,Midlands,Jordan Thomas (Michigan),Scott Gibbons (Princeton),Jordan Thomas,Dec 3-2,SV-1 3-1,Dec 3-2 | SV-1 3-1
2013,added,01/02/2013,The Southern Scuffle,John Eblen (Missouri),Mason Bailey (Navy),John Eblen,Dec 7-5,SV-1 6-3,Dec 7-5 | SV-1 6-3
2013,added,12/02/2012,Nittany Lion Open,Alex Utley (North Carolina),Jack Dechow (Old Dominion),Alex Utley,Dec 9-6,Dec 3-1,Dec 3-1 | Dec 9-6
2013,added,12/30/2012,Midlands,Ryan Loder (Northern Iowa),Travis Rutt (Oklahoma),Travis Rutt,Dec 7-5,Dec 3-2,Dec 3-2 | Dec 7-5
2013,added,12/08/2012,UNI Open,Jeremy Fahler (Iowa),Jared Bartel (Northern Iowa),Jared Bartel,Dec 3-1,Dec 4-3,Dec 3-1 | Dec 4-3
2013,added,02/02/2013,All-Academy Championships,Joshua Mohr (Air Force),Urayoan Garcia (VMI),Joshua Mohr,MD 14-4,MD 9-1,MD 14-4 | MD 9-1
2013,added,11/05/2012,Buffalo Invitational,Bryce Barnes (Army),Angelo Malvestuto (Buffalo),Angelo Malvestuto,Dec 10-7,SV-1 6-4,Dec 10-7 | SV-1 6-4
2013,added,11/17/2012,New York State Collegiate Championships,Bryce Barnes (Army),Angelo Malvestuto (Buffalo),Angelo Malvestuto,Dec 3-2,Dec 8-6,Dec 3-2 | Dec 8-6
2013,added,11/05/2012,Buffalo Invitational,Michael Mirra (Bloomsburg),Angelo Malvestuto (Buffalo),Angelo Malvestuto,Dec 3-2,Dec 9-2,Dec 3-2 | Dec 9-2
2013,added,02/09/2013,Edinboro Open,Michael Mirra (Bloomsburg),Bobby LaVelle (Virginia Tech),Bobby LaVelle,Dec 3-2,Dec 4-2,Dec 3-2 | Dec 4-2
2013,added,12/30/2012,Midlands,Nicholas Mills (Columbia),Kyven Gadson (Iowa State),Kyven Gadson,SV-1 7-5,Dec 7-5,Dec 7-5 | SV-1 7-5
2013,added,11/11/2012,Binghamton Open,Jace Bennett (Cornell),Donald Mcneil (Rider),Donald Mcneil,Fall 0:23,Fall 0:46,Fall 0:23 | Fall 0:46
2013,added,01/02/2013,The Southern Scuffle,Brent Haynes (Missouri),Phillip Wellington (Ohio),Phillip Wellington,Dec 5-2,Dec 4-3,Dec 4-3 | Dec 5-2
2013,added,02/02/2013,All-Academy Championships,Bentley Alsup (Air Force),Collin Wittmeyer (Army),Bentley Alsup,Dec 6-2,Dec 6-4,Dec 6-2 | Dec 6-4
2013,added,03/02/2013,Pac-12 Championships,Levi Cooper (Arizona State),Dan Scherer (Stanford),Levi Cooper,TB-2 4-2,Dec 4-2,Dec 4-2 | TB-2 4-2
2013,added,11/04/2012,Clarion University Knight Point Open,Joe Stolfi (Bucknell),Douglas Vollaro (Lehigh),Douglas Vollaro,Dec 6-3,Dec 7-0,Dec 6-3 | Dec 7-0
2013,added,02/09/2013,Edinboro Open,Justin Heisermen (Buffalo),Dan Garwood (Virginia Tech),Justin Heisermen,Dec 3-2,Dec 5-1,Dec 3-2 | Dec 5-1
2013,added,11/17/2012,Navy Classic,Riley Shaw (Cleveland State),Daniel Miller (Navy),Daniel Miller,Dec 4-3,Dec 6-2,Dec 4-3 | Dec 6-2
2013,added,12/01/2012,31st Annual Cliff Keen Las Vegas Collegiate Wrestling Invitational,Stryker Lane (Cornell),Connor Medbery (Wisconsin),Connor Medbery,Dec 5-2,Dec 7-3,Dec 5-2 | Dec 7-3
2013,added,03/09/2013,ACC Championship,Brian Self (Duke),Mike Kosoy (North Carolina State),Mike Kosoy,Dec 5-2,Dec 10-3,Dec 10-3 | Dec 5-2
2013,added,03/09/2013,ACC Championship,Brian Self (Duke),Dallas Brown (Maryland),Brian Self,SV-2 3-1,Dec 3-1,Dec 3-1 | SV-2 3-1
2013,added,12/29/2012,BRUTE Invitational,Travis Porter (Gardner-Webb),Henry Turner (Lock Haven),Henry Turner,Dec 4-1,Dec 3-2,Dec 3-2 | Dec 4-1
2013,added,01/20/2013,Purple Raider Open,Mimmo Lytle (Kent State),Dan Garwood (Virginia Tech),Mimmo Lytle,Dec 2-1,SV-1 3-1,Dec 2-1 | SV-1 3-1
2013,added,11/17/2012,Navy Classic,Daniel Miller (Navy),Gerald Johnson (The Citadel),Daniel Miller,Fall 1:36,Fall 6:20,Fall 1:36 | Fall 6:20
2013,added,11/04/2012,2012 Hokie Open,Mike Kosoy (North Carolina State),Ethan Hayes (Virginia),Ethan Hayes,SV-2 5-3,Dec 5-3,Dec 5-3 | SV-2 5-3
2013,added,12/16/2012,Reno Tournament of Champions,Jeremy Johnson (Ohio),Andrew Delaney (The Citadel),Andrew Delaney,SV-1 3-1,Dec 3-1,Dec 3-1 | SV-1 3-1
2014,added,11/10/2013,Jonathan Kaloust Bearcat Open,David White (Binghamton University),Scott Delvecchio (Rutgers),David White,Dec 4-3,Dec 5-2,Dec 4-3 | Dec 5-2
2014,added,12/22/2013,Reno Tournament of Champions,Rami Haddadin (Boise State),Pat Rollins (Oregon State),Rami Haddadin,Fall 1:49,Fall 3:37,Fall 1:49 | Fall 3:37
2014,added,11/16/2013,Eastern Michigan Open,Tanner Shoap (Drexel),Alexander Calandrino (Eastern Michigan),Alexander Calandrino,Dec 6-0,Dec 5-0,Dec 5-0 | Dec 6-0
2014,added,11/17/2013,East Stroudsburg University Open,Ronald Perry (Lock Haven),Sean McCabe (Rutgers),Ronald Perry,Dec 9-3,SV-1 8-6,Dec 9-3 | SV-1 8-6
2014,added,11/10/2013,VT Hokie Open,Joe DeAngelo (North Carolina State),Joaquin Marquez (The Citadel),Joe DeAngelo,SV-1 3-1,Dec 3-1,Dec 3-1 | SV-1 3-1
2014,added,01/25/2014,Grand View Open,Paul Mascarenas (South Dakota State),Dakota Leach (Southern Illinois Edwardsville),Dakota Leach,Dec 8-2,Dec 7-5,Dec 7-5 | Dec 8-2
2014,added,11/02/2013,Cowboy Open,Carter McElhany (Air Force),Tyler Liberatore (Arizona State),Carter McElhany,Dec 2-1,Dec 5-3,Dec 2-1 | Dec 5-3
2014,added,03/09/2014,2014 EIWA Championship,Esteban Gomez-Rivera (American),Colton Rasche (Navy),Esteban Gomez-Rivera,Dec 4-3,Dec 3-2,Dec 3-2 | Dec 4-3
2014,added,12/22/2013,Reno Tournament of Champions,Devon Lotito (Cal Poly),Nathan Pennesi (West Virginia),Devon Lotito,Dec 5-1,Dec 11-5,Dec 11-5 | Dec 5-1
2014,added,11/17/2013,Wolfpack Open,Drew Walker (Campbell),Troy Heilmann (North Carolina),Drew Walker,SV-1 8-6,Dec 12-6,Dec 12-6 | SV-1 8-6
2014,added,01/25/2014,Alma College Open,Logan Shanks (Central Michigan),Gideon Vanhook (Indiana),Logan Shanks,Dec 5-0,SV-1 11-9,Dec 5-0 | SV-1 11-9
2014,added,01/02/2015,Southern Scuffle,Joe Roth (Central Michigan),Jordan Conaway (Penn State),Joe Roth,Dec 5-2,Dec 8-6,Dec 5-2 | Dec 8-6
2014,added,11/23/2013,Navy Classic,Mike Pongracz (Chattanooga),Mackenzie McGuire (Kent State),Mackenzie McGuire,Dec 4-2,Dec 4-0,Dec 4-0 | Dec 4-2
2014,added,01/19/2014,Purple Raider Open,Dan King (Cleveland State),Kyle Ayersman (Purdue),Kyle Ayersman,Dec 3-1,Dec 6-0,Dec 3-1 | Dec 6-0
2014,added,02/07/2014,vs. Drexel,Kevin Devoy (Drexel),Chuck Zeisloft (Rider),Kevin Devoy,Dec 7-6,TB-2 7-6,Dec 7-6 | TB-2 7-6
2014,added,03/08/2014,Southern Conference Championship,Robert Golde (Gardner-Webb),Aaron Hansen (The Citadel),Aaron Hansen,Dec 7-6,Dec 7-4,Dec 7-4 | Dec 7-6
2014,added,11/09/2013,Michigan State Open,Chris Caton (Indiana),Thomas McLaughlin (Ohio),Chris Caton,Dec 5-4,Dec 12-8,Dec 12-8 | Dec 5-4
2014,added,12/30/2013,Midlands,Mason Beckman (Lehigh),Alan Waters (Missouri),Mason Beckman,Dec 5-2,Dec 2-0,Dec 2-0 | Dec 5-2
2014,added,03/08/2014,2014 EWL Tournament,Cody Wheeler (Lock Haven),Chuck Zeisloft (Rider),Chuck Zeisloft,Dec 4-3,SV-1 4-3,Dec 4-3 | SV-1 4-3
2014,added,12/14/2013,UNI Open,Matt Manley (Missouri),Ben Morgan (Nebraska),Matt Manley,Dec 7-5,Dec 3-2,Dec 3-2 | Dec 7-5
2014,added,03/02/2014,National Collegiate Open,Luke Schroeder (Purdue),Jalen Ramos (Rutgers),Jalen Ramos,Dec 5-2,Dec 1-0,Dec 1-0 | Dec 5-2
2014,added,11/10/2013,VT Hokie Open,Aaron Hansen (The Citadel),Emilio Martinez (Virginia),Aaron Hansen,Dec 3-1,SV-1 3-1,Dec 3-1 | SV-1 3-1
2014,added,03/08/2014,WWC,David Walker (Air Force),Clayton Cathey (North Dakota State University),Clayton Cathey,Dec 3-2,Dec 7-3,Dec 3-2 | Dec 7-3
2014,added,03/09/2014,2014 EIWA Championship,Tyler Rauenzahn (Army),Matt Bystol (Columbia),Matt Bystol,Dec 1-0,Dec 7-3,Dec 1-0 | Dec 7-3
2014,added,12/14/2013,Cleveland State Open,Matthew Rappo (Bloomsburg),Daniel Neff (Lock Haven),Daniel Neff,Dec 3-2,Dec 7-3,Dec 3-2 | Dec 7-3
2014,added,03/08/2014,2014 EWL Tournament,Matthew Rappo (Bloomsburg),Tyler Bedelyon (Clarion),Tyler Bedelyon,Fall 6:55,Fall 3:33,Fall 3:33 | Fall 6:55
2014,added,03/09/2014,2014 EIWA Championship,Tyler Scotton (Boston U.),Richard Durso (Franklin & Marshall),Richard Durso,Dec 3-0,SV-1 4-2,Dec 3-0 | SV-1 4-2
2014,added,02/01/2014,California Collegiate Open,Colton Schilling (Cal Poly),Joey Delgado (Oregon State),Joey Delgado,Dec 3-0,Dec 8-1,Dec 3-0 | Dec 8-1
2014,added,11/24/2013,New York State Intercollegiate Varsity/JV,Matt Leshinger (Columbia),Eli Bienstock (Cornell),Matt Leshinger,SV-1 7-5,Dec 3-2,Dec 3-2 | SV-1 7-5
2014,added,12/30/2013,Midlands,Richard Durso (Franklin & Marshall),Josh Dziewa (Iowa),Josh Dziewa,Dec 6-1,Dec 3-1,Dec 3-1 | Dec 6-1
2014,added,12/30/2013,Midlands,Ethan Raley (Indiana),Josh Dziewa (Iowa),Josh Dziewa,Dec 11-9,SV-1 11-9,Dec 11-9 | SV-1 11-9
2014,added,12/07/2013,University of Dubuque Open,Topher Carton (Iowa),ANDREW CRONE (Wisconsin),Topher Carton,Dec 6-4,Dec 4-3,Dec 4-3 | Dec 6-4
2014,added,11/30/2013,vs. Lehigh,Laike Gardner (Lehigh),Joseph Spisak (Virginia),Laike Gardner,Dec 7-5,SV-1 7-5,Dec 7-5 | SV-1 7-5
2014,added,03/08/2014,ACC Championships,Evan Henderson (North Carolina),Sam Speno (North Carolina State),Evan Henderson,MD 14-2,MD 9-0,MD 14-2 | MD 9-0
2014,added,03/02/2014,National Collegiate Open,Jake Velarde (Old Dominion),Nick Anderson (Virginia Tech),Nick Anderson,SV-1 6-1,Dec 6-1,Dec 6-1 | SV-1 6-1
2014,added,11/17/2013,East Stroudsburg University Open,Nate Morgan (Penn State),Jeff Canfora (Pennsylvania),Jeff Canfora,TB-2 (RT) 6-5,Dec 3-2,Dec 3-2 | TB-2 (RT) 6-5
2014,added,11/09/2013,Brockport/Oklahoma Invitational,Mark Cirello (American),Dryden Dennis (Oklahoma),Dryden Dennis,Dec 5-1,Dec 4-3,Dec 4-3 | Dec 5-1
2014,added,11/23/2013,Navy Classic,William McDonald (Brown),Aaron Walker (The Citadel),Aaron Walker,TB-2 4-3,Dec 4-3,Dec 4-3 | TB-2 4-3
2014,added,03/08/2014,Southern Conference Championship,Austin Sams (Chattanooga),Matthew Frisch (The Citadel),Matthew Frisch,TB-1 3-2,Dec 3-1,Dec 3-1 | TB-1 3-2
2014,added,11/03/2013,Knight Point Open,justin arthur (Clarion),Michael Depalma (Kent State),Michael Depalma,Dec 11-5,Dec 10-6,Dec 10-6 | Dec 11-5
2014,added,03/08/2014,2014 EWL Tournament,justin arthur (Clarion),Curt Delia (Rider),justin arthur,Dec 4-2,Dec 10-3,Dec 10-3 | Dec 4-2
2014,added,12/07/2013,32nd Annual Cliff Keen Las Vegas Collegiate Wrestling Invitational,Christopher Villalonga (Cornell),Scott Sakaguchi (Oregon State),Christopher Villalonga,Dec 4-1,Dec 3-2,Dec 3-2 | Dec 4-1
2014,added,12/07/2013,32nd Annual Cliff Keen Las Vegas Collegiate Wrestling Invitational,Christopher Villalonga (Cornell),Ian Paddock (Ohio State),Christopher Villalonga,Dec 3-1,SV-1 3-1,Dec 3-1 | SV-1 3-1
2014,added,01/25/2014,Appalachian State Open,Jose Abbate (Duke),James Hunsberger (George Mason),James Hunsberger,TF 16-0 0:00,TF 0-0 0:00,Min-TF 16-0 2:29 | TF 0-0 0:00 | TF 16-0 0:00
2014,added,01/25/2014,Appalachian State Open,Jose Abbate (Duke),James Hunsberger (George Mason),James Hunsberger,Min-TF 16-0 2:29,TF 0-0 0:00,Min-TF 16-0 2:29 | TF 0-0 0:00 | TF 16-0 0:00
2014,added,03/22/2014,2014 NCAA Division I Championships,David Habat (Edinboro),Eric Grajales (Michigan),Eric Grajales,Dec 15-10,Dec 4-2,Dec 15-10 | Dec 4-2
2014,added,11/03/2013,Knight Point Open,Neal Molloy (Indiana),Jacob Donatelli (Ohio State),Neal Molloy,TF 0-2 0:00,TF 19-2 0:00,TF 0-2 0:00 | TF 19-2 0:00
2014,added,11/23/2013,Joe Parisi Open,Connor Ryan (Iowa),Oliver Pierce (Oklahoma),Connor Ryan,Dec 1-0,SV-3 2-1,Dec 1-0 | SV-3 2-1
2014,added,12/07/2013,University of Dubuque Open,Connor Ryan (Iowa),Tanner Hiatt (Northern Iowa),Connor Ryan,Dec 7-3,Dec 3-2,Dec 3-2 | Dec 7-3
2014,added,12/22/2013,Reno Tournament of Champions,Adam Fierro (CSU Bakersfield),Ross Renzi (West Virginia),Ross Renzi,Dec 3-1,Dec 5-2,Dec 3-1 | Dec 5-2
2014,added,12/14/2013,Cleveland State Open,Brandon Zeerip (Eastern Michigan),Austin Eads (Old Dominion),Brandon Zeerip,SV-1 6-4,Dec 6-4,Dec 6-4 | SV-1 6-4
2014,added,11/23/2013,Nebraska-Kearney Holiday Inn Open,Joseph Baucke (Air Force),Tanner Miller (Wyoming),Joseph Baucke,Dec 3-1,Dec 9-3,Dec 3-1 | Dec 9-3
2014,added,03/08/2014,2014 EWL Tournament,Kevin Hartnett (Bloomsburg),Wayne Stinson (Rider),Kevin Hartnett,Dec 6-4,Dec 5-3,Dec 5-3 | Dec 6-4
2014,added,11/17/2013,East Stroudsburg University Open,Mark Granahan (Bloomsburg),Laurent Remillard (Brown),Laurent Remillard,Dec 7-2,Dec 3-2,Dec 3-2 | Dec 7-2
2014,added,12/22/2013,Reno Tournament of Champions,Alex Hudson (Chattanooga),Garrett Schaner (Stanford),Alex Hudson,Dec 8-6,Dec 5-4,Dec 5-4 | Dec 8-6
2014,added,11/10/2013,Jonathan Kaloust Bearcat Open,Brian Realbuto (Cornell),Anthony Perrotti (Rutgers),Anthony Perrotti,Dec 4-2,Dec 13-7,Dec 13-7 | Dec 4-2
2014,added,12/07/2013,32nd Annual Cliff Keen Las Vegas Collegiate Wrestling Invitational,Brian Realbuto (Cornell),Blaise Butler (Virginia),Brian Realbuto,Fall 7:19,SV-1 (Fall) 7:19,Fall 7:19 | SV-1 (Fall) 7:19
2014,added,01/19/2014,`Shorty` Hitchcock Memorial Tournament,Austin Rose (Drexel),Stephen Robertson (Pennsylvania),Stephen Robertson,Dec 11-7,Dec 4-3,Dec 11-7 | Dec 4-3
2014,added,12/14/2013,Cleveland State Open,MItch Malott (Eastern Michigan),William Randt (Lock Haven),MItch Malott,Fall 3:50,Fall 4:19,Fall 3:50 | Fall 4:19
2014,added,11/16/2013,Harold Nichols Cyclone Open,Logan Molina (Iowa State),Timothy Wheeling (West Virginia),Logan Molina,SV-1 2-1,Dec 6-4,Dec 6-4 | SV-1 2-1
2014,added,11/17/2013,Roadrunner Open,Ben Dorsay (Maryland),Peter Galli (Stanford),Ben Dorsay,Dec 10-4,Dec 5-2,Dec 10-4 | Dec 5-2
2014,added,11/17/2013,Roadrunner Open,Danny Orem (Maryland),Zach Johnson (Navy),Zach Johnson,Dec 7-2,Dec 11-4,Dec 11-4 | Dec 7-2
2014,added,03/09/2014,2014 Big Ten Wrestling Championships,Brian Murphy (Michigan),Isaac Jordan (Wisconsin),Isaac Jordan,SV-1 3-1,Dec 5-0,Dec 5-0 | SV-1 3-1
2014,added,01/25/2014,Grand View Open,Taylor Berger (Northern Iowa),Jake Vitale (Southern Illinois Edwardsville),Taylor Berger,Dec 9-7,Dec 9-6,Dec 9-6 | Dec 9-7
2014,added,11/30/2013,2013 Suplay Oklahoma Open,Peter Huang (Oklahoma),Christopher Koo (Oklahoma State),Christopher Koo,Dec 12-5,Dec 7-3,Dec 12-5 | Dec 7-3
2014,added,03/02/2014,National Collegiate Open,Christopher Koo (Oklahoma State),Jordan Marshall (Old Dominion),Christopher Koo,Dec 4-3,SV-1 4-3,Dec 4-3 | SV-1 4-3
2014,added,12/01/2013,MatTown Open,Anthony Risaliti (Army),Aaron McKinney (Lock Haven),Aaron McKinney,Dec 6-3,Dec 5-4,Dec 5-4 | Dec 6-3
2014,added,11/09/2013,Bill Musick Open,Joe Applegate (Cal Poly),Jesus Ambriz (CSU Bakersfield),Joe Applegate,Dec 6-3,Dec 10-4,Dec 10-4 | Dec 6-3
2014,added,03/09/2014,Mid American Conference Championships,Nick Becker (Central Michigan),Tyler Buckwalter (Kent State),Nick Becker,Dec 4-1,Dec 6-3,Dec 4-1 | Dec 6-3
2014,added,03/08/2014,2014 EWL Tournament,Matt Donohoe (Cleveland State),Jacob Kemerer (Lock Haven),Matt Donohoe,Dec 10-6,Dec 7-5,Dec 10-6 | Dec 7-5
2014,added,11/02/2013,Citadel Open,Brett Stein (Gardner-Webb),Ethan Ramos (North Carolina),Ethan Ramos,Dec 12-7,Dec 7-6,Dec 12-7 | Dec 7-6
2014,added,12/07/2013,32nd Annual Cliff Keen Las Vegas Collegiate Wrestling Invitational,Joseph Booth (Hofstra),Cooper Moore (Northern Iowa),Cooper Moore,Dec 3-1,SV-1 3-1,Dec 3-1 | SV-1 3-1
2014,added,11/03/2013,Knight Point Open,Ryan Leblanc (Indiana),Brian Brill (Lehigh),Ryan Leblanc,Dec 11-4,Dec 8-4,Dec 11-4 | Dec 8-4
2014,added,02/08/2014,Edinboro Open,Aaron McKinney (Lock Haven),Connor Brancheau (Michigan),Connor Brancheau,Dec 1-0,Dec 3-2,Dec 1-0 | Dec 3-2
2014,added,11/16/2013,Harold Nichols Cyclone Open,Nicholas Wanzek (Minnesota),Joseph Brewster (South Dakota State),Nicholas Wanzek,Dec 2-0,Dec 3-1,Dec 2-0 | Dec 3-1
2014,added,03/09/2014,2014 Big Ten Wrestling Championships,Daniel Zilverberg (Minnesota),Pierce Harger (Northwestern),Daniel Zilverberg,Dec 7-1,Dec 4-3,Dec 4-3 | Dec 7-1
2014,added,03/09/2014,Mid American Conference Championships,Zach Toal (Missouri),Shaun`Qae McMurtry (Northern Illinois),Shaun`Qae McMurtry,SV-1 5-3,Dec 6-3,Dec 6-3 | SV-1 5-3
2014,added,11/23/2013,Navy Classic,John Keck (Navy),Kenneth Radford (The Citadel),John Keck,TB-2 2-1,Dec 2-1,Dec 2-1 | TB-2 2-1
2014,added,11/03/2013,Warren Williamson Daktronics Open,Brandon Wilbourn (Nebraska),Joseph Brewster (South Dakota State),Joseph Brewster,Dec 3-1,Dec 4-2,Dec 3-1 | Dec 4-2
2014,added,12/22/2013,Reno Tournament of Champions,Austin Wilson (Nebraska),Jim Wilson (Stanford),Austin Wilson,TB-1 2-1,Dec 2-1,Dec 2-1 | TB-1 2-1
2014,added,11/23/2013,Navy Classic,Harrison Hightower (Ohio),Frank Cousins Jr. (Wisconsin),Harrison Hightower,Dec 5-2,Dec 5-3,Dec 5-2 | Dec 5-3
2014,added,03/08/2014,Southern Conference Championship,Collin Hedash (Appalachian State),Kenneth Radford (The Citadel),Kenneth Radford,Dec 11-6,Dec 5-2,Dec 11-6 | Dec 5-2
2014,added,11/30/2013,vs. Buffalo,Rrok Ndokaj (Buffalo),Conan Schuster (Sacred Heart),Rrok Ndokaj,SV-1 6-4,Dec 6-4,Dec 6-4 | SV-1 6-4
2014,added,12/07/2013,32nd Annual Cliff Keen Las Vegas Collegiate Wrestling Invitational,Kevin Radford (Arizona State),Austin Gabel (Virginia Tech),Austin Gabel,Dec 5-3,Dec 7-3,Dec 5-3 | Dec 7-3
2014,added,11/24/2013,New York State Intercollegiate Varsity/JV,Brian Harvey (Army),Frank Affronti (Hofstra),Frank Affronti,Dec 4-2,Dec 4-0,Dec 4-0 | Dec 4-2
2014,added,11/24/2013,New York State Intercollegiate Varsity/JV,Jack McKeever (Binghamton University),Austin Coniker (Columbia),Jack McKeever,Dec 5-3,SV-1 3-1,Dec 5-3 | SV-1 3-1
2014,added,11/23/2013,Navy Classic,Richard McDonald (Brown),Barrett Walthall (Chattanooga),Barrett Walthall,Fall 3:40,Fall 3:52,Fall 3:40 | Fall 3:52
2014,added,11/17/2013,Roadrunner Open,Bryce Hammond (CSU Bakersfield),Kyle Meyer (Stanford),Bryce Hammond,Dec 4-1,Dec 7-2,Dec 4-1 | Dec 7-2
2014,added,03/02/2014,National Collegiate Open,CJ Brucki (Central Michigan),Austin Coburn (Old Dominion),CJ Brucki,Dec 5-4,Dec 9-6,Dec 5-4 | Dec 9-6
2014,added,11/23/2013,Navy Classic,Levi Clemons (Chattanooga),Ryan Callahan (Princeton),Levi Clemons,Dec 10-4,Dec 11-5,Dec 10-4 | Dec 11-5
2014,added,03/22/2014,2014 NCAA Division I Championships,Michael Evans (Iowa),Mathew Brown (Penn State),Michael Evans,TB-1 5-4,Dec 6-3,Dec 6-3 | TB-1 5-4
2014,added,12/30/2013,Midlands,Alex Meyer (Iowa),Hayden Zillmer (North Dakota State University),Hayden Zillmer,Dec 7-2,Dec 7-5,Dec 7-2 | Dec 7-5
2014,added,11/03/2013,Knight Point Open,Elliot Riddick (Lehigh),Mark Martin (Ohio State),Elliot Riddick,Dec 4-3,Dec 3-1,Dec 3-1 | Dec 4-3
2014,added,03/22/2014,2014 NCAA Division I Championships,Logan Storley (Minnesota),Robert Kokesh (Nebraska),Logan Storley,TB-1 3-1,TB-2 6-4,TB-1 3-1 | TB-2 6-4
2014,added,12/07/2013,Maryville Kaufman-Brand,John Goerke (Missouri),Ben Throm (Southern Illinois Edwardsville),John Goerke,Dec 3-2,Dec 4-1,Dec 3-2 | Dec 4-1
2014,added,02/01/2014,Greyhound Open,Jacob Bresciani (Ohio State),Jacob Morrissey (Purdue),Jacob Morrissey,Fall 1:53,Fall 1:16,Fall 1:16 | Fall 1:53
2014,added,11/23/2013,Joe Parisi Open,Quinten Patterson (Oklahoma State),Jake Residori (Southern Illinois Edwardsville),Quinten Patterson,Dec 5-4,Dec 6-4,Dec 5-4 | Dec 6-4
2014,added,03/02/2014,National Collegiate Open,Austin Coburn (Old Dominion),Jacob Morrissey (Purdue),Austin Coburn,SV-1 5-3,Dec 5-3,Dec 5-3 | SV-1 5-3
2014,added,12/30/2013,Midlands,Patrick Kissel (Purdue),Connor Brennan (Rider),Connor Brennan,SV-1 7-3,Dec 7-3,Dec 7-3 | SV-1 7-3
2014,added,12/29/2013,Brute Invitational,Anthony Lock (Buffalo),Austin Coburn (Old Dominion),Anthony Lock,Dec 8-2,Dec 5-2,Dec 5-2 | Dec 8-2
2014,added,12/07/2013,32nd Annual Cliff Keen Las Vegas Collegiate Wrestling Invitational,Tanner Weatherman (Iowa State),Nick Vetterlein (Virginia Tech),Nick Vetterlein,Dec 8-6,Dec 3-2,Dec 3-2 | Dec 8-6
2014,added,11/24/2013,Keystone Classic,Blake Stauffer (Arizona State),Cameron Croy (Harvard),Cameron Croy,Dec 4-1,Dec 6-2,Dec 4-1 | Dec 6-2
2014,added,11/30/2013,vs. Buffalo,Anthony Lock (Buffalo),Michael Macchiavello (North Carolina State),Michael Macchiavello,SV-1 9-7,Dec 9-7,Dec 9-7 | SV-1 9-7
2014,added,12/01/2013,Mat Town Open,William George (Cornell),Tyler Wood (Lock Haven),William George,Dec 4-3,Dec 5-3,Dec 4-3 | Dec 5-3
2014,added,03/09/2014,2014 EIWA Championship,Cameron Croy (Harvard),Brett Harner (Princeton),Brett Harner,Dec 3-2,SV-1 5-1,Dec 3-2 | SV-1 5-1
2014,added,11/03/2013,Knight Point Open,Lucas Sheridan (Indiana),Zachary Diekel (Lehigh),Zachary Diekel,Dec 6-5,Dec 6-1,Dec 6-1 | Dec 6-5
2014,added,12/30/2013,Midlands,Ethen Lofthouse (Iowa),Jimmy Sheptock (Maryland),Jimmy Sheptock,SV-1 3-1,Dec 3-1,Dec 3-1 | SV-1 3-1
2014,added,11/16/2013,Eastern Michigan Open,Ayoola Olapo (Michigan),Mitch Sliga (Northwestern),Mitch Sliga,Dec 7-2,Dec 9-4,Dec 7-2 | Dec 9-4
2014,added,03/02/2014,National Collegiate Open,Trent Noon (Northern Colorado),Ethan Orr (Rutgers),Trent Noon,Dec 3-1,Dec 7-2,Dec 3-1 | Dec 7-2
2014,added,11/10/2013,vs. VMI,Nick Vetterlein (Virginia Tech),Hardy Hendren (VMI),Nick Vetterlein,Min-TF 24-9 0:00,TF 24-9 7:00,Min-TF 24-9 0:00 | TF 24-9 7:00
2014,added,11/17/2013,Wolfpack Open,Matt Meadows (George Mason),Stacy Davis (North Carolina State),Matt Meadows,Dec 3-2,Dec 3-0,Dec 3-0 | Dec 3-2
2014,added,12/14/2013,UNI Open,Tyler Berg (Missouri),Aaron Studebaker (Nebraska),Aaron Studebaker,Fall 5:12,Fall 1:06,Fall 1:06 | Fall 5:12
2014,added,11/24/2013,New York State Intercollegiate Varsity/JV,Bryce Barnes (Army),Angelo Malvestuto (Buffalo),Bryce Barnes,TB-1 12-9,Dec 3-1,Dec 3-1 | TB-1 12-9
2014,added,12/22/2013,Reno Tournament of Champions,Cody Dixon (Boise State),Dan Scherer (Stanford),Dan Scherer,Dec 3-1,Dec 5-3,Dec 3-1 | Dec 5-3
2014,added,12/22/2013,Reno Tournament of Champions,Cody Dixon (Boise State),Ruben Franklin (CSU Bakersfield),Cody Dixon,Dec 5-4,Dec 3-2,Dec 3-2 | Dec 5-4
2014,added,03/02/2014,Pac-12 Wrestling Championships,Cody Dixon (Boise State),Nicolas Johnson (Cal Poly),Cody Dixon,Dec 9-3,Dec 12-5,Dec 12-5 | Dec 9-3
2014,added,11/10/2013,Jonathan Kaloust Bearcat Open,Corbin Boone (Cleveland State),Steve Congenie (Cornell),Steve Congenie,Dec 10-5,Dec 8-5,Dec 10-5 | Dec 8-5
2014,added,03/09/2014,2014 Big Ten Wrestling Championships,Nathan Burak (Iowa),Braden Atwood (Purdue),Nathan Burak,Dec 5-4,Dec 2-1,Dec 2-1 | Dec 5-4
2014,added,03/22/2014,2014 NCAA Division I Championships,Kyven Gadson (Iowa State),Scott Schiller (Minnesota),Scott Schiller,Dec 9-6,Dec 6-4,Dec 6-4 | Dec 9-6
2014,added,11/30/2013,vs. Lehigh,John Bolich (Lehigh),Zach Nye (Virginia),Zach Nye,Dec 3-1,TB-1 3-1,Dec 3-1 | TB-1 3-1
2014,added,12/01/2013,Mat Town Open,Matthew Moore (Lock Haven),Ryan Solomon (Pittsburgh),Ryan Solomon,MD 9-1,MD 8-0,MD 8-0 | MD 9-1
2014,added,12/07/2013,32nd Annual Cliff Keen Las Vegas Collegiate Wrestling Invitational,Christopher Heald (Michigan),Braden Atwood (Purdue),Braden Atwood,Dec 4-1,Dec 5-2,Dec 4-1 | Dec 5-2
2014,added,01/02/2015,Southern Scuffle,J`Den Cox (Missouri),Morgan McIntosh (Penn State),J`Den Cox,Dec 2-0,Dec 8-2,Dec 2-0 | Dec 8-2
2014,added,03/09/2014,Mid American Conference Championships,Shawn Scott (Northern Illinois),Kevin Beazley (Old Dominion),Shawn Scott,Dec 3-2,Dec 5-4,Dec 3-2 | Dec 5-4
2014,added,01/25/2014,Grand View Open,Jared Bartel (Northern Iowa),Hunter Weddington (South Dakota State),Jared Bartel,Dec 6-2,Dec 5-1,Dec 5-1 | Dec 6-2
2014,added,01/19/2014,`Shorty` Hitchcock Memorial Tournament,Harrison Cook (Pennsylvania),David Reck (Virginia Tech),Harrison Cook,Dec 5-3,SV-1 6-4,Dec 5-3 | SV-1 6-4
2014,added,12/14/2013,UNI Open,Eloheim Palma (Campbell),Justin Heberlie (Missouri),Justin Heberlie,Dec 5-4,Dec 9-4,Dec 5-4 | Dec 9-4
2014,added,11/17/2013,Roadrunner Open,Sam Cervantes (CSU Bakersfield),Nathan Butler (Stanford),Sam Cervantes,Dec 3-2,Dec 5-4,Dec 3-2 | Dec 5-4
2014,added,11/10/2013,Jonathan Kaloust Bearcat Open,Stryker Lane (Cornell),David Ng (Harvard),Stryker Lane,Dec 3-2,Dec 4-0,Dec 3-2 | Dec 4-0
2014,added,12/14/2013,UNI Open,Devin Mellon (Missouri),Cody Krumweide (Northern Iowa),Devin Mellon,Dec 8-1,Dec 5-4,Dec 5-4 | Dec 8-1
2014,added,03/08/2014,WWC,Henry Chirino (Northern Colorado),Tanner Harms (Wyoming),Henry Chirino,Dec 8-7,Dec 8-3,Dec 8-3 | Dec 8-7
2014,added,11/03/2013,Warren Williamson Daktronics Open,Jared Torrence (Northern Illinois),J.J. Everard (South Dakota State),Jared Torrence,Dec 3-2,Dec 8-3,Dec 3-2 | Dec 8-3
2014,added,11/09/2013,Michigan State Open,Jared Torrence (Northern Illinois),Alex White (Purdue),Jared Torrence,SV-1 2-1,Dec 4-3,Dec 4-3 | SV-1 2-1
2014,added,03/09/2014,2014 Big Ten Wrestling Championships,Nick Tavanello (Ohio State),Connor Medbery (Wisconsin),Connor Medbery,Dec 6-0,Dec 7-0,Dec 6-0 | Dec 7-0
2014,added,12/07/2013,32nd Annual Cliff Keen Las Vegas Collegiate Wrestling Invitational,Ross Larson (Oklahoma),Adam Fager (Utah Valley University),Adam Fager,Dec 13-8,Dec 5-3,Dec 13-8 | Dec 5-3
2015,added,11/23/2014,2014 NYS Intercollegiate Championships,Thierno Diallo (Binghamton University),Sean Badua (Army),Thierno Diallo,Dec 5-2,Dec 5-4,Dec 5-2 | Dec 5-4
2015,added,12/29/2014,Midlands,Joshua Rodriguez (North Dakota State University),William Watterson (Brown),Joshua Rodriguez,Dec 9-2,Dec 6-1,Dec 6-1 | Dec 9-2
2015,added,12/06/2014,Las Vegas Invitational,Sergio Mendez (CSU Bakersfield),Conor Youtsey (Michigan),Conor Youtsey,Fall 2:05,Fall 2:06,Fall 2:05 | Fall 2:06
2015,added,01/02/2015,Southern Scuffle,Jordan Conaway (Penn State),Ben Willeford (Cleveland State),Jordan Conaway,Dec 10-4,SV-2 5-4,Dec 10-4 | SV-2 5-4
2015,added,03/08/2015,MAC Championships,Brandon Jeske (Old Dominion),Edilberto Vinas (Kent State),Brandon Jeske,Dec 5-4,Dec 7-2,Dec 5-4 | Dec 7-2
2015,added,11/16/2014,Wolfpack Open,Michael Beck (Maryland),Brandon Olsen (Virginia Tech),Brandon Olsen,Dec 9-6,Dec 6-1,Dec 6-1 | Dec 9-6
2015,added,03/21/2015,2015 NCAA Division I Championships,Alan Waters (Missouri),Conor Youtsey (Michigan),Alan Waters,Dec 7-0,Dec 4-0,Dec 4-0 | Dec 7-0
2015,added,11/16/2014,University of Central MissouriOpen,Bryce Meyer (Northern Iowa),Nicholas `Chase` Brennan (Missouri),Bryce Meyer,Fall 3:40,Fall 7:28,Fall 3:40 | Fall 7:28
2015,added,11/22/2014,NAVY Classic,Kevon Powell (Ohio),Edilberto Vinas (Kent State),Kevon Powell,Dec 6-1,Dec 5-1,Dec 5-1 | Dec 6-1
2015,added,12/06/2014,Las Vegas Invitational,Zeke Moisey (West Virginia),Ronnie Bresser (Oregon State),Ronnie Bresser,Dec 6-2,Dec 12-6,Dec 12-6 | Dec 6-2
2015,added,03/01/2015,PAC 12 Championships,Ian Nickell (CSU Bakersfield),Judson Preskitt (Arizona State),Ian Nickell,Dec 6-3,Dec 7-4,Dec 6-3 | Dec 7-4
2015,added,11/02/2014,Clarion Open,Chase Zemenak (Bloomsburg),Dan King (Cleveland State),Chase Zemenak,SV-1 9-7,Dec 8-7,Dec 8-7 | SV-1 9-7
2015,added,01/09/2015,vs. Bucknell,Cory Stainbrook (West Virginia),Grimaldi Gonzalez (Bucknell),Grimaldi Gonzalez,Dec 5-5,SV-1 7-5,Dec 5-5 | SV-1 7-5
2015,added,01/02/2015,Southern Scuffle,Nick Soto (Chattanooga),Troy Heilmann (North Carolina),Nick Soto,Dec 10-4,SV-1 10-8,Dec 10-4 | SV-1 10-8
2015,added,11/09/2014,Jonathan Kaloust Bearcat Open,Michael Hayes (Old Dominion),Micheal Kostandaras (Cleveland State),Michael Hayes,Dec 8-2,Dec 3-0,Dec 3-0 | Dec 8-2
2015,added,01/02/2015,Southern Scuffle,Mark Grey (Cornell),Gary Wayne Harding (Oklahoma State),Mark Grey,Dec 3-1,Dec 4-2,Dec 3-1 | Dec 4-2
2015,added,01/02/2015,Southern Scuffle,Kevin Devoy (Drexel),Mackenzie McGuire (Kent State),Kevin Devoy,Dec 4-2,Dec 3-1,Dec 3-1 | Dec 4-2
2015,added,12/06/2014,Las Vegas Invitational,Nyama-Cutler Godwin (Grand Canyon),Rossi Bruno (Michigan),Rossi Bruno,Dec 3-1,Dec 4-1,Dec 3-1 | Dec 4-1
2015,added,12/06/2014,Las Vegas Invitational,Aaron Hansen (The Citadel),Maverick Passaro (Hofstra),Maverick Passaro,TB-2 (RT) 3-1,Dec 3-1,Dec 3-1 | TB-2 (RT) 3-1
2015,added,03/08/2015,Big Ten Championships,James Gulibon (Penn State),Zane Richards (Illinois),Zane Richards,Dec 4-3,Dec 3-1,Dec 3-1 | Dec 4-3
2015,added,03/08/2015,Big Ten Championships,Johnni DiJulius (Ohio State),Cory Clark (Iowa),Cory Clark,Dec 2-1,Dec 2-0,Dec 2-0 | Dec 2-1
2015,added,03/08/2015,MAC Championships,Kagan Squire (Ohio),Mackenzie McGuire (Kent State),Mackenzie McGuire,Dec 3-2,Dec 3-2,Dec 3-2 | Dec 3-2
2015,added,12/07/2014,Nittany Lion Open,Tyler Goodwin (Maryland),Cody Wheeler (Lock Haven),Tyler Goodwin,Fall 0:38,Fall 1:53,Fall 0:38 | Fall 1:53
2015,added,12/07/2014,Nittany Lion Open,Christian Monserrat (West Virginia),Tyler Goodwin (Maryland),Tyler Goodwin,Fall 4:19,Fall 1:58,Fall 1:58 | Fall 4:19
2015,added,01/31/2015,Grand View Open,Bryce Meyer (Northern Iowa),Ben Gillette (South Dakota State),Bryce Meyer,Dec 9-3,Dec 10-4,Dec 10-4 | Dec 9-3
2015,added,12/06/2014,Las Vegas Invitational,Jade Rauser (Utah Valley University),Johnni DiJulius (Ohio State),Johnni DiJulius,TF 19-3 0:00,TF 0-3 0:00,TF 0-3 0:00 | TF 19-3 0:00
2015,added,11/22/2014,Joe Parisi Open,Cody Pae (Purdue),Kyle Garcia (Oklahoma State),Cody Pae,Dec 9-2,Dec 9-7,Dec 9-2 | Dec 9-7
2015,added,01/24/2015,Rocky Mountain Collegiate Open,Parker Hines (Air Force),Anthony McHugh (Air Force),Anthony McHugh,Dec 3-2,SV-1 3-1,Dec 3-2 | SV-1 3-1
2015,added,12/06/2014,Las Vegas Invitational,Jesus Calderon (Arizona State),Mike Morales (West Virginia),Mike Morales,TF 20-4 6:48,TF 0-0 6:48,TF 0-0 6:48 | TF 20-4 6:48
2015,added,12/06/2014,Las Vegas Invitational,Mike Morales (West Virginia),Geo Martinez (Boise State),Geo Martinez,Dec 8-4,Dec 5-4,Dec 5-4 | Dec 8-4
2015,added,12/06/2014,Las Vegas Invitational,Geo Martinez (Boise State),Sam Speno (North Carolina State),Geo Martinez,Dec 10-6,Dec 10-4,Dec 10-4 | Dec 10-6
2015,added,01/02/2015,Southern Scuffle,Dean Heil (Oklahoma State),George Fisher (Michigan),George Fisher,Dec 9-3,Dec 7-2,Dec 7-2 | Dec 9-3
2015,added,03/09/2015,NCAA Division I West Regional,Trevor Willson (Utah Valley University),Gerald McGinty (Air Force),Gerald McGinty,Dec 4-3,Dec 5-4,Dec 4-3 | Dec 5-4
2015,added,12/06/2014,Las Vegas Invitational,Andrew Mendel (Army),Gabe Moreno (Iowa State),Gabe Moreno,SV-1 6-5,Dec 6-5,Dec 6-5 | SV-1 6-5
2015,added,02/01/2015,USC Wildcat Open,William McDonald (Brown),Alex Harnsberger (Sacred Heart),William McDonald,Dec 3-2,Dec 3-1,Dec 3-1 | Dec 3-2
2015,added,03/07/2015,EIWA Tournament,Matthew Cimato (Drexel),Victor Lopez (Bucknell),Matthew Cimato,Dec 5-3,Dec 8-2,Dec 5-3 | Dec 8-2
2015,added,11/23/2014,Keystone Classic,Joe Velliquette (Pennsylvania),Nick Barber (Eastern Michigan),Nick Barber,Dec 1-0,Dec 5-2,Dec 1-0 | Dec 5-2
2015,added,12/06/2014,Las Vegas Invitational,Justin Arthur (Nebraska),Cody Ruggirello (Hofstra),Justin Arthur,SV-1 8-6,Dec 8-5,Dec 8-5 | SV-1 8-6
2015,added,01/24/2015,Alma Open,Mark Bozzo (Michigan State),Malik Amine (Michigan),Malik Amine,Dec 5-3,Dec 4-4,Dec 4-4 | Dec 5-3
2015,added,11/16/2014,Roadrunner,Alex Griffin (Purdue),Joseph Moon (North Carolina),Alex Griffin,Dec 6-1,Dec 5-3,Dec 5-3 | Dec 6-1
2015,added,11/01/2014,The Citadel Open,Chandler Pyke (North Carolina State),Cole Graves (Gardner-Webb),Cole Graves,Dec 9-6,Dec 8-1,Dec 8-1 | Dec 9-6
2015,added,03/21/2015,2015 NCAA Division I Championships,Bryant Clagon (Rider),Jason Tsirtsis (Northwestern),Jason Tsirtsis,Dec 2-1,Dec 2-1,Dec 2-1
2015,added,12/06/2014,Las Vegas Invitational,James Dekrone (West Virginia),Abraham Rodriquez (Oregon State),Abraham Rodriquez,TB-1 (Fall) 9:27,Fall 9:27,Fall 9:27 | TB-1 (Fall) 9:27
2015,added,01/18/2015,Purple Raider Open,Jake Ryan (Ohio State),David Wesley (Virginia Tech),Jake Ryan,Dec 7-5,Dec 7-6,Dec 7-5 | Dec 7-6
2015,added,11/02/2014,Clarion Open,Evan Delong (Clarion),Chase Delande (Edinboro),Evan Delong,Dec 2-0,Dec 5-3,Dec 2-0 | Dec 5-3
2015,added,01/03/2015,F&M Open,Rob King (Franklin & Marshall),Michael Roberson (Virginia),Rob King,Dec 4-3,Dec 10-9,Dec 10-9 | Dec 4-3
2015,added,12/29/2014,Midlands,Chad Walsh (Rider),Mike Kelly (Iowa),Mike Kelly,Dec 4-3,Dec 7-4,Dec 4-3 | Dec 7-4
2015,added,12/06/2014,Las Vegas Invitational,Jarrett Jensen (Northern Iowa),Brian Murphy (Michigan),Brian Murphy,SV-1 2-3,Dec 3-2,Dec 3-2 | SV-1 2-3
2015,added,03/08/2015,Big Ten Championships,Doug Welch (Purdue),Brian Murphy (Michigan),Brian Murphy,Dec 8-3,Dec 3-2,Dec 3-2 | Dec 8-3
2015,added,03/08/2015,Big Ten Championships,James Green (Nebraska),Josh Demas (Ohio State),James Green,Dec 8-2,Dec 8-2,Dec 8-2
2015,added,01/24/2015,Appalachian Open,Dain Steffeny (Appalachian State),David Bergida (Virginia Tech),David Bergida,Dec 6-0,Dec 4-0,Dec 4-0 | Dec 6-0
2015,added,03/01/2015,PAC 12 Championships,Travis Berridge (Cal Poly),Jacen Petersen (Arizona State),Travis Berridge,Dec 5-4,Dec 3-2,Dec 3-2 | Dec 5-4
2015,added,11/16/2014,ESU Open,Coleman Gracey (Army),Peyton Walsh (Navy),Peyton Walsh,Dec 11-8,Dec 10-9,Dec 10-9 | Dec 11-8
2015,added,12/07/2014,Nittany Lion Open,Ryan Preisch (Lehigh),Coleman Gracey (Army),Ryan Preisch,Dec 7-4,Dec 6-2,Dec 6-2 | Dec 7-4
2015,added,12/29/2014,Lock Haven Invitational,Andy Francos (Franklin & Marshall),Brenan McAllister (Bucknell),Andy Francos,Dec 9-4,Dec 7-4,Dec 7-4 | Dec 9-4
2015,added,11/02/2014,21 Under JC/College Open,Clay Teixiera (Cal Poly),Kaden Martin (CSU Bakersfield),Kaden Martin,Dec 7-4,Dec 6-1,Dec 6-1 | Dec 7-4
2015,added,12/13/2014,Cleveland State University Open,Jordan Wohlfert (Central Michigan),Austin Reese (Ohio),Austin Reese,Dec 9-7,Dec 3-2,Dec 3-2 | Dec 9-7
2015,added,03/08/2015,MAC Championships,Jordan Wohlfert (Central Michigan),Mike England (Missouri),Mike England,Dec 4-1,Dec 3-2,Dec 3-2 | Dec 4-1
2015,added,12/06/2014,Las Vegas Invitational,Taylor Massa (Michigan),Casey Larsen (Grand Canyon),Taylor Massa,MD 10-2,MD 10-1,MD 10-1 | MD 10-2
2015,added,11/22/2014,Joe Parisi Open,Tyler Prazma (Missouri),Emory Parke (Illinois),Emory Parke,Dec 7-4,Dec 5-0,Dec 5-0 | Dec 7-4
2015,added,03/08/2015,Big Ten Championships,Jackson Morse (Illinois),Garrett Sutton (Michigan),Jackson Morse,Dec 2-0,Dec 6-3,Dec 2-0 | Dec 6-3
2015,added,01/18/2015,Purple Raider Open,Andrew Hoselton (Purdue),Roger Wildmo (Michigan State),Roger Wildmo,Dec 3-1,Dec 2-1,Dec 2-1 | Dec 3-1
2015,added,01/31/2015,Grand View Open,Taylor Berger (Northern Iowa),Zach Walton (Nebraska),Zach Walton,Dec 8-4,Dec 7-5,Dec 7-5 | Dec 8-4
2015,added,12/06/2014,Las Vegas Invitational,Anthony Caputo (North Dakota State University),Nicholas Wanzek (Minnesota),Nicholas Wanzek,Dec 5-4,SV-1 5-4,Dec 5-4 | SV-1 5-4
2015,added,12/21/2014,Reno Tournament of Champions,Clark Glass (Oklahoma),Seth Thomas (Oregon State),Clark Glass,Dec 4-0,Dec 5-2,Dec 4-0 | Dec 5-2
2015,added,03/07/2015,EIWA Tournament,Jonathan Schleifer (Princeton),Raamiah Bethea (Pennsylvania),Jonathan Schleifer,Dec 4-3,Dec 2-1,Dec 2-1 | Dec 4-3
2015,added,12/28/2014,Wilkes Open,Jake Weber (Buffalo),Curt Delia (Rider),Jake Weber,Dec 8-4,Dec 10-3,Dec 10-3 | Dec 8-4
2015,added,02/22/2015,U.S. Western National Open,Tanner Davis (Northern Colorado),John Hagey (Air Force),John Hagey,Dec 10-7,Dec 3-1,Dec 10-7 | Dec 3-1
2015,added,03/07/2015,EIWA Tournament,steven schneider (Binghamton University),Richard McDonald (Brown),steven schneider,Dec 5-1,Dec 6-2,Dec 5-1 | Dec 6-2
2015,added,11/09/2014,Hokie Open,Hunter Gamble (Gardner-Webb),Kaleab Fetahi (Old Dominion),Hunter Gamble,TF 15-0 6:15,TF 0-0 0:00,TF 0-0 0:00 | TF 15-0 6:15
2015,added,01/18/2015,`Shorty` Hitchcock Memorial Tournament,Ben Haas (Lehigh),Ryan Wolfe (Rider),Ryan Wolfe,Dec 7-3,Dec 6-3,Dec 6-3 | Dec 7-3
2015,added,11/15/2014,Eastern Michigan Open,Drew Barnes (Michigan State),Dakota Sizemore (Ohio),Dakota Sizemore,Dec 10-3,Dec 12-9,Dec 10-3 | Dec 12-9
2015,added,12/30/2014,Aloha Open,Logan Storley (Minnesota),Joe Latham (Oregon State),Logan Storley,Dec 5-2,Dec 5-3,Dec 5-2 | Dec 5-3
2015,added,03/21/2015,2015 NCAA Division I Championships,Kurtis Julson (North Dakota State University),Zach Epperly (Virginia Tech),Zach Epperly,Dec 3-2,Dec 5-3,Dec 3-2 | Dec 5-3
2015,added,11/09/2014,Hokie Open,Kaleab Fetahi (Old Dominion),Mark Darr (Vmi),Mark Darr,TF 0-2 0:00,TF 18-2 5:44,TF 0-2 0:00 | TF 18-2 5:44
2015,added,12/28/2014,Wilkes Open,Michale Fagg-Daves (Rider),Conan Schuster (Sacred Heart),Michale Fagg-Daves,Dec 10-4,SV-1 6-4,Dec 10-4 | SV-1 6-4
2015,added,11/23/2014,Keystone Classic,David Kocer (South Dakota State),Dylan Morris (Stanford),David Kocer,Dec 6-0,Dec 4-3,Dec 4-3 | Dec 6-0
2015,added,11/08/2014,Brockport/Oklahoma Invitational,Austin Weigel (Buffalo),Mike Vollant (Kent State),Austin Weigel,Dec 3-2,Dec 5-3,Dec 3-2 | Dec 5-3
2015,added,03/07/2015,EIWA Tournament,Jack McKeever (Binghamton University),Thomas Sleigh (Bucknell),Thomas Sleigh,Dec 3-0,Dec 1-0,Dec 1-0 | Dec 3-0
2015,added,03/07/2015,EIWA Tournament,Lorenzo Thomas (Pennsylvania),Ophir Bernstein (Brown),Lorenzo Thomas,MD 13-3,MD 10-1,MD 10-1 | MD 13-3
2015,added,12/28/2014,Wilkes Open,Nick Corba (Cleveland State),Anthony Messner (Rutgers),Anthony Messner,Dec 5-2,Dec 4-2,Dec 4-2 | Dec 5-2
2015,added,12/06/2014,Las Vegas Invitational,Gabriel Dean (Cornell),Hayden Hrymack (Rutgers),Gabriel Dean,MD 15-4,MD 14-3,MD 14-3 | MD 15-4
2015,added,11/23/2014,Keystone Classic,Mitch Sliga (Northwestern),Matt Irick (Indiana),Mitch Sliga,Dec 4-1,Dec 4-2,Dec 4-1 | Dec 4-2
2015,added,11/08/2014,Mercyhurst Laker Open,Josh Fox (Ohio State),Kyle Conel (Kent State),Kyle Conel,Dec 3-2,Dec 2-1,Dec 2-1 | Dec 3-2
2015,added,11/15/2014,Eastern Michigan Open,Tanner Lynde (Purdue),Kyle Conel (Kent State),Kyle Conel,Dec 5-2,Dec 7-5,Dec 5-2 | Dec 7-5
2015,added,11/08/2014,Bison Open,Brady Ayers (South Dakota State),William Balow (Minnesota),William Balow,Dec 8-7,Dec 4-2,Dec 4-2 | Dec 8-7
2015,added,03/08/2015,Big Ten Championships,Timothy Dudley (Nebraska),Richard Robertson (Wisconsin),Richard Robertson,Dec 4-3,TB-1 10-9,Dec 4-3 | TB-1 10-9
2015,added,03/08/2015,2015 ACC Championships,Scott Marmoll (North Carolina),Tyler Askey (Virginia),Scott Marmoll,Dec 8-5,Dec 8-1,Dec 8-1 | Dec 8-5
2015,added,12/06/2014,Las Vegas Invitational,Jakob Scheffel (West Virginia),Hayden Zillmer (North Dakota State University),Hayden Zillmer,Dec 4-3,Dec 6-1,Dec 4-3 | Dec 6-1
2015,added,03/21/2015,2015 NCAA Division I Championships,Kenny Courts (Ohio State),Hayden Zillmer (North Dakota State University),Kenny Courts,Dec 4-3,SV-1 6-4,Dec 4-3 | SV-1 6-4
2015,added,12/06/2014,Las Vegas Invitational,Ross Taylor (Utah Valley University),Kenny Courts (Ohio State),Kenny Courts,MD 17-8,MD 17-6,MD 17-6 | MD 17-8
2015,added,11/16/2014,Roadrunner,Patrick Kissel (Purdue),Tommy Kimbrell (Stanford),Patrick Kissel,Dec 8-4,SV-1 6-4,Dec 8-4 | SV-1 6-4
2015,added,11/08/2014,Brockport/Oklahoma Invitational,Joe Ariola (Buffalo),Brad Johnson (Oklahoma),Brad Johnson,Dec 10-7,Dec 5-3,Dec 10-7 | Dec 5-3
2015,added,11/16/2014,Roadrunner,Austin Gaun (Grand Canyon),Matt Williams (CSU Bakersfield),Matt Williams,Dec 8-5,SV-1 7-5,Dec 8-5 | SV-1 7-5
2015,added,11/23/2014,Keystone Classic,Josh Popple (Harvard),Donald McNeil (Rider),Josh Popple,Dec 5-2,Dec 13-6,Dec 13-6 | Dec 5-2
2015,added,03/08/2015,Big Ten Championships,Aaron Studebaker (Nebraska),Hayden Hrymack (Rutgers),Hayden Hrymack,Dec 6-3,Dec 6-2,Dec 6-2 | Dec 6-3
2015,added,11/08/2014,Brockport/Oklahoma Invitational,Stephen Snyder (Army),Michael Mirra (Bloomsburg),Michael Mirra,Dec 3-1,Dec 2-0,Dec 2-0 | Dec 3-1
2015,added,12/29/2014,Lock Haven Invitational,Dusty Floyd (Virginia),Michael Mirra (Bloomsburg),Michael Mirra,Dec 2-0,Dec 6-2,Dec 2-0 | Dec 6-2
2015,added,11/16/2014,Roadrunner,Jeffrey Koepke (Illinois),Matt Williams (CSU Bakersfield),Matt Williams,Dec 5-2,Dec 7-3,Dec 5-2 | Dec 7-3
2015,added,11/16/2014,Wolfpack Open,Chance McClure (Virginia),Ian Solcz (Davidson),Ian Solcz,Dec 2-1,Dec 3-2,Dec 2-1 | Dec 3-2
2015,added,12/13/2014,UNI Open,Cody Krumweide (Northern Iowa),Marcus Harrington (Iowa State),Marcus Harrington,Dec 9-3,Dec 7-4,Dec 7-4 | Dec 9-3
2015,added,12/07/2014,Nittany Lion Open,Anthony Cassar (Penn State),David Reck (Virginia Tech),David Reck,Dec 5-1,Dec 4-3,Dec 4-3 | Dec 5-1
2015,added,03/08/2015,2015 ACC Championships,Nick Bonaccorsi (Pittsburgh),Jared Haught (Virginia Tech),Nick Bonaccorsi,TB-2 3-2,Dec 4-2,Dec 4-2 | TB-2 3-2
2015,added,01/02/2015,Southern Scuffle,Shane Woods (Wyoming),Zach Nye (Virginia),Shane Woods,SV-1 3-1,Dec 8-5,Dec 8-5 | SV-1 3-1
2015,added,02/07/2015,All Academy Championships,Stephen Snyder (Army),Joseph Bexley (The Citadel),Joseph Bexley,Dec 1-0,Dec 1-0,Dec 1-0 | Dec 1-0
2015,added,11/08/2014,Mercyhurst Laker Open,Jake Gunning (Buffalo),Terrence Cheeks (Edinboro),Jake Gunning,Dec 3-2,Dec 8-2,Dec 3-2 | Dec 8-2
2015,added,03/07/2015,EIWA Tournament,Garrett Ryan (Columbia),David Ng (Harvard),David Ng,Dec 2-0,Dec 3-1,Dec 2-0 | Dec 3-1
2015,added,01/03/2015,F&M Open,Joseph Goodhart (Drexel),Patrik Garren (Pennsylvania),Patrik Garren,Dec 7-3,Dec 4-1,Dec 4-1 | Dec 7-3
2015,added,02/21/2015,vs. Drexel,Joseph Goodhart (Drexel),Patrik Garren (Pennsylvania),Joseph Goodhart,Fall 8:17,TB-1 (Fall) 8:17,Fall 8:17 | TB-1 (Fall) 8:17
2015,added,01/24/2015,Appalachian Open,Brandon Taylor (Virginia Tech),Brendan Walsh (Duke),Brandon Taylor,Dec 6-5,SV-1 3-1,Dec 6-5 | SV-1 3-1
2015,added,11/22/2014,NAVY Classic,Jacob Kettler (George Mason),Anthony Vizcarrondo (West Virginia),Jacob Kettler,Dec 3-2,Dec 7-1,Dec 3-2 | Dec 7-1
2015,added,12/06/2014,Las Vegas Invitational,Wesley Bernard (Rutgers),David Ng (Harvard),David Ng,Dec 6-1,Dec 8-1,Dec 6-1 | Dec 8-1
2015,added,03/08/2015,Big Ten Championships,Spencer Myers (Maryland),Brooks Black (Illinois),Spencer Myers,Dec 3-2,Dec 3-2,Dec 3-2 | Dec 3-2
2015,added,12/13/2014,UNI Open,Jake Johnson (Northern Iowa),Jon Scanlan (Iowa State),Jon Scanlan,Dec 2-1,Dec 5-3,Dec 2-1 | Dec 5-3
2015,added,11/08/2014,Brockport/Oklahoma Invitational,Ross Larson (Oklahoma),Mimmo Lytle (Kent State),Ross Larson,Dec 5-4,Dec 8-1,Dec 5-4 | Dec 8-1
2015,added,12/07/2014,Nittany Lion Open,Dan Garwood (Virginia Tech),Mike Kosoy (North Carolina State),Dan Garwood,Dec 4-2,Dec 3-2,Dec 3-2 | Dec 4-2
2015,added,11/16/2014,Roadrunner,Tyler Kral (Purdue),Nate Keeve (Oregon State),Nate Keeve,Dec 8-6,Dec 3-2,Dec 3-2 | Dec 8-6
2015,added,11/23/2014,Keystone Classic,Josh Marchok (Stanford),Greg Velasco (Rider),Josh Marchok,TB-2 4-3,Dec 3-2,Dec 3-2 | TB-2 4-3
2016,added,12/05/2015,34th Annual Cliff Keen Las Vegas Collegiate Wrestling Invitational,Trey Andrews (Northern Colorado),David Terao (American),David Terao,MD 19-10,MD 21-9,MD 19-10 | MD 21-9
2016,added,12/06/2015,Nittany Lion Open,Joshua Krammer (Arizona State),Luis Gonzalez (Rutgers),Joshua Krammer,Dec 11-9,Dec 9-5,Dec 11-9 | Dec 9-5
2016,added,12/20/2015,Reno Tournament of Champions,Chasen Tolbert (Utah Valley University),Mikel Perales (Arizona State),Chasen Tolbert,TF 16-0 0:00,TF 0-0 2:58,TF 0-0 2:58 | TF 16-0 0:00
2016,added,11/08/2015,Jonathan Kaloust Bearcat Open,Kenny Yanovich (Penn State),Steven Bulzomi (Binghamton University),Kenny Yanovich,Dec 6-0,Dec 6-4,Dec 6-0 | Dec 6-4
2016,added,12/20/2015,Reno Tournament of Champions,Joshua Rodriguez (North Dakota State University),Brent Fleetwood (Central Michigan),Joshua Rodriguez,Dec 4-2,Dec 6-3,Dec 4-2 | Dec 6-3
2016,added,03/06/2016,EIWA Championships,Dalton Macri (Cornell),Zachary Fuentes (Drexel),Zachary Fuentes,SV-1 4-2,Dec 7-2,Dec 7-2 | SV-1 4-2
2016,added,01/02/2016,Southern Scuffle,Darian Cruz (Lehigh),Austin Assad (Michigan),Darian Cruz,MD 10-2,MD 16-3,MD 10-2 | MD 16-3
2016,added,12/05/2015,34th Annual Cliff Keen Las Vegas Collegiate Wrestling Invitational,Joshua Rodriguez (North Dakota State University),Conor Youtsey (Michigan),Joshua Rodriguez,TB-2 (RT) 0-0,TB-1 2-1,TB-1 2-1 | TB-2 (RT) 0-0
2016,added,01/09/2016,UVU Open,Tyler Scott (Utah Valley University),Drake Foster (Wyoming),Drake Foster,Dec 8-5,Dec 6-3,Dec 6-3 | Dec 8-5
2016,added,03/05/2016,National Collegiate Open,Kyle Lukowich (Kent State),Carter Ballinger (Central Michigan),Carter Ballinger,Dec 6-4,Dec 5-2,Dec 5-2 | Dec 6-4
2016,added,03/05/2016,EWL Tournament,Evan Cheek (Cleveland State),Vince Rodriguez (George Mason),Evan Cheek,Dec 4-2,Dec 3-0,Dec 3-0 | Dec 4-2
2016,added,11/01/2015,Clarion Open,Micheal Kostandaras (Cleveland State),Korbin Myers (Edinboro),Micheal Kostandaras,Dec 6-5,Dec 3-2,Dec 3-2 | Dec 6-5
2016,added,11/01/2015,Clarion Open,Micheal Kostandaras (Cleveland State),Brandon James (Old Dominion),Brandon James,MD 11-0,MD 11-1,MD 11-0 | MD 11-1
2016,added,12/05/2015,34th Annual Cliff Keen Las Vegas Collegiate Wrestling Invitational,Angelo Amenta (Columbia),Luke Welch (Purdue),Angelo Amenta,TB-1 3-2,TB-2 (RT) 0-0,TB-1 3-2 | TB-2 (RT) 0-0
2016,added,12/30/2015,Midlands,Dominick Malone (Northwestern),Anthony Giraldo (Rutgers),Anthony Giraldo,Dec 8-7,Dec 3-2,Dec 3-2 | Dec 8-7
2016,added,01/16/2016,Shorty Hitchcock Memorial Open,Ryan Friedman (Harvard),Jaquan Loney (Old Dominion),Jaquan Loney,Dec 11-4,Dec 6-4,Dec 11-4 | Dec 6-4
2016,added,03/06/2016,2016 Big Ten Wrestling Championships,Jordan Conaway (Penn State),Bradley Taylor (Wisconsin),Bradley Taylor,Dec 5-4,Dec 10-5,Dec 10-5 | Dec 5-4
2016,added,11/08/2015,Hokie Open,Kevin Norstrem (Virginia Tech),Mason Pengilly (Stanford),Kevin Norstrem,Dec 6-3,TB-2 6-3,Dec 6-3 | TB-2 6-3
2016,added,02/06/2016,Messiah Open,Michael Sprague (American),Triston Law (Penn State),Michael Sprague,Dec 3-1,Dec 4-3,Dec 3-1 | Dec 4-3
2016,added,12/05/2015,34th Annual Cliff Keen Las Vegas Collegiate Wrestling Invitational,Solomon Chishko (Virginia Tech),Tyler Smith (Bucknell),Solomon Chishko,Dec 10-3,Dec 11-5,Dec 10-3 | Dec 11-5
2016,added,12/20/2015,Reno Tournament of Champions,Cole Weaver (Indiana),Zachary Horan (Central Michigan),Zachary Horan,TB-2 (RT) 0-0,TB-2 2-1,TB-2 (RT) 0-0 | TB-2 2-1
2016,added,03/05/2016,2016 SoCon Wrestling Championship,Ryan Hull (Gardner-Webb),Tyler Buckiso (The Citadel),Tyler Buckiso,Dec 10-3,Dec 15-8,Dec 10-3 | Dec 15-8
2016,added,11/22/2015,Keystone Classic,Cole Weaver (Indiana),AJ Vindici (Pennsylvania),AJ Vindici,Dec 8-2,SV-1 5-3,Dec 8-2 | SV-1 5-3
2016,added,11/15/2015,Harold Nichols Cyclone Open,John Meeks (Iowa State),Jake Koethe (Northern Iowa),Jake Koethe,Dec 6-5,Dec 8-5,Dec 6-5 | Dec 8-5
2016,added,11/01/2015,Clarion Open,Tanner Stephens (Old Dominion),Chance Driscoll (Kent State),Chance Driscoll,TF 18-3 6:57,TF 0-0 6:57,TF 0-0 6:57 | TF 18-3 6:57
2016,added,12/05/2015,34th Annual Cliff Keen Las Vegas Collegiate Wrestling Invitational,Chance Driscoll (Kent State),George Fisher (Michigan),George Fisher,Dec 14-7,Dec 13-8,Dec 13-8 | Dec 14-7
2016,added,11/22/2015,Mat-Town Open,Samuel Krivus (Virginia),Joe Ghione (Lock Haven),Samuel Krivus,Dec 3-1,Dec 7-0,Dec 3-1 | Dec 7-0
2016,added,12/05/2015,34th Annual Cliff Keen Las Vegas Collegiate Wrestling Invitational,Matt Manley (Missouri),Thomas Thorn (Minnesota),Thomas Thorn,Dec 11-5,Dec 6-5,Dec 11-5 | Dec 6-5
2016,added,12/05/2015,34th Annual Cliff Keen Las Vegas Collegiate Wrestling Invitational,Michael Espinoza (Northern Colorado),Trevor Jauch (Northern Iowa),Trevor Jauch,Dec 6-2,Dec 8-2,Dec 6-2 | Dec 8-2
2016,added,11/08/2015,USA OK Outlaw Collegiate Tournament,Dusty Hone (Oklahoma State),Trae Blackwell (Oklahoma),Dusty Hone,Dec 5-2,Dec 6-2,Dec 5-2 | Dec 6-2
2016,added,11/21/2015,Joe Parisi Open,Anthony DeAngelo (West Virginia),Tristan Moran (Oklahoma State),Tristan Moran,Dec 10-3,Dec 5-2,Dec 10-3 | Dec 5-2
2016,added,11/07/2015,Cowboy Open,Kyle Rodriguez (Northern Colorado),Travis Himmelman (Boise State),Travis Himmelman,TF 16-0 5:30,TF 0-0 5:30,TF 0-0 5:30 | TF 16-0 5:30
2016,added,03/06/2016,EIWA Championships,Laike Gardner (Lehigh),Victor Lopez (Bucknell),Victor Lopez,SV-1 5-3,TB-2 (RT) 6-5,SV-1 5-3 | TB-2 (RT) 6-5
2016,added,11/15/2015,Michigan State Open,Collin Boylan (Bucknell),Mason Smith (Central Michigan),Collin Boylan,Dec 6-4,Dec 6-3,Dec 6-3 | Dec 6-4
2016,added,12/20/2015,Reno Tournament of Champions,Zane Knight (Campbell),Justin Oliver (Central Michigan),Justin Oliver,TF 20-4 4:30,TF 0-0 4:30,TF 0-0 4:30 | TF 20-4 4:30
2016,added,01/02/2016,Southern Scuffle,Justin Oliver (Central Michigan),Matthew Cimato (Drexel),Justin Oliver,Dec 5-2,Dec 11-5,Dec 11-5 | Dec 5-2
2016,added,12/12/2015,Cleveland State Open,Grant Turnmire (Cleveland State),Zach Wilson (Ohio),Zach Wilson,Dec 11-4,Dec 5-4,Dec 11-4 | Dec 5-4
2016,added,11/08/2015,Jonathan Kaloust Bearcat Open,Drew Longo (Lehigh),Joseph Galasso (Cornell),Joseph Galasso,SV-1 7-5,Dec 7-2,Dec 7-2 | SV-1 7-5
2016,added,12/12/2015,Cleveland State Open,Kyle Hammond (Lock Haven),Jensen Lorea (Edinboro),Jensen Lorea,Dec 4-3,Dec 3-2,Dec 3-2 | Dec 4-3
2016,added,12/29/2015,LHU Tournament,Kyle Krasavage (Hofstra),Luke Blanton (Indiana),Luke Blanton,Dec 9-4,Dec 6-4,Dec 6-4 | Dec 9-4
2016,added,03/06/2016,2016 Big Ten Wrestling Championships,Tyson Dippery (Rutgers),Alec Pantaleo (Michigan),Alec Pantaleo,Dec 4-1,Dec 6-2,Dec 4-1 | Dec 6-2
2016,added,03/06/2016,2016 Big Ten Wrestling Championships,Jason Tsirtsis (Northwestern),Alec Pantaleo (Michigan),Alec Pantaleo,Dec 8-4,Dec 3-2,Dec 3-2 | Dec 8-4
2016,added,12/05/2015,Buena Vista Open,Miles Patton (Minnesota),Peter Stewart (Northern Iowa),Miles Patton,Dec 3-2,Dec 7-6,Dec 3-2 | Dec 7-6
2016,added,03/19/2016,2016 NCAA Division I Championships,Lavion Mayes (Missouri),Anthony Collica (Oklahoma State),Lavion Mayes,Dec 3-2,Dec 3-2,Dec 3-2 | Dec 3-2
2016,added,11/21/2015,Navy Classic,Rylan Lubeck (Wisconsin),Corey Wilding (Navy),Corey Wilding,Dec 8-4,Dec 3-0,Dec 3-0 | Dec 8-4
2016,added,01/17/2016,Purple Raider Open,Kade Kowalski (Ohio),Nate Limmex (Purdue),Kade Kowalski,Dec 4-1,Dec 5-2,Dec 4-1 | Dec 5-2
2016,added,12/20/2015,Reno Tournament of Champions,Matthew Frisch (The Citadel),Jake Elliott (Wyoming),Matthew Frisch,Dec 9-4,Dec 5-4,Dec 5-4 | Dec 9-4
2016,added,11/21/2015,Joe Parisi Open,Carver James (Illinois),Joey Gunther (Iowa),Carver James,Dec 3-1,Dec 5-2,Dec 3-1 | Dec 5-2
2016,added,11/07/2015,Cowboy Open,Zachary Stepan (Air Force),Chris Castillo (Boise State),Zachary Stepan,Dec 6-5,Dec 0-0,Dec 0-0 | Dec 6-5
2016,added,12/05/2015,PSAC Championships,Brendon Colbert (Bloomsburg),Spencer Nagy (Edinboro),Spencer Nagy,Dec 5-2,Dec 4-1,Dec 4-1 | Dec 5-2
2016,added,12/20/2015,Reno Tournament of Champions,LeRoy Barnes (Missouri),Luke Smith (Central Michigan),Luke Smith,Dec 7-0,Dec 4-2,Dec 4-2 | Dec 7-0
2016,added,12/06/2015,Nittany Lion Open,Ian Brown (Lehigh),Taylor Simaz (Cornell),Ian Brown,Fall 2:03,Fall 1:55,Fall 1:55 | Fall 2:03
2016,added,11/22/2015,Wolfpack Open,Justin Alexander (Maryland),Connor Bass (Duke),Connor Bass,Dec 6-5,Dec 9-3,Dec 6-5 | Dec 9-3
2016,added,11/01/2015,Clarion Open,Cameron Harrell (Virginia),Spencer Nagy (Edinboro),Cameron Harrell,Dec 5-3,Dec 6-4,Dec 5-3 | Dec 6-4
2016,added,12/12/2015,Cleveland State Open,Kyle Ash (Gardner-Webb),Austin Eads (Old Dominion),Kyle Ash,TB-1 4-3,Dec 8-3,Dec 8-3 | TB-1 4-3
2016,added,12/30/2015,Midlands,Gregory Flournoy (George Mason),Chad Walsh (Rider),Chad Walsh,Dec 4-1,Dec 4-2,Dec 4-1 | Dec 4-2
2016,added,11/21/2015,Joe Parisi Open,Phyllip DeLoach (Missouri),Nick Gasbarro (Illinois),Phyllip DeLoach,Dec 6-5,Dec 6-2,Dec 6-2 | Dec 6-5
2016,added,01/30/2016,All Academy Championships,Neal Richards (Vmi),Drew Daniels (Navy),Neal Richards,Dec 7-2,Dec 2-1,Dec 2-1 | Dec 7-2
2016,added,03/06/2016,Big 12 Wrestling Championships,Eleazar De Luca (Northern Colorado),Dylan Cottrell (West Virginia),Dylan Cottrell,Dec 6-0,Dec 2-1,Dec 2-1 | Dec 6-0
2016,added,11/07/2015,Cowboy Open,Noah Irons (Air Force),Taylor West (Boise State),Taylor West,SV-1 (Fall) 7:44,Fall 7:44,Fall 7:44 | SV-1 (Fall) 7:44
2016,added,11/22/2015,Wolfpack Open,Christian Maroni (Gardner-Webb),Brad Mutchnik (American),Brad Mutchnik,SV-1 0-0,Dec 4-2,Dec 4-2 | SV-1 0-0
2016,added,12/30/2015,Midlands,Mitchell Wightman (American),Austin Wilson (Nebraska),Mitchell Wightman,Dec 8-3,Dec 6-2,Dec 6-2 | Dec 8-3
2016,added,03/06/2016,EIWA Championships,Mitchell Wightman (American),Andrew Mendel (Army),Andrew Mendel,SV-1 3-1,Dec 3-2,Dec 3-2 | SV-1 3-1
2016,added,11/08/2015,Jonathan Kaloust Bearcat Open,Paul Dunn (Lehigh),anthony deprez (Binghamton University),anthony deprez,Dec 6-2,Dec 8-5,Dec 6-2 | Dec 8-5
2016,added,12/30/2015,Dave Lehman/F&M Open,Ebed Jarrell (Drexel),Jonathan Viruet (Brown),Jonathan Viruet,Dec 5-2,Dec 9-3,Dec 5-2 | Dec 9-3
2016,added,12/30/2015,Dave Lehman/F&M Open,Chase Gallik (Lehigh),Christian LaBrie (Brown),Christian LaBrie,MD 15-3,MD 22-8,MD 15-3 | MD 22-8
2016,added,11/15/2015,ESU Open,Rrok Ndokaj (Buffalo),Richard Muniz (Brown),Richard Muniz,Dec 5-3,Dec 7-5,Dec 5-3 | Dec 7-5
2016,added,12/30/2015,Midlands,Connor Brennan (Rider),Adam Fierro (CSU Bakersfield),Connor Brennan,Dec 3-2,Dec 5-2,Dec 3-2 | Dec 5-2
2016,added,03/05/2016,2016 SoCon Wrestling Championship,Paul Duggan (Campbell),Shabaka Johns (Vmi),Paul Duggan,MD 8-0,MD 8-0,MD 8-0
2016,added,12/20/2015,Reno Tournament of Champions,Jordan Wohlfert (Central Michigan),Chaz Polson (Wyoming),Jordan Wohlfert,TF 0-0 5:00,TF 18-2 5:00,TF 0-0 5:00 | TF 18-2 5:00
2016,added,03/05/2016,EWL Tournament,Patrick Davis (George Mason),Evan Delong (Clarion),Evan Delong,Dec 1-0,Dec 5-1,Dec 1-0 | Dec 5-1
2016,added,11/22/2015,Keystone Classic,Shabaka Johns (Vmi),Austin Rose (Drexel),Austin Rose,Dec 3-1,Dec 10-4,Dec 10-4 | Dec 3-1
2016,added,12/29/2015,LHU Tournament,Patrick Davis (George Mason),Cody Cordes (Lock Haven),Cody Cordes,Dec 6-0,Dec 7-5,Dec 6-0 | Dec 7-5
2016,added,03/06/2016,2016 Big Ten Wrestling Championships,Steven Rodrigues (Illinois),Austin Wilson (Nebraska),Steven Rodrigues,Dec 4-2,Dec 3-1,Dec 3-1 | Dec 4-2
2016,added,03/19/2016,2016 NCAA Division I Championships,Austin Wilson (Nebraska),Anthony Perrotti (Rutgers),Austin Wilson,Dec 4-2,Dec 4-1,Dec 4-1 | Dec 4-2
2016,added,03/19/2016,2016 NCAA Division I Championships,David McFadden (Virginia Tech),Bo Jordan (Ohio State),Bo Jordan,Dec 8-2,Dec 8-3,Dec 8-2 | Dec 8-3
2016,added,03/06/2016,2016 ACC Championships,David McFadden (Virginia Tech),Cody Wiercioch (Pittsburgh),David McFadden,Dec 4-2,Dec 6-3,Dec 4-2 | Dec 6-3
2016,added,11/22/2015,Mat-Town Open,Garrett Peppelman (Virginia),Jordan Pagano (Rutgers),Garrett Peppelman,Dec 4-3,Dec 11-7,Dec 11-7 | Dec 4-3
2016,added,11/07/2015,Cowboy Open,Adam Jackson (Air Force),Austin Dewey (Boise State),Adam Jackson,SV-1 0-0,SV-1 3-1,SV-1 0-0 | SV-1 3-1
2016,added,12/17/2015,vs. CSU Bakersfield,Keaton Subjeck (Stanford),Bryce Hammond (CSU Bakersfield),Bryce Hammond,SV-1 12-8,Dec 10-8,Dec 10-8 | SV-1 12-8
2016,added,12/20/2015,Reno Tournament of Champions,Michael Ottinger (Central Michigan),Dylan Wisman (Missouri),Michael Ottinger,SV-1 0-0,SV-1 7-5,SV-1 0-0 | SV-1 7-5
2016,added,12/20/2015,Reno Tournament of Champions,Ben Stroh (Wyoming),Michael Ottinger (Central Michigan),Michael Ottinger,SV-1 0-0,SV-1 8-6,SV-1 0-0 | SV-1 8-6
2016,added,01/02/2016,Southern Scuffle,Ross Renzi (West Virginia),Michael Ottinger (Central Michigan),Michael Ottinger,SV-2 4-2,Dec 2-1,Dec 2-1 | SV-2 4-2
2016,added,01/22/2016,vs. Clarion,Gabe Stark (Cleveland State),Michael Pavasko (Clarion),Michael Pavasko,SV-1 7-5,Dec 7-5,Dec 7-5 | SV-1 7-5
2016,added,11/22/2015,Keystone Classic,Josef Johnson (Harvard),Jacob Davis (Eastern Michigan),Josef Johnson,SV-1 5-3,Dec 6-1,Dec 6-1 | SV-1 5-3
2016,added,03/05/2016,EWL Tournament,Ryan Forrest (George Mason),Patrick Jennings (Edinboro),Ryan Forrest,Dec 5-3,Dec 3-2,Dec 3-2 | Dec 5-3
2016,added,03/06/2016,2016 Big Ten Wrestling Championships,Nathan Jackson (Indiana),Myles Martin (Ohio State),Myles Martin,Dec 7-5,Dec 8-2,Dec 7-5 | Dec 8-2
2016,added,12/05/2015,34th Annual Cliff Keen Las Vegas Collegiate Wrestling Invitational,Davonte Mahomes (Michigan),Matt Reed (Oklahoma),Davonte Mahomes,SV-1 0-0,SV-1 6-4,SV-1 0-0 | SV-1 6-4
2016,added,11/01/2015,Daktronics Open,Jaquon Sowell (Nebraska),Nicholas Wanzek (Minnesota),Nicholas Wanzek,Dec 3-0,Dec 7-0,Dec 3-0 | Dec 7-0
2016,added,12/20/2015,Reno Tournament of Champions,Keaton Subjeck (Stanford),Dylan Wisman (Missouri),Keaton Subjeck,TF 22-7 0:00,TF 0-0 6:45,TF 0-0 6:45 | TF 22-7 0:00
2016,added,03/06/2016,2016 ACC Championships,Nicky Hall (North Carolina State),Tyler Askey (Virginia),Tyler Askey,Dec 5-3,Dec 4-1,Dec 4-1 | Dec 5-3
2016,added,03/19/2016,2016 NCAA Division I Championships,Zach Epperly (Virginia Tech),Casey Kent (Pennsylvania),Zach Epperly,Dec 8-4,Dec 3-2,Dec 3-2 | Dec 8-4
2016,added,11/07/2015,Eastern Michigan Open,Xavier Montalvo (Illinois),Jordan Ellingwood (Central Michigan),Jordan Ellingwood,Dec 2-1,Dec 3-1,Dec 2-1 | Dec 3-1
2016,added,01/30/2016,All Academy Championships,Sawyer Root (The Citadel),William Baker (Air Force),Sawyer Root,TB-1 5-2,Dec 5-2,Dec 5-2 | TB-1 5-2
2016,added,02/27/2016,Pac-12 Championships,Mitchell Woods (Cal Poly),Zack Coffman (Boise State),Mitchell Woods,Dec 5-3,Dec 8-6,Dec 5-3 | Dec 8-6
2016,added,11/01/2015,SFSU JC/College Open,Mark Penyacsek (CSU Bakersfield),Jeff Sanchez (Cal Poly),Mark Penyacsek,SV-1 0-8,Dec 7-4,Dec 7-4 | SV-1 0-8
2016,added,11/07/2015,Eastern Michigan Open,Nick Corba (Cleveland State),Charles Keenan (Kent State),Nick Corba,SV-1 3-1,Dec 5-1,Dec 5-1 | SV-1 3-1
2016,added,01/17/2016,Purple Raider Open,Jacob Worthington (Cleveland State),Jonathan Morales (Purdue),Jonathan Morales,Dec 6-2,Dec 7-1,Dec 6-2 | Dec 7-1
2016,added,03/05/2016,National Collegiate Open,Wesley Maskill (Michigan State),Alexander DeCiantis (Drexel),Wesley Maskill,Dec 12-7,Dec 4-1,Dec 12-7 | Dec 4-1
2016,added,11/22/2015,Keystone Classic,Michale Fagg-Daves (Rider),Stephen Loiseau (Drexel),Stephen Loiseau,Dec 4-2,Dec 3-2,Dec 3-2 | Dec 4-2
2016,added,03/06/2016,2016 Big Ten Wrestling Championships,Matt McCutcheon (Penn State),Jeffrey Koepke (Illinois),Matt McCutcheon,Dec 3-1,Dec 6-2,Dec 3-1 | Dec 6-2
2016,added,12/30/2015,Midlands,Hayden Zillmer (North Dakota State University),Sammy Brooks (Iowa),Hayden Zillmer,Dec 9-5,Dec 5-2,Dec 5-2 | Dec 9-5
2016,added,12/05/2015,34th Annual Cliff Keen Las Vegas Collegiate Wrestling Invitational,Dane Pestano (Iowa State),Cody Caldwell (Northern Iowa),Dane Pestano,SV-1 8-6,SV-1 0-0,SV-1 0-0 | SV-1 8-6
2016,added,11/21/2015,Navy Classic,Ryan Christensen (Wisconsin),Cole Baxter (Kent State),Cole Baxter,SV-1 2-0,Dec 6-2,Dec 6-2 | SV-1 2-0
2016,added,11/22/2015,Mat-Town Open,Devon Van Cura (Penn State),Tristan Sponseller (Lock Haven),Devon Van Cura,Dec 5-3,Dec 9-7,Dec 5-3 | Dec 9-7
2016,added,11/21/2015,Finn Grinaker Open,William Balow (Minnesota),Cody Caldwell (Northern Iowa),Cody Caldwell,Dec 10-7,Dec 6-2,Dec 10-7 | Dec 6-2
2016,added,01/30/2016,Duhawk Open,Mason Reinhardt (Wisconsin),William Balow (Minnesota),Mason Reinhardt,Dec 10-3,SV-1 3-1,Dec 10-3 | SV-1 3-1
2016,added,12/12/2015,UNI Open,Jake Godinez (Southern Illinois Edwardsville),Adam Drain (Northern Iowa),Adam Drain,Dec 3-2,Dec 7-1,Dec 3-2 | Dec 7-1
2016,added,11/08/2015,USA OK Outlaw Collegiate Tournament,Landry Chappell (Oklahoma State),lance dixon (Oklahoma),lance dixon,Dec 8-2,Dec 4-3,Dec 4-3 | Dec 8-2
2016,added,03/05/2016,National Collegiate Open,Brett Dempsey (American),Scott Marmoll (North Carolina),Brett Dempsey,Dec 6-2,Dec 5-3,Dec 5-3 | Dec 6-2
2016,added,12/29/2015,LHU Tournament,mark tracy (Binghamton University),Nick Bonaccorsi (Pittsburgh),Nick Bonaccorsi,Fall 2:03,Fall 1:46,Fall 1:46 | Fall 2:03
2016,added,03/06/2016,Mid American Conference Tournament,Kyle Conel (Kent State),James Benjamin (Buffalo),Kyle Conel,Dec 3-2,Dec 9-6,Dec 3-2 | Dec 9-6
2016,added,12/05/2015,34th Annual Cliff Keen Las Vegas Collegiate Wrestling Invitational,Jacob A. Smith (West Virginia),Reuben Franklin (CSU Bakersfield),Reuben Franklin,Dec 6-1,Dec 2-1,Dec 2-1 | Dec 6-1
2016,added,11/21/2015,Navy Classic,Willie Bivens (Campbell),Michael Woulfe (Navy),Michael Woulfe,Fall 4:24,Fall 3:20,Fall 3:20 | Fall 4:24
2016,added,12/20/2015,Reno Tournament of Champions,Jackson Lewis (Central Michigan),Brandon Tribble (Wyoming),Jackson Lewis,Dec 7-5,Dec 7-4,Dec 7-4 | Dec 7-5
2016,added,11/22/2015,NYS Intercollegiate Championships,Mike Oxley (Hofstra),Robert Incorvaia (Cornell),Mike Oxley,Fall 1:14,Fall 2:15,Fall 1:14 | Fall 2:15
2016,added,03/06/2016,Mid American Conference Tournament,Shawn Scott (Northern Illinois),Anthony Abro (Eastern Michigan),Shawn Scott,SV-1 3-1,Dec 4-3,Dec 4-3 | SV-1 3-1
2016,added,11/07/2015,vs. Rider,Derek Thomas (Utah Valley University),Ryan Wolfe (Rider),Derek Thomas,SV-1 3-1,Dec 3-1,Dec 3-1 | SV-1 3-1
2016,added,11/07/2015,Cowboy Open,Tanner Orndorff (Utah Valley University),Cody Vigoren (Wyoming),Cody Vigoren,Dec 6-4,Dec 7-3,Dec 6-4 | Dec 7-3
2016,added,12/05/2015,34th Annual Cliff Keen Las Vegas Collegiate Wrestling Invitational,Mike Hughes (Hofstra),Marcus Malecek (Air Force),Mike Hughes,Dec 3-1,SV-1 0-0,Dec 3-1 | SV-1 0-0
2016,added,12/05/2015,34th Annual Cliff Keen Las Vegas Collegiate Wrestling Invitational,Gaylen Edmo (Boise State),Tyler Kral (Purdue),Tyler Kral,SV-2 4-2,SV-1 0-0,SV-1 0-0 | SV-2 4-2
2016,added,03/05/2016,2016 SoCon Wrestling Championship,Boyce Cornwell (Gardner-Webb),Jere Heino (Campbell),Boyce Cornwell,Dec 4-3,Dec 3-1,Dec 3-1 | Dec 4-3
2016,added,11/15/2015,Michigan State Open,Brock Horwath (Wisconsin),Adam Robinson (Central Michigan),Adam Robinson,TB-1 3-2,TB-3 4-2,TB-1 3-2 | TB-3 4-2
2016,added,01/02/2016,Southern Scuffle,Max Wessell (Lehigh),Riley Shaw (Cleveland State),Max Wessell,Dec 4-1,Dec 5-2,Dec 4-1 | Dec 5-2
2016,added,03/06/2016,Mid American Conference Tournament,Devin Nye (Kent State),Gage Hutchison (Eastern Michigan),Devin Nye,Fall 3:33,Fall 3:51,Fall 3:33 | Fall 3:51
2016,added,01/02/2016,Southern Scuffle,Nathan Butler (Stanford),William Miller (Edinboro),Nathan Butler,Dec 7-2,Dec 3-1,Dec 3-1 | Dec 7-2
2016,added,12/06/2015,Nittany Lion Open,Mike Kosoy (North Carolina State),Devin Nye (Kent State),Mike Kosoy,Dec 9-4,Dec 5-2,Dec 5-2 | Dec 9-4
2016,added,12/05/2015,34th Annual Cliff Keen Las Vegas Collegiate Wrestling Invitational,Stephen Suglio (Kent State),Tyler Kral (Purdue),Tyler Kral,SV-1 4-2,SV-1 0-0,SV-1 0-0 | SV-1 4-2
2016,added,12/06/2015,Nittany Lion Open,Christian Colucci (Lehigh),Austin Myers (West Virginia),Christian Colucci,Dec 4-3,Dec 3-1,Dec 3-1 | Dec 4-3
2016,added,12/30/2015,Midlands,Billy Smith (Rutgers),Dawson Peck (Maryland),Billy Smith,Dec 5-0,Dec 8-2,Dec 5-0 | Dec 8-2
2016,added,12/05/2015,34th Annual Cliff Keen Las Vegas Collegiate Wrestling Invitational,Patrick Gillen (Virginia),Kenneth Hayden (Michigan),Patrick Gillen,TF 0-0 5:42,TF 17-1 5:42,TF 0-0 5:42 | TF 17-1 5:42
2016,added,03/06/2016,2016 Big Ten Wrestling Championships,Billy Smith (Rutgers),Michael Kroells (Minnesota),Michael Kroells,TB-1 4-1,Dec 3-3,Dec 3-3 | TB-1 4-1
2017,added,11/05/2016,Cowboy Open,Drew Romero (Air Force),Drake Foster (Wyoming),Drew Romero,Dec 5-2,Dec 4-2,Dec 4-2 | Dec 5-2
2017,added,11/13/2016,Northern Colorado Open,Trey Andrews (Northern Colorado),Alec Opsal (Air Force),Alec Opsal,Fall 2:57,Fall 4:12,Fall 2:57 | Fall 4:12
2017,added,02/04/2017,Edinboro Open,Drew Hildebrandt (Central Michigan),Derek Spann (Buffalo),Drew Hildebrandt,Dec 5-1,Dec 4-0,Dec 4-0 | Dec 5-1
2017,added,01/28/2017,Appalachian Open,Sean Fausz (North Carolina State),Burton Aaron (Campbell),Sean Fausz,TF 17-1 3:45,TF 0-1 0:00,TF 0-1 0:00 | TF 17-1 3:45
2017,added,11/20/2016,Keystone Classic,Zachary Fuentes (Drexel),Lorenzo Bentley (Pittsburgh),Lorenzo Bentley,Dec 3-2,Dec 5-4,Dec 3-2 | Dec 5-4
2017,added,02/05/2017,Mat-Town Open II,Matteo DeVincenzo (Princeton),Ibrahim Bunduka (George Mason),Ibrahim Bunduka,MD 13-4,MD 12-3,MD 12-3 | MD 13-4
2017,added,03/05/2017,2017 Big Ten Wrestling Championships,Conor Youtsey (Michigan),Travis Piotrowski (Illinois),Travis Piotrowski,Dec 1-0,SV-1 10-8,Dec 1-0 | SV-1 10-8
2017,added,11/13/2016,Journeymen Collegiate Classic,Skyler Petry (Minnesota),Darian Cruz (Lehigh),Darian Cruz,Fall 3:50,Fall 3:15,Fall 3:15 | Fall 3:50
2017,added,01/21/2017,Alma Open,Julian Saldaña (Michigan State),Trevor Giallombardo (Ohio),Julian Saldaña,Dec 8-6,Dec 3-2,Dec 3-2 | Dec 8-6
2017,added,01/02/2017,Southern Scuffle,Korbin Myers (Edinboro),Colby Smith (Appalachian State),Colby Smith,Dec 5-3,Dec 7-4,Dec 5-3 | Dec 7-4
2017,added,03/04/2017,EIWA Championships,Mark Grey (Cornell),Pat D`Arcy (Princeton),Mark Grey,Dec 3-1,Dec 8-3,Dec 3-1 | Dec 8-3
2017,added,03/04/2017,EIWA Championships,Mark Grey (Cornell),Vinny Vespa (Hofstra),Mark Grey,Fall 1:16,Fall 3:36,Fall 1:16 | Fall 3:36
2017,added,01/02/2017,Southern Scuffle,Kevin Devoy (Drexel),Josh Alber (Northern Iowa),Josh Alber,Dec 8-4,Dec 7-4,Dec 7-4 | Dec 8-4
2017,added,12/17/2016,Cleveland State Open,Philip Anderson (Gardner-Webb),Armando Torres (Eastern Michigan),Armando Torres,Dec 2-1,SV-1 2-0,Dec 2-1 | SV-1 2-0
2017,added,11/13/2016,Journeymen Collegiate Classic,Samuel Brancale (Minnesota),Dean Somers (Lehigh),Samuel Brancale,MD 15-2,MD 10-2,MD 10-2 | MD 15-2
2017,added,03/05/2017,2017 Big Ten Wrestling Championships,Billy Rappo (Maryland),Jason Ipsarides (Northwestern),Billy Rappo,MD 8-0,MD 12-3,MD 12-3 | MD 8-0
2017,added,11/20/2016,Wolfpack Open,Emilio Saavedra (Old Dominion),Joshua Giorgio (Air Force),Emilio Saavedra,Fall 2:07,Fall 2:03,Fall 2:03 | Fall 2:07
2017,added,12/03/2016,Las Vegas Invitational,Salvator Profaci (Michigan),John Twomey (Air Force),Salvator Profaci,Dec 7-2,Dec 9-2,Dec 7-2 | Dec 9-2
2017,added,01/29/2017,All Academy Championship,John Reed (Vmi),John Twomey (Air Force),John Twomey,Dec 6-2,Dec 9-4,Dec 6-2 | Dec 9-4
2017,added,11/06/2016,Southeast Open,Jack Mutchnik (American),Douglas Gudenburr (The Citadel),Jack Mutchnik,Dec 5-1,SV-1 2-1,Dec 5-1 | SV-1 2-1
2017,added,12/03/2016,Las Vegas Invitational,Jack Mutchnik (American),Colton Schilling (Cal Poly),Jack Mutchnik,TB-2 (RT) 3-2,Dec 3-2,Dec 3-2 | TB-2 (RT) 3-2
2017,added,12/29/2016,Lock Haven Classic,Jacob Nicholson (Binghamton University),Ryan Peters (Buffalo),Jacob Nicholson,Fall 4:56,Fall 1:16,Fall 1:16 | Fall 4:56
2017,added,12/17/2016,Cleveland State Open,Tyler Smith (Bucknell),Nick Zanetta (Pittsburgh),Tyler Smith,Dec 5-0,Dec 8-2,Dec 5-0 | Dec 8-2
2017,added,11/20/2016,2016 NYS Intercollegiate Championships,Griffin Higginbotham (Cornell),Ryan Peters (Buffalo),Griffin Higginbotham,Dec 2-0,Dec 8-2,Dec 2-0 | Dec 8-2
2017,added,11/20/2016,2016 NYS Intercollegiate Championships,Jp ascolese (Columbia),Charlie Kane (Hofstra),Charlie Kane,TF 18-2 4:40,Min-TF 18-2 0:00,Min-TF 18-2 0:00 | TF 18-2 4:40
2017,added,11/12/2016,Maryville Kaufman/Brand Open,Zach Synon (Missouri),Mousa Jodeh (Illinois),Zach Synon,Dec 1-0,Dec 2-0,Dec 1-0 | Dec 2-0
2017,added,01/02/2017,Southern Scuffle,Zach Synon (Missouri),Thomas Thorn (Minnesota),Thomas Thorn,Dec 6-0,Dec 5-3,Dec 5-3 | Dec 6-0
2017,added,03/05/2017,2017 Big Ten Wrestling Championships,Colton McCrystal (Nebraska),Luke Pletcher (Ohio State),Colton McCrystal,Dec 6-2,Dec 6-4,Dec 6-2 | Dec 6-4
2017,added,01/15/2017,Purple Raider Open,Austin Nash (Purdue),Frank Bruno (Ohio),Austin Nash,Dec 3-2,Dec 8-2,Dec 3-2 | Dec 8-2
2017,added,11/20/2016,Roadrunner Open,Jake Velarde (Boise State),Matthew Kelly (Army),Matthew Kelly,Dec 5-1,Dec 8-5,Dec 5-1 | Dec 8-5
2017,added,11/05/2016,Cowboy Open,Jake Velarde (Boise State),Benjamin Polkowske (Northern Colorado),Benjamin Polkowske,Dec 7-1,Dec 5-3,Dec 5-3 | Dec 7-1
2017,added,01/14/2017,`Shorty` Hitchcock Memorial Tournament,James Devine (Buffalo),David Pipa (Lehigh),David Pipa,Dec 13-8,Dec 13-9,Dec 13-8 | Dec 13-9
2017,added,12/03/2016,Las Vegas Invitational,Justin Oliver (Central Michigan),Cole Mendenhall (Wyoming),Justin Oliver,Dec 14-11,Dec 6-0,Dec 14-11 | Dec 6-0
2017,added,11/06/2016,Clarion Open,Mike Bartolo (Clarion),Patrick Duggan (Lock Haven),Mike Bartolo,Dec 3-1,Dec 6-5,Dec 3-1 | Dec 6-5
2017,added,11/13/2016,Jonathan Kaloust Bearcat Open,Jonathan Furnas (Cornell),Max Rogers (Princeton),Max Rogers,Dec 3-2,Dec 7-4,Dec 3-2 | Dec 7-4
2017,added,01/21/2017,Alma Open,Tyler Meisinger (Michigan),Zach Blevins (Eastern Michigan),Zach Blevins,Dec 6-4,SV-1 10-6,Dec 6-4 | SV-1 10-6
2017,added,03/18/2017,2017 NCAA Division I Championships,Micah Jordan (Ohio State),Brandon Sorensen (Iowa),Brandon Sorensen,Dec 4-0,Dec 3-0,Dec 3-0 | Dec 4-0
2017,added,11/13/2016,Journeymen Collegiate Classic,Gino Fluri (Rider),Jon Mele (Lehigh),Jon Mele,Dec 1-3,Dec 3-1,Dec 1-3 | Dec 3-1
2017,added,12/30/2016,Midlands Championships,Alfred Bannister (Maryland),Anthony Giraldo (Rutgers),Anthony Giraldo,Dec 4-3,TB-1 2-1,Dec 4-3 | TB-1 2-1
2017,added,12/22/2016,Wilkes Open,Adam Whitesell (Maryland),Jesse Rodgers (Rider),Jesse Rodgers,Fall 3:57,Fall 2:05,Fall 2:05 | Fall 3:57
2017,added,11/05/2016,Eastern Michigan Open,Jake Tucker (Michigan State),Ryan Deakin (Northwestern),Jake Tucker,Dec 4-1,Dec 4-2,Dec 4-1 | Dec 4-2
2017,added,11/13/2016,Harold Nichols Open,Jordan Shearer (Nebraska),Grant LaMont (Utah Valley University),Grant LaMont,Dec 10-8,Dec 12-6,Dec 10-8 | Dec 12-6
2017,added,02/05/2017,Greyhound Open,Nick Vestal (Ohio),Tyshawn Williams (Southern Illinois Edwardsville),Nick Vestal,Dec 13-7,Dec 5-3,Dec 13-7 | Dec 5-3
2017,added,02/26/2017,Pac 12 Wrestling Championships,Dakota Wall (Boise State),Ryerson Dempsey (Stanford),Ryerson Dempsey,Dec 10-5,Dec 10-4,Dec 10-4 | Dec 10-5
2017,added,11/27/2016,Mat-Town Open,Taylor Cahill (Clarion),Alex Smythe (Buffalo),Taylor Cahill,Dec 3-2,Dec 10-4,Dec 10-4 | Dec 3-2
2017,added,11/20/2016,2016 NYS Intercollegiate Championships,Tyler Zimmer (Columbia),Kyle Simaz (Cornell),Tyler Zimmer,Dec 14-7,Dec 5-2,Dec 14-7 | Dec 5-2
2017,added,12/29/2016,Lock Haven Classic,Emmett LiCastri (Franklin & Marshall),Ricky Stamm (Hofstra),Ricky Stamm,Dec 10-4,Dec 2-1,Dec 10-4 | Dec 2-1
2017,added,12/17/2016,Cleveland State Open,Jake Tucker (Michigan State),Ryan Mosley (Gardner-Webb),Ryan Mosley,Dec 4-2,Dec 5-3,Dec 4-2 | Dec 5-3
2017,added,03/05/2017,2017 Big Ten Wrestling Championships,Brian Murphy (Michigan),Tyler Berger (Nebraska),Tyler Berger,Dec 5-2,SV-1 3-1,Dec 5-2 | SV-1 3-1
2017,added,11/19/2016,Navy Classic,Zachary Elvin (Navy),Aaron Walker (The Citadel),Aaron Walker,MD 17-7,MD 12-3,MD 12-3 | MD 17-7
2017,added,02/05/2017,Greyhound Open,Zach Wilson (Ohio),Carver James (Illinois),Carver James,Dec 8-2,SV-2 4-2,Dec 8-2 | SV-2 4-2
2017,added,01/02/2017,Southern Scuffle,Mitch Finesilver (Duke),Brandon Womack (Cornell),Brandon Womack,Fall 0:56,Fall 1:53,Fall 0:56 | Fall 1:53
2017,added,01/28/2017,Appalachian Open,Garrett Church (Appalachian State),Hayden Hidlay (North Carolina State),Hayden Hidlay,TF 17-0 0:00,TF 0-0 0:00,TF 0-0 0:00 | TF 17-0 0:00
2017,added,12/03/2016,Las Vegas Invitational,Anthony Valencia (Arizona State),Branson Ashworth (Wyoming),Anthony Valencia,Dec 7-4,Dec 5-2,Dec 5-2 | Dec 7-4
2017,added,12/29/2016,Lock Haven Classic,Derek Holcomb (Buffalo),Cael McCormick (Army),Cael McCormick,Dec 12-8,Dec 10-9,Dec 10-9 | Dec 12-8
2017,added,12/30/2016,Midlands Championships,Kaleb Young (Iowa),Lorenzo De La Riva (CSU Bakersfield),Kaleb Young,Dec 9-4,Dec 10-8,Dec 10-8 | Dec 9-4
2017,added,03/04/2017,EWL Championships,Evan Delong (Clarion),John Vaughn (Cleveland State),Evan Delong,Dec 3-2,Dec 8-1,Dec 3-2 | Dec 8-1
2017,added,11/06/2016,ESU OPEN,Rob King (Franklin & Marshall),Brett Donner (Rutgers),Rob King,Dec 3-2,Dec 5-0,Dec 3-2 | Dec 5-0
2017,added,12/03/2016,UNI Open,Connor Flynn (Missouri),Kaleb Young (Iowa),Connor Flynn,Dec 3-2,Dec 6-5,Dec 3-2 | Dec 6-5
2017,added,11/06/2016,Clarion Open,Isaac Bast (Kent State),Ray Bethea (Virginia),Isaac Bast,SV-1 8-6,Dec 6-1,Dec 6-1 | SV-1 8-6
2017,added,02/04/2017,Edinboro Open,Jordan Amine (Michigan),Ian Brown (Lehigh),Ian Brown,Dec 3-1,Dec 6-2,Dec 3-1 | Dec 6-2
2017,added,01/02/2017,Southern Scuffle,Nicholas Wanzek (Minnesota),Bryce Steiert (Northern Iowa),Bryce Steiert,Dec 5-3,Dec 6-4,Dec 5-3 | Dec 6-4
2017,added,12/10/2016,Husky Open,Nick Knutson (North Dakota State University),Garrett Jordan (South Dakota State),Nick Knutson,Dec 8-4,Dec 10-5,Dec 10-5 | Dec 8-4
2017,added,12/03/2016,Las Vegas Invitational,Zahid Valencia (Arizona State),Brian Realbuto (Cornell),Zahid Valencia,SV-1 3-1,Dec 3-2,Dec 3-2 | SV-1 3-1
2017,added,11/06/2016,Southeast Open,Andrew Morgan (Campbell),Jack Wedholm (Army),Andrew Morgan,Dec 9-5,Dec 9-2,Dec 9-2 | Dec 9-5
2017,added,11/20/2016,2016 NYS Intercollegiate Championships,Muhamed McBryde (Buffalo),Jack Wedholm (Army),Jack Wedholm,Dec 6-4,Dec 14-11,Dec 14-11 | Dec 6-4
2017,added,01/14/2017,`Shorty` Hitchcock Memorial Tournament,Ryan Kromer (Buffalo),Spencer Carey (Navy),Ryan Kromer,Dec 7-4,Dec 5-3,Dec 5-3 | Dec 7-4
2017,added,12/03/2016,Las Vegas Invitational,Christian Brucki (Central Michigan),Lelund Weatherspoon (Iowa State),Lelund Weatherspoon,Dec 10-3,Dec 5-1,Dec 10-3 | Dec 5-1
2017,added,02/05/2017,Mat-Town Open II,Donovan McAfee (Pittsburgh),Devon Pingel (Cleveland State),Devon Pingel,Dec 5-3,Dec 3-2,Dec 3-2 | Dec 5-3
2017,added,03/18/2017,2017 NCAA Division I Championships,Brian Realbuto (Cornell),Zach Brunson (Illinois),Brian Realbuto,Fall 1:15,Fall 1:12,Fall 1:12 | Fall 1:15
2017,added,11/20/2016,Keystone Classic,Josef Johnson (Harvard),Ebed Jarrell (Drexel),Josef Johnson,Dec 5-4,Dec 9-5,Dec 5-4 | Dec 9-5
2017,added,11/20/2016,Keystone Classic,Josef Johnson (Harvard),Jacob Davis (Eastern Michigan),Jacob Davis,Dec 4-3,Dec 6-0,Dec 4-3 | Dec 6-0
2017,added,12/03/2016,UNI Open,Canten Marriott (Missouri),Brandon Krone (Minnesota),Brandon Krone,Dec 2-0,Dec 9-2,Dec 2-0 | Dec 9-2
2017,added,02/04/2017,Edinboro Open,Canten Marriott (Missouri),Cody Hughes (Virginia Tech),Cody Hughes,SV-1 3-1,Dec 2-1,Dec 2-1 | SV-1 3-1
2017,added,11/20/2016,Wolfpack Open,Terrell Forbes (Old Dominion),Lance Armenta (North Carolina),Terrell Forbes,Dec 7-2,Dec 7-1,Dec 7-1 | Dec 7-2
2017,added,01/28/2017,Appalachian Open,Stacey Davis (North Carolina State),Cody Hughes (Virginia Tech),Cody Hughes,SV-1 4-0,SV-1 4-2,SV-1 4-0 | SV-1 4-2
2017,added,01/15/2017,Purple Raider Open,Joseph Terry (Ohio),Derick Ford (Purdue),Joseph Terry,Dec 12-8,Dec 9-6,Dec 12-8 | Dec 9-6
2017,added,11/27/2016,Mat-Town Open,Fox Baldwin (Virginia),Austin Bell (Pittsburgh),Fox Baldwin,Fall 5:14,Fall 0:58,Fall 0:58 | Fall 5:14
2017,added,03/18/2017,2017 NCAA Division I Championships,Kyle Crutchmer (Oklahoma State),Jake Residori (Southern Illinois Edwardsville),Kyle Crutchmer,Dec 9-4,Dec 6-5,Dec 6-5 | Dec 9-4
2017,added,11/20/2016,Wolfpack Open,Connor Frey (Old Dominion),Brandon Skinner (Campbell),Brandon Skinner,Fall 2:58,Fall 4:58,Fall 2:58 | Fall 4:58
2017,added,01/14/2017,`Shorty` Hitchcock Memorial Tournament,Stephen Loiseau (Drexel),Chris Morgan (Army),Stephen Loiseau,TF 16-0 2:47,TF 16-0 2:44,TF 16-0 2:44 | TF 16-0 2:47
2017,added,01/07/2017,Franklin & Marshall Open,Greg Bulsak (Clarion),Tyler Askey (Virginia),Greg Bulsak,Fall 3:00,Fall 2:05,Fall 2:05 | Fall 3:00
2017,added,11/20/2016,Keystone Classic,Michale Fagg-Daves (Rider),Alexander DeCiantis (Drexel),Alexander DeCiantis,Dec 4-3,SV-1 5-3,Dec 4-3 | SV-1 5-3
2017,added,12/30/2016,Midlands Championships,Samuel Brooks (Iowa),Nathan Jackson (Indiana),Samuel Brooks,Dec 10-5,Dec 3-1,Dec 10-5 | Dec 3-1
2017,added,11/20/2016,Keystone Classic,Joe Heyob (Pennsylvania),Jacob Berkowitz (Northwestern),Jacob Berkowitz,Dec 8-3,Dec 11-6,Dec 11-6 | Dec 8-3
2017,added,11/13/2016,vs. American,Jeric Kasunic (American),Dustin Conti (Clarion),Jeric Kasunic,SV-1 (Fall) 7:46,Fall 7:46,Fall 7:46 | SV-1 (Fall) 7:46
2017,added,11/13/2016,Jonathan Kaloust Bearcat Open,mark tracy (Binghamton University),Kevin Mulligan (Rutgers),Kevin Mulligan,Dec 4-0,Dec 15-11,Dec 15-11 | Dec 4-0
2017,added,11/06/2016,San Francisco State Invitational,Cody Maly (Stanford),Cortes Morales (Cal Poly),Cortes Morales,Dec 3-0,Dec 3-1,Dec 3-0 | Dec 3-1
2017,added,11/19/2016,Joe Parisi Open,Wyatt Koelling (Missouri),Wes Kibler (Illinois),Wes Kibler,Dec 7-6,Dec 5-3,Dec 5-3 | Dec 7-6
2017,added,11/13/2016,Journeymen Collegiate Classic,Eric Peissig (Wisconsin),Ben Haas (Lehigh),Ben Haas,Dec 1-8,Dec 8-1,Dec 1-8 | Dec 8-1
2017,added,11/13/2016,Journeymen Collegiate Classic,Daniel Chaid (North Carolina),Ben Haas (Lehigh),Ben Haas,Dec 2-4,Dec 4-2,Dec 2-4 | Dec 4-2
2017,added,11/20/2016,2016 NYS Intercollegiate Championships,Nolan Terrance (Buffalo),David Farr (Army),Nolan Terrance,Dec 5-1,Dec 2-0,Dec 2-0 | Dec 5-1
2017,added,03/04/2017,Southern Conference Championship,Jared Johnson (Chattanooga),Joseph Bexley (The Citadel),Jared Johnson,Dec 6-1,Dec 6-0,Dec 6-0 | Dec 6-1
2017,added,03/18/2017,2017 NCAA Division I Championships,Jacob Kasper (Duke),Nick Nevills (Penn State),Nick Nevills,SV-1 4-3,Dec 3-1,Dec 3-1 | SV-1 4-3
2017,added,12/29/2016,Lock Haven Classic,Ali Wahab (Old Dominion),Matt Voss (George Mason),Matt Voss,Dec 8-6,Dec 12-6,Dec 12-6 | Dec 8-6
2017,added,11/13/2016,Jonathan Kaloust Bearcat Open,Nick Gajdzik (Harvard),Christian Araneo (Princeton),Nick Gajdzik,Fall 0:53,Fall 2:49,Fall 0:53 | Fall 2:49
2017,added,11/12/2016,Maryville Kaufman/Brand Open,Jake McKiernan (Southern Illinois Edwardsville),Duece Rachal (Illinois),Jake McKiernan,Fall 6:22,Fall 0:34,Fall 0:34 | Fall 6:22
2017,added,11/19/2016,Navy Classic,Zack Parker (Ohio),Fletcher Miller (Indiana),Zack Parker,SV-1 8-6,Dec 3-2,Dec 3-2 | SV-1 8-6
2017,added,11/13/2016,Journeymen Collegiate Classic,Josh Fox (Ohio State),Christian Colucci (Lehigh),Christian Colucci,Dec 0-3,Dec 3-0,Dec 0-3 | Dec 3-0
2017,added,11/13/2016,Harold Nichols Open,David Jensen (Nebraska),Andrew Piehl (Navy),David Jensen,Dec 12-7,Dec 8-4,Dec 12-7 | Dec 8-4
2017,added,11/06/2016,Southeast Open,Michael Rogers (North Carolina State),Michael McAleavey (The Citadel),Michael McAleavey,SV-1 6-4,Dec 7-4,Dec 7-4 | SV-1 6-4
2017,added,12/30/2016,Midlands Championships,Cody Crawford (Oregon State),Conan Jennings (Northwestern),Cody Crawford,Dec 1-0,Dec 5-0,Dec 1-0 | Dec 5-0
2018,added,11/05/2017,Michigan State Open,Joshua Krammer (Arizona State),Drew Hildebrandt (Central Michigan),Joshua Krammer,Dec 5-0,Dec 7-4,Dec 5-0 | Dec 7-4
2018,added,11/26/2017,Mat-Town Open,Brandon Loperfido (Lock Haven),Geo Barzona (Bucknell),Geo Barzona,Dec 7-2,Dec 5-2,Dec 5-2 | Dec 7-2
2018,added,01/02/2018,Southern Scuffle,Korbin Meink (Campbell),Sergio Mendez (CSU Bakersfield),Korbin Meink,Dec 5-2,Dec 6-5,Dec 5-2 | Dec 6-5
2018,added,03/04/2018,2018 Mid American Conference,Barlow McGhee (Missouri),Drew Hildebrandt (Central Michigan),Drew Hildebrandt,Dec 4-0,TB-1 2-1,Dec 4-0 | TB-1 2-1
2018,added,11/19/2017,Keystone Classic,Thayer Atkins (Duke),Tanner Shoap (Drexel),Thayer Atkins,Dec 7-4,Dec 6-4,Dec 6-4 | Dec 7-4
2018,added,03/04/2018,Big 12 Championships,Sean Williams (Fresno State),Paul Bianchi (North Dakota State),Sean Williams,Dec 10-6,Dec 9-4,Dec 10-6 | Dec 9-4
2018,added,01/02/2018,Southern Scuffle,Ibrahim Bunduka (George Mason),Gabe Townsell (Stanford),Gabe Townsell,Dec 3-2,TB-2 (RT) 2-1,Dec 3-2 | TB-2 (RT) 2-1
2018,added,03/03/2018,EWL Championships,Luke Werner (Lock Haven),Ibrahim Bunduka (George Mason),Ibrahim Bunduka,Dec 3-1,Dec 8-4,Dec 3-1 | Dec 8-4
2018,added,03/04/2018,2018 Big Ten Wrestling Championships,Travis Piotrowski (Illinois),Drew Mattin (Michigan),Travis Piotrowski,Dec 2-0,SV-1 7-1,Dec 2-0 | SV-1 7-1
2018,added,11/18/2017,Lindenwood Open,Brock Hudkins (Northern Illinois),Jonathan Marmolejo (Iowa State),Brock Hudkins,Dec 5-1,TB-1 3-2,Dec 5-1 | TB-1 3-2
2018,added,03/04/2018,2018 Big Ten Wrestling Championships,Brandon Cray (Maryland),Johnny Jimenez (Wisconsin),Johnny Jimenez,Dec 6-2,Dec 7-4,Dec 6-2 | Dec 7-4
2018,added,03/04/2018,Big 12 Championships,Christian Moody (Oklahoma),Connor Brown (South Dakota State),Connor Brown,Dec 8-3,Dec 3-1,Dec 3-1 | Dec 8-3
2018,added,02/03/2018,Edinboro Open,Charles Lenox (NC State),Joseph Thomas (West Virginia),Charles Lenox,Dec 4-0,Dec 5-0,Dec 4-0 | Dec 5-0
2018,added,11/12/2017,Jonathan Kaloust Bearcat Open,Noah Baughman (Cornell),Giovanni Ghione (Pennsylvania),Giovanni Ghione,SV-1 10-6,Dec 9-2,Dec 9-2 | SV-1 10-6
2018,added,01/27/2018,Appalachian Open,John Devine (NC State),Jake Huffine (Chattanooga),John Devine,Dec 6-2,SV-1 5-3,Dec 6-2 | SV-1 5-3
2018,added,12/02/2017,36th Annual Cliff Keen Las Vegas Collegiate Wrestling Invitational,Jack Mueller (Virginia),Austin DeSanto (Drexel),Jack Mueller,Dec 7-0,Dec 4-0,Dec 4-0 | Dec 7-0
2018,added,12/30/2017,Midlands,Korbin Myers (Edinboro),Paul Konrath (Wisconsin),Paul Konrath,Dec 3-2,Dec 3-1,Dec 3-1 | Dec 3-2
2018,added,02/03/2018,Edinboro Open,Richie Gomez (Edinboro),Michael Volyanyuk (Michigan),Richie Gomez,Dec 7-6,Dec 5-2,Dec 5-2 | Dec 7-6
2018,added,11/05/2017,Michigan State Open,Matt Santos (Michigan State),Michael DeLaPena (Indiana),Michael DeLaPena,Dec 7-3,Dec 5-2,Dec 5-2 | Dec 7-3
2018,added,11/18/2017,Navy Classic,Caleb Richardson (Old Dominion),Cody Trybus (Navy),Caleb Richardson,Dec 7-2,Dec 3-2,Dec 3-2 | Dec 7-2
2018,added,11/05/2017,Warren Williamson/Daktronics Open,Brian Peska (Nebraska),Sawyer Degen (North Dakota State),Brian Peska,Dec 14-10,Dec 6-5,Dec 14-10 | Dec 6-5
2018,added,03/04/2018,2018 Big Ten Wrestling Championships,Jason Renteria (Nebraska),Scott Delvecchio (Rutgers),Jason Renteria,Dec 3-2,Dec 3-1,Dec 3-1 | Dec 3-2
2018,added,12/30/2017,Midlands,Scott Delvecchio (Rutgers),George Phillipi (Pittsburgh),Scott Delvecchio,SV-1 3-1,Dec 6-2,Dec 6-2 | SV-1 3-1
2018,added,12/29/2017,Lock Haven Classic,Blake Retell (Buffalo),Mason Wohltman (Old Dominion),Mason Wohltman,SV-1 3-2,Dec 9-3,Dec 9-3 | SV-1 3-2
2018,added,03/04/2018,2018 Big Ten Wrestling Championships,Eli Stickley (Wisconsin),Vincent Turk (Iowa),Vincent Turk,Dec 4-1,Dec 6-0,Dec 4-1 | Dec 6-0
2018,added,03/04/2018,2018 Big Ten Wrestling Championships,Chad Red (Nebraska),Ryan Diehl (Maryland),Chad Red,Dec 6-3,Dec 6-0,Dec 6-0 | Dec 6-3
2018,added,11/12/2017,Journeymen Northeast Classic,Douglas Gudenburr (The Citadel),Michael Murphy (Virginia),Michael Murphy,Dec 2-1,Dec 1-2,Dec 1-2 | Dec 2-1
2018,added,11/12/2017,ESU Open,Evan Fidelibus (Rider),Shawn Orem (Bloomsburg),Evan Fidelibus,Fall 3:00,Fall 2:16,Fall 2:16 | Fall 3:00
2018,added,11/12/2017,Journeymen Collegiate Classic,Charlie Kane (Hofstra),Andrew Mehrholz (Virginia Tech),Andrew Mehrholz,MD 1-13,MD 13-1,MD 1-13 | MD 13-1
2018,added,01/06/2018,F&M Open,PJ Gohn (Edinboro),Gavin Londoff (Appalachian State),Gavin Londoff,MD 12-2,MD 9-0,MD 12-2 | MD 9-0
2018,added,03/03/2018,2018 Southern Conference Championship,Roman Boylen (Chattanooga),Tyler Buckiso (The Citadel),Tyler Buckiso,Dec 7-2,Dec 9-3,Dec 7-2 | Dec 9-3
2018,added,03/03/2018,EWL Championships,Gary Dinmore (Rider),Jensen Lorea (Edinboro),Gary Dinmore,Dec 5-3,Dec 4-1,Dec 4-1 | Dec 5-3
2018,added,03/04/2018,Big 12 Championships,Davion Jeffries (Oklahoma),Khristian Olivas (Fresno State),Davion Jeffries,Dec 8-4,SV-1 8-4,Dec 8-4 | SV-1 8-4
2018,added,12/29/2017,Lock Haven Classic,Lio Quezada (George Mason),Jake Dibenedetto (Old Dominion),Jake Dibenedetto,Dec 7-0,Dec 10-4,Dec 10-4 | Dec 7-0
2018,added,03/04/2018,2018 Big Ten Wrestling Championships,Jwan Britton (Michigan State),Eric Barone (Illinois),Jwan Britton,Dec 8-3,Dec 7-2,Dec 7-2 | Dec 8-3
2018,added,03/04/2018,2018 Big Ten Wrestling Championships,Alajandro Raya (Indiana),Austin Nash (Purdue),Alajandro Raya,Dec 8-5,Dec 3-1,Dec 3-1 | Dec 8-5
2018,added,11/04/2017,Princeton Open,parker kropman (Binghamton),David Pipa (Lehigh),parker kropman,Dec 8-5,Dec 4-1,Dec 4-1 | Dec 8-5
2018,added,03/04/2018,2018 Big Ten Wrestling Championships,Colton McCrystal (Nebraska),Ke-Shawn Hayes (Ohio State),Ke-Shawn Hayes,Dec 7-5,Dec 7-6,Dec 7-5 | Dec 7-6
2018,added,01/27/2018,Appalachian Open,AJ Leitten (NC State),Sawyer Davidson (North Carolina),AJ Leitten,Dec 3-1,Dec 8-6,Dec 3-1 | Dec 8-6
2018,added,03/04/2018,Big 12 Championships,Davion Jeffries (Oklahoma),Boo Lewallen (Oklahoma State),Boo Lewallen,SV-1 10-4,Dec 10-4,Dec 10-4 | SV-1 10-4
2018,added,03/17/2018,2018 NCAA Division I Championships,Luke Zilverberg (South Dakota State),Joshua Shields (Arizona State),Joshua Shields,Dec 11-5,Dec 9-6,Dec 11-5 | Dec 9-6
2018,added,03/03/2018,EWL Championships,Bryant Clagon (Rider),Kevin Laubach (Bloomsburg),Bryant Clagon,MD 14-5,MD 12-1,MD 12-1 | MD 14-5
2018,added,01/02/2018,Southern Scuffle,Coleman Hammond (CSU Bakersfield),Garett Hammond (Drexel),Coleman Hammond,Dec 14-11,Dec 3-2,Dec 14-11 | Dec 3-2
2018,added,03/03/2018,2018 Southern Conference Championship,Tony Palumbo (Davidson),Austin Kraisser (Campbell),Austin Kraisser,Dec 2-0,Dec 2-0,Dec 2-0
2018,added,11/19/2017,Black Knight Invite,Tristan Rifanburg (Binghamton),Dylan Forzani (Chattanooga),Tristan Rifanburg,Dec 11-4,Dec 6-3,Dec 11-4 | Dec 6-3
2018,added,03/04/2018,2018 Big Ten Wrestling Championships,Jake Tucker (Michigan State),Kyle Langenderfer (Illinois),Kyle Langenderfer,Dec 7-3,Dec 7-3,Dec 7-3 | Dec 7-3
2018,added,01/14/2018,Purple Raider Open,Nathan Atienza (Michigan State),Cole Wysocki (Purdue),Nathan Atienza,Dec 5-4,Dec 6-2,Dec 5-4 | Dec 6-2
2018,added,02/25/2018,National Collegiate Open,Sam Melikian (NC State),Leonard Merkin (Princeton),Sam Melikian,Dec 3-2,Dec 18-14,Dec 18-14 | Dec 3-2
2018,added,03/03/2018,2018 Southern Conference Championship,Quentin Perez (Campbell),Laken Cook (Appalachian State),Quentin Perez,Dec 10-3,Dec 11-7,Dec 10-3 | Dec 11-7
2018,added,12/02/2017,36th Annual Cliff Keen Las Vegas Collegiate Wrestling Invitational,Logan Parks (Central Michigan),Isaac Bast (Kent State),Logan Parks,TB-2 (RT) 3-2,Dec 3-2,Dec 3-2 | TB-2 (RT) 3-2
2018,added,03/03/2018,EWL Championships,Max Wohlabaugh (Clarion),Georgio Poullas (Cleveland State),Max Wohlabaugh,Dec 6-4,Dec 5-2,Dec 5-2 | Dec 6-4
2018,added,03/04/2018,2018 Big Ten Wrestling Championships,Bryce Martin (Indiana),Michael Sepkle (Northwestern),Bryce Martin,Dec 4-1,Dec 12-6,Dec 12-6 | Dec 4-1
2018,added,03/04/2018,2018 Big Ten Wrestling Championships,Alex Marinelli (Iowa),Logan Massa (Michigan),Logan Massa,Dec 6-3,SV-1 8-6,Dec 6-3 | SV-1 8-6
2018,added,01/02/2018,Southern Scuffle,Chance Marsteller (Lock Haven),Mehki Lewis (Virginia Tech),Chance Marsteller,Dec 3-1,Dec 6-4,Dec 3-1 | Dec 6-4
2018,added,03/04/2018,2018 Big Ten Wrestling Championships,Austin Hiles (Michigan State),Brendan Burnham (Maryland),Brendan Burnham,Dec 6-4,Dec 11-4,Dec 11-4 | Dec 6-4
2018,added,12/02/2017,36th Annual Cliff Keen Las Vegas Collegiate Wrestling Invitational,Isaiah White (Nebraska),Te`shan Campbell (Ohio State),Isaiah White,Dec 4-1,Dec 3-1,Dec 3-1 | Dec 4-1
2018,added,11/05/2017,Hokie Open,Jacob Bueno (Army West Point),Luke Drugac (Old Dominion),Jacob Bueno,Dec 6-2,Dec 7-4,Dec 6-2 | Dec 7-4
2018,added,11/11/2017,Bison Open,Devon Sievers (South Dakota State),Kelby Hawkins (South Dakota State),Kelby Hawkins,Dec 6-4,Dec 4-1,Dec 4-1 | Dec 6-4
2018,added,11/04/2017,Cowboy Open,Armon Fayyazi (Wyoming),Michael Billingsley (Air Force),Michael Billingsley,Dec 11-6,Dec 2-1,Dec 11-6 | Dec 2-1
2018,added,12/09/2017,PSAC Championships,Taylor Cahill (Clarion),Kyle Murphy (Bloomsburg),Taylor Cahill,SV-1 3-1,TB-2 7-6,SV-1 3-1 | TB-2 7-6
2018,added,03/03/2018,EWL Championships,Dominic Rigous (Clarion),Kyle Murphy (Bloomsburg),Dominic Rigous,Dec 1-0,Dec 2-0,Dec 1-0 | Dec 2-0
2018,added,02/17/2018,Mat-Town Open II,Frankie Guida (Bucknell),Anthony Vetrano (Bloomsburg),Anthony Vetrano,Dec 6-4,Dec 5-2,Dec 5-2 | Dec 6-4
2018,added,01/06/2018,F&M Open,Joshua Young (Franklin & Marshall),Frankie Guida (Bucknell),Joshua Young,Dec 3-2,Dec 6-2,Dec 3-2 | Dec 6-2
2018,added,12/30/2017,Midlands,Mikey Labriola (Nebraska),Dylan Lydy (Purdue),Dylan Lydy,Dec 3-2,Dec 6-4,Dec 3-2 | Dec 6-4
2018,added,11/12/2017,Journeymen Northeast Classic,Connor Allshouse (American),Michael Battista (Virginia),Michael Battista,Dec 7-3,Dec 3-7,Dec 3-7 | Dec 7-3
2018,added,11/19/2017,Keystone Classic,Taylor Jackson (Appalachian State),Joshua Murphy (Drexel),Joshua Murphy,Dec 3-2,Dec 3-1,Dec 3-1 | Dec 3-2
2018,added,03/03/2018,2018 Southern Conference Championship,Conor Fenn (Davidson),Christopher Beck (VMI),Conor Fenn,Dec 8-2,Dec 4-2,Dec 4-2 | Dec 8-2
2018,added,03/17/2018,2018 NCAA Division I Championships,Emory Parker (Illinois),Chip Ness (North Carolina),Emory Parker,Dec 7-5,Dec 4-3,Dec 4-3 | Dec 7-5
2018,added,03/04/2018,2018 Big Ten Wrestling Championships,Max Lyon (Purdue),Niko Cappello (Maryland),Max Lyon,MD 17-5,MD 12-2,MD 12-2 | MD 17-5
2018,added,03/04/2018,2018 Big Ten Wrestling Championships,Taylor Venz (Nebraska),Domenic Abounader (Michigan),Domenic Abounader,Dec 7-3,Dec 6-4,Dec 6-4 | Dec 7-3
2018,added,11/05/2017,Michigan State Open,Nick May (Michigan State),Jonathan Morales (Purdue),Nick May,Dec 7-4,Dec 4-2,Dec 4-2 | Dec 7-4
2018,added,03/04/2018,Big 12 Championships,Andrew Dixon (Oklahoma),Anthony McLaughlin (Air Force),Anthony McLaughlin,Dec 2-1,SV-1 2-1,Dec 2-1 | SV-1 2-1
2018,added,03/04/2018,EIWA Championships,Rocco Caywood (Army West Point),Tucker Ziegler (Brown),Rocco Caywood,Dec 7-5,Dec 2-1,Dec 2-1 | Dec 7-5
2018,added,01/02/2018,Southern Scuffle,Tanner Davis (Northern Colorado),Matt Williams (CSU Bakersfield),Matt Williams,Fall 6:27,Fall 6:25,Fall 6:25 | Fall 6:27
2018,added,11/05/2017,Michigan State Open,Jordan Atienza (Central Michigan),Zachary Chakonis (Northwestern),Jordan Atienza,Dec 6-2,Dec 5-3,Dec 5-3 | Dec 6-2
2018,added,12/02/2017,36th Annual Cliff Keen Las Vegas Collegiate Wrestling Invitational,Benjamin Honis (Cornell),Jordan Atienza (Central Michigan),Benjamin Honis,SV-1 9-7,Dec 9-7,Dec 9-7 | SV-1 9-7
2018,added,11/05/2017,Clarion Open,Dustin Conti (Clarion),Jay Aiello (Virginia),Jay Aiello,SV-1 6-4,Dec 9-6,Dec 9-6 | SV-1 6-4
2018,added,03/17/2018,2018 NCAA Division I Championships,William Miklus (Missouri),Jacob Holschlag (Northern Iowa),Jacob Holschlag,Dec 7-5,Dec 7-3,Dec 7-3 | Dec 7-5
2018,added,11/05/2017,Michigan State Open,Andrew Dixon (Oklahoma),Mason Reinhardt (Wisconsin),Andrew Dixon,Dec 3-1,Dec 3-1,Dec 3-1
2018,added,12/29/2017,Lock Haven Classic,Derek Dragon (Lock Haven),Brandon Stokes (Bucknell),Brandon Stokes,Dec 4-3,Dec 8-5,Dec 4-3 | Dec 8-5
2018,added,03/03/2018,EWL Championships,Mauro Correnti (Rider),Matt Voss (George Mason),Matt Voss,SV-2 3-2,Dec 3-2,Dec 3-2 | SV-2 3-2
2018,added,11/18/2017,Navy Classic,Mike Hughes (Hofstra),Devin Nye (Kent State),Mike Hughes,Fall 1:46,Fall 1:17,Fall 1:17 | Fall 1:46
2018,added,11/05/2017,Clarion Open,Fletcher Miller (Indiana),Devin Nye (Kent State),Fletcher Miller,Fall 2:29,Fall 1:00,Fall 1:00 | Fall 2:29
2018,added,01/14/2018,Purple Raider Open,Devin King (Ohio),Luke Ready (Michigan),Luke Ready,SV-1 7-2,Dec 7-2,Dec 7-2 | SV-1 7-2
2018,added,11/04/2017,Princeton Open,Mauro Correnti (Rider),Gary Traub (Ohio State),Mauro Correnti,TB-3 6-5,SV-1 7-5,SV-1 7-5 | TB-3 6-5
2019,added,11/11/2018,Jonathan Kaloust Bearcat Open,Steven Bulzomi (Binghamton),Trey Keeley (Brown),Steven Bulzomi,Dec 8-5,Dec 5-4,Dec 5-4 | Dec 8-5
2019,added,03/23/2019,2019 NCAA Division I Championships,Vitali Arujau (Cornell),Sebastian Rivera (Northwestern),Sebastian Rivera,Dec 8-3,Dec 6-2,Dec 6-2 | Dec 8-3
2019,added,11/04/2018,Princeton Open,Jaret Lane (Lehigh),Dylan Ryder (Hofstra),Jaret Lane,Dec 4-3,Dec 6-4,Dec 4-3 | Dec 6-4
2019,added,12/09/2018,vs. Hofstra,Cliff Conway (Vmi),Dylan Ryder (Hofstra),Dylan Ryder,TF 16-0 0:00,TF 15-0 6:13,TF 15-0 6:13 | TF 16-0 0:00
2019,added,02/02/2019,Edinboro Open,Liam Cronin (Indiana),Noah Sirianni (Navy),Liam Cronin,SV-1 6-4,Dec 6-4,Dec 6-4 | SV-1 6-4
2019,added,03/10/2019,2019 Big Ten Wrestling Championships,Ethan Rotondo (Wisconsin),Brandon Cray (Maryland),Ethan Rotondo,Dec 6-5,Dec 7-5,Dec 6-5 | Dec 7-5
2019,added,01/05/2019,F&M open,King Sandoval (Maryland),Joey Prata (Virginia Tech),King Sandoval,SV-1 3-1,Dec 3-2,Dec 3-2 | SV-1 3-1
2019,added,11/11/2018,Ohio Intercollegiate Open,Malik Heinselman (Ohio State),Jack Medley (Michigan),Malik Heinselman,Dec 10-5,Dec 9-6,Dec 10-5 | Dec 9-6
2019,added,02/02/2019,Edinboro Open,Brakan Mead (Ohio State),Aslan Kilic (Navy),Brakan Mead,Fall 4:02,Fall 2:55,Fall 0:00 | Fall 2:55 | Fall 4:02
2019,added,02/02/2019,Edinboro Open,Brakan Mead (Ohio State),Aslan Kilic (Navy),Aslan Kilic,Fall 0:00,Fall 2:55,Fall 0:00 | Fall 2:55 | Fall 4:02
2019,added,03/10/2019,2019 Big Ten Wrestling Championships,Devin Schnupp (Penn State),Shane Metzler (Rutgers),Shane Metzler,Dec 6-4,Dec 6-1,Dec 6-1 | Dec 6-4
2019,added,03/09/2019,EIWA Championships,Casey Cobb (Navy),Hunter Kosco (Brown),Casey Cobb,Dec 8-5,Dec 4-3,Dec 4-3 | Dec 8-5
2019,added,01/02/2019,Southern Scuffle,Sean Nickell (CSU Bakersfield),Todd Small (Iowa State),Sean Nickell,Dec 3-2,Dec 5-4,Dec 3-2 | Dec 5-4
2019,added,11/18/2018,Wolfpack Open,Jarrett Trombley (NC State),Franco Valdes (Chattanooga),Jarrett Trombley,Dec 6-0,Dec 2-0,Dec 2-0 | Dec 6-0
2019,added,03/10/2019,2019 Big Ten Wrestling Championships,Paul Konrath (Indiana),Jevon Parrish (Nebraska),Jevon Parrish,Dec 3-2,Dec 8-3,Dec 3-2 | Dec 8-3
2019,added,11/17/2018,Navy Classic,Tim Rooney (Kent State),Garrett Pepple (Indiana),Tim Rooney,Dec 5-1,SV-1 3-1,Dec 5-1 | SV-1 3-1
2019,added,11/04/2018,Daktronics Open,Jake Gliva (Minnesota),Brian Peska (Nebraska),Jake Gliva,Dec 6-4,Dec 8-6,Dec 6-4 | Dec 8-6
2019,added,12/20/2018,Reno Tournament of Champions,Baylor Steward (Utah Valley),Andrew Nieman (Oklahoma State),Andrew Nieman,Fall 5:35,Fall 5:43,Fall 5:35 | Fall 5:43
2019,added,02/10/2019,Rocky Mountain Collegiate Open,Lenny Petersen (Air Force),Tony Williams (Stanford),Lenny Petersen,Fall 2:29,Fall 4:14,Fall 2:29 | Fall 4:14
2019,added,12/30/2018,Midlands,Joey Gould (Bucknell),Ben Freeman (Michigan),Joey Gould,Dec 6-4,Dec 5-3,Dec 5-3 | Dec 6-4
2019,added,03/08/2019,Mac Championships,Sa`Derian Perry (Old Dominion),Andrew Marten (Central Michigan),Sa`Derian Perry,Dec 3-0,Dec 6-1,Dec 3-0 | Dec 6-1
2019,added,03/10/2019,2019 Big Ten Wrestling Championships,Kyle Luigs (Indiana),Alexander McKenna (Northwestern),Kyle Luigs,Dec 9-5,Dec 7-0,Dec 7-0 | Dec 9-5
2019,added,03/10/2019,2019 Big Ten Wrestling Championships,Tristan Moran (Wisconsin),Kanen Storr (Michigan),Kanen Storr,Dec 7-4,Dec 2-1,Dec 2-1 | Dec 7-4
2019,added,03/10/2019,Big 12 Championships,Christopher Sandoval (Northern Colorado),Josh Alber (Northern Iowa),Christopher Sandoval,SV-1 5-3,Dec 7-2,Dec 7-2 | SV-1 5-3
2019,added,12/08/2018,UNI Open,Josh Alber (Northern Iowa),Aric Williams (South Dakota State),Josh Alber,TF 20-2 5:55,TF 18-2 0:00,TF 18-2 0:00 | TF 20-2 5:55
2019,added,12/01/2018,37th Annual Cliff Keen Las Vegas Collegiate Wrestling Invitational,Dom Demas (Oklahoma),Sam Krivus (Virginia),Dom Demas,SV-1 5-3,Dec 10-3,Dec 10-3 | SV-1 5-3
2019,added,03/10/2019,Big 12 Championships,Caleb Rea (West Virginia),Sam Turner (Wyoming),Sam Turner,Fall 2:07,Fall 1:56,Fall 1:56 | Fall 2:07
2019,added,03/09/2019,EIWA Championships,PJ Ogunsanya (Army West Point),Michael Sprague (American),Michael Sprague,TB-2 (RT) 5-4,Dec 6-2,Dec 6-2 | TB-2 (RT) 5-4
2019,added,01/11/2019,vs. Oklahoma,Davion Jeffries (Oklahoma),Joshua Maruca (Arizona State),Joshua Maruca,Dec 6-5,Dec 6-4,Dec 6-4 | Dec 6-5
2019,added,11/18/2018,Roadrunner Open,Bernie Truax (Cal Poly),Jaden VanMaanen (North Dakota State),Jaden VanMaanen,Fall 1:40,Fall 2:20,Fall 1:40 | Fall 2:20
2019,added,03/23/2019,2019 NCAA Division I Championships,Mitch Finesilver (Duke),Austin O`Connor (North Carolina),Austin O`Connor,Dec 7-5,SV-1 3-1,Dec 7-5 | SV-1 3-1
2019,added,02/02/2019,Messiah Open,Cristiaan Dailey (Franklin & Marshall),Jamar Williams (Maryland),Cristiaan Dailey,Dec 5-4,Dec 5-0,Dec 5-0 | Dec 5-4
2019,added,11/10/2018,Grand View Open,Zemua Baptista (Nebraska),Zach Axmear (Iowa),Zemua Baptista,Dec 13-6,Dec 8-5,Dec 13-6 | Dec 8-5
2019,added,11/04/2018,Daktronics Open,Brayton Lee (Minnesota),Jordan Shearer (Nebraska),Jordan Shearer,SV-1 3-1,Dec 3-1,Dec 3-1 | SV-1 3-1
2019,added,03/23/2019,2019 NCAA Division I Championships,Matthew Kolodzik (Princeton),Brock Mauller (Missouri),Matthew Kolodzik,Dec 10-6,Dec 5-3,Dec 10-6 | Dec 5-3
2019,added,03/08/2019,Mac Championships,Tyshawn Williams (SIU Edwardsville),McCoy Kent (Northern Illinois),McCoy Kent,Dec 2-1,Dec 7-4,Dec 2-1 | Dec 7-4
2019,added,12/02/2018,SIUE Invite,Tyshawn Williams (SIU Edwardsville),Garrett Model (Wisconsin),Tyshawn Williams,Dec 15-11,Dec 7-2,Dec 15-11 | Dec 7-2
2019,added,11/03/2018,Cowboy Open,Spencer Heywood (Utah Valley),Jacoby Ward (Air Force),Spencer Heywood,SV-1 6-4,Dec 14-8,Dec 14-8 | SV-1 6-4
2019,added,11/11/2018,Pembroke Classic,Allen Swanson (Campbell),Christian Beach (Appalachian State),Christian Beach,Dec 9-2,SV-1 4-2,Dec 9-2 | SV-1 4-2
2019,added,01/11/2019,vs. Oklahoma,Justin Thomas (Oklahoma),Christian Pagdilao (Arizona State),Justin Thomas,Dec 5-2,Dec 4-2,Dec 4-2 | Dec 5-2
2019,added,03/02/2019,National Collegiate Open,Sam Webster (Columbia),Joey Schiele (Bucknell),Sam Webster,Dec 2-1,TB-2 (RT) 2-1,Dec 2-1 | TB-2 (RT) 2-1
2019,added,03/08/2019,Mac Championships,Alex Smythe (Buffalo),Zac Carson (Ohio),Alex Smythe,Dec 8-6,SV-1 3-1,Dec 8-6 | SV-1 3-1
2019,added,11/11/2018,Pembroke Classic,Zachary Barnes (Campbell),Sawyer Davidson (North Carolina),Sawyer Davidson,Dec 12-5,SV-1 8-6,Dec 12-5 | SV-1 8-6
2019,added,03/08/2019,Mac Championships,Justin Ruffin (SIU Edwardsville),Logan Parks (Central Michigan),Logan Parks,Dec 9-4,Dec 8-1,Dec 8-1 | Dec 9-4
2019,added,03/09/2019,EWL,Mike Bartolo (Clarion),Gino Fluri (Rider),Gino Fluri,Dec 6-2,Dec 4-3,Dec 4-3 | Dec 6-2
2019,added,11/18/2018,Keystone Classic,Bo Pipher (Penn State),Hunter Ladnier (Harvard),Hunter Ladnier,Dec 4-0,Dec 4-1,Dec 4-0 | Dec 4-1
2019,added,03/10/2019,2019 Big Ten Wrestling Championships,Griffin Parriott (Purdue),Eric Barone (Illinois),Griffin Parriott,Dec 5-2,TB-1 5-4,Dec 5-2 | TB-1 5-4
2019,added,03/10/2019,2019 Big Ten Wrestling Championships,Alec Pantaleo (Michigan),Kaleb Young (Iowa),Alec Pantaleo,Dec 5-3,Dec 3-2,Dec 3-2 | Dec 5-3
2019,added,03/23/2019,2019 NCAA Division I Championships,Kaleb Young (Iowa),Ryan Deakin (Northwestern),Kaleb Young,SV-1 7-5,SV-1 7-5,SV-1 7-5
2019,added,12/08/2018,UNI Open,Chase Straw (Iowa State),Jeren Glosser (Iowa),Jeren Glosser,Dec 5-4,Dec 13-9,Dec 13-9 | Dec 5-4
2019,added,03/23/2019,2019 NCAA Division I Championships,Hayden Hidlay (NC State),Alec Pantaleo (Michigan),Alec Pantaleo,Dec 5-3,SV-1 5-3,Dec 5-3 | SV-1 5-3
2019,added,11/11/2018,Pembroke Classic,Christian Trimble (Gardner-Webb),Michael Ferree (Campbell),Michael Ferree,Dec 7-2,Dec 5-3,Dec 5-3 | Dec 7-2
2019,added,12/15/2018,Cleveland State Open,Ryan Ford (Cleveland State),Riley Smucker (Appalachian State),Ryan Ford,SV-1 5-3,Dec 6-3,Dec 6-3 | SV-1 5-3
2019,added,03/10/2019,2019 Southern Conference Championship,Cameron Pine (Campbell),Dazjon Casto (The Citadel),Dazjon Casto,MD 15-6,MD 15-3,MD 15-3 | MD 15-6
2019,added,03/10/2019,2019 Big Ten Wrestling Championships,Joseph Gunther (Illinois),Carson Brolsma (Minnesota),Carson Brolsma,Dec 3-1,TB-2 3-2,Dec 3-1 | TB-2 3-2
2019,added,03/10/2019,2019 Big Ten Wrestling Championships,Cole Wysocki (Purdue),Phillip Spadafora (Maryland),Cole Wysocki,Dec 5-3,Dec 5-2,Dec 5-2 | Dec 5-3
2019,added,11/10/2018,Bison Open,Austin Brenner (North Dakota State),Jake Allar (Minnesota),Jake Allar,Fall 4:18,Fall 0:38,Fall 0:38 | Fall 4:18
2019,added,01/02/2019,Southern Scuffle,Mason Manville (Penn State),Tanner Skidgel (Navy),Mason Manville,Dec 6-2,Dec 8-4,Dec 6-2 | Dec 8-4
2019,added,02/24/2019,Mat Town Open II,Brock Godzin (West Virginia),Te`shan Campbell (Ohio State),Te`shan Campbell,TF 18-0 2:52,TF 16-0 0:00,TF 16-0 0:00 | TF 18-0 2:52
2019,added,11/10/2018,Bison Open,James Noel (North Dakota State),Kenny O`Neil (South Dakota State),Kenny O`Neil,Fall 2:34,Fall 3:28,Fall 2:34 | Fall 3:28
2019,added,12/30/2018,South Beach College Individual,kade byland (Kent State),Luke Fortuna (Missouri),Luke Fortuna,Dec 4-2,Dec 6-4,Dec 4-2 | Dec 6-4
2019,added,03/09/2019,EIWA Championships,Ben Harvey (Army West Point),Travis Stefanik (Princeton),Ben Harvey,Dec 5-1,Dec 11-7,Dec 11-7 | Dec 5-1
2019,added,11/11/2018,Jonathan Kaloust Bearcat Open,Jonah Barley (Cornell),Bryce Rogers (Brown),Bryce Rogers,MD 13-3,MD 13-3,MD 13-3
2019,added,03/08/2019,Mac Championships,Jake Lanning (Buffalo),Luke Drugac (Old Dominion),Luke Drugac,Dec 5-2,Dec 6-5,Dec 5-2 | Dec 6-5
2019,added,02/02/2019,Edinboro Open,Bailee O`reilly (Minnesota),Jake Covaciu (Indiana),Jake Covaciu,TB-2 (RT) 6-4,Dec 6-4,Dec 6-4 | TB-2 (RT) 6-4
2019,added,03/10/2019,2019 Big Ten Wrestling Championships,Josh Ugalde (Maryland),Jake Covaciu (Indiana),Jake Covaciu,Dec 7-2,Dec 8-2,Dec 7-2 | Dec 8-2
2019,added,03/10/2019,Big 12 Championships,Hayden Hastings (Wyoming),Marcus Coleman (Iowa State),Hayden Hastings,Dec 9-3,Dec 11-10,Dec 11-10 | Dec 9-3
2019,added,11/18/2018,Black Knight Invite,Graham Ratermann (Army West Point),Jared Siegrist (Lock Haven),Jared Siegrist,Dec 10-4,Dec 4-2,Dec 10-4 | Dec 4-2
2019,added,03/10/2019,2019 Big Ten Wrestling Championships,Dylan Lydy (Purdue),Ethan Smith (Ohio State),Dylan Lydy,Dec 5-3,Dec 5-1,Dec 5-1 | Dec 5-3
2019,added,03/09/2019,EIWA Championships,Noah Stewart (Army West Point),Christian LaFragola (Brown),Christian LaFragola,TB-2 (RT) 2-1,Dec 3-2,Dec 3-2 | TB-2 (RT) 2-1
2019,added,11/18/2018,Black Knight Invite,Lou Deprez (Binghamton),Trevor Allard (Bloomsburg),Lou Deprez,Dec 6-2,Dec 6-2,Dec 6-2
2019,added,12/30/2018,Midlands,Gavin Hoffman (Ohio State),Trevor Allard (Bloomsburg),Gavin Hoffman,Dec 3-2,Dec 6-5,Dec 3-2 | Dec 6-5
2019,added,02/02/2019,vs. Columbia,Brian Bonino (Columbia),Trey Rogers (Hofstra),Brian Bonino,Dec 6-4,SV-1 6-4,Dec 6-4 | SV-1 6-4
2019,added,03/10/2019,Big 12 Championships,Jackson Hemauer (Fresno State),Tate Samuelson (Wyoming),Tate Samuelson,Dec 5-2,Dec 4-2,Dec 4-2 | Dec 5-2
2019,added,11/17/2018,Lindenwood Open,Samuel Colbray (Iowa State),Daniel Bush (Iowa State),Samuel Colbray,Dec 4-2,Dec 5-4,Dec 4-2 | Dec 5-4
2019,added,02/02/2019,Edinboro Open,Gavin Hoffman (Ohio State),Brandon Krone (Minnesota),Gavin Hoffman,Dec 7-5,SV-1 7-5,Dec 7-5 | SV-1 7-5
2019,added,11/10/2018,Bison Open,Noah Cressell (North Dakota State),Caden Steffen (Minnesota),Caden Steffen,Dec 7-3,SV-2 3-2,Dec 7-3 | SV-2 3-2
2019,added,12/01/2018,37th Annual Cliff Keen Las Vegas Collegiate Wrestling Invitational,Drew Foster (Northern Iowa),Zachary Zavatsky (Virginia Tech),Drew Foster,Dec 9-5,Dec 9-6,Dec 9-5 | Dec 9-6
2019,added,11/18/2018,Keystone Classic,Francisco Bisono (Penn State),Michale Fagg-Daves (Rider),Michale Fagg-Daves,Dec 5-3,SV-1 4-2,Dec 5-3 | SV-1 4-2
2019,added,01/02/2019,Southern Scuffle,Dakota Geer (Oklahoma State),Dylan Reynolds (Edinboro),Dakota Geer,Dec 1-0,Dec 8-1,Dec 1-0 | Dec 8-1
2019,added,02/24/2019,Mat Town Open II,Luke McGonigal (Lock Haven),Abraham Correa-Medina (American),Luke McGonigal,Dec 9-2,Dec 6-2,Dec 6-2 | Dec 9-2
2019,added,01/11/2019,vs. Oklahoma,Jake Woodley (Oklahoma),Austyn Harris (Arizona State),Jake Woodley,Dec 5-2,Dec 9-6,Dec 5-2 | Dec 9-6
2019,added,11/10/2018,Bison Open,Cole Witzig (North Dakota State),Chad Porter (Arizona State),Cole Witzig,Dec 3-2,Dec 3-2,Dec 3-2
2019,added,03/10/2019,2019 Southern Conference Championship,Austin McNeil (Campbell),Rod Jones (Chattanooga),Rod Jones,Dec 11-5,Dec 5-4,Dec 11-5 | Dec 5-4
2019,added,12/02/2018,SIUE Invite,Benjamin Smith (Cleveland State),Rod Jones (Chattanooga),Rod Jones,Dec 3-1,Dec 8-5,Dec 3-1 | Dec 8-5
2019,added,03/09/2019,EIWA Championships,Joshua Roetman (Navy),Stephen Loiseau (Drexel),Stephen Loiseau,Dec 4-2,Dec 3-0,Dec 3-0 | Dec 4-2
2019,added,11/03/2018,Michigan State Open,Nick May (Michigan State),Dylan Reynolds (Edinboro),Nick May,Dec 3-2,Dec 3-2,Dec 3-2 | Dec 3-2
2019,added,02/02/2019,vs. Franklin & Marshall,Nezar Haddad (Hofstra),Philip Robilotto (Franklin & Marshall),Philip Robilotto,Dec 3-1,SV-1 3-1,Dec 3-1 | SV-1 3-1
2019,added,11/17/2018,Lindenwood Open,Taylor Watkins (Missouri),Andre Lee (Illinois),Andre Lee,Dec 5-2,Dec 7-4,Dec 5-2 | Dec 7-4
2019,added,11/10/2018,Maryvile Kaufman/Brand/Bayly Open,Taylor Watkins (Missouri),Matt Wroblewski (Illinois),Matt Wroblewski,Dec 5-2,Dec 8-2,Dec 5-2 | Dec 8-2
2019,added,02/17/2019,Last Chance Open,Tyler Buesgens (Iowa State),Izaak Shedenhelm (Northern Iowa),Izaak Shedenhelm,Dec 6-5,Dec 7-5,Dec 6-5 | Dec 7-5
2019,added,12/15/2018,Cleveland State Open,colin McCracken (Kent State),Mason Kroening (Ohio),colin McCracken,Dec 9-4,Dec 7-0,Dec 7-0 | Dec 9-4
2019,added,03/08/2019,Mac Championships,Wyatt Koelling (Missouri),Max Ihry (Northern Illinois),Wyatt Koelling,Dec 3-2,Dec 6-2,Dec 3-2 | Dec 6-2
2019,added,12/01/2018,37th Annual Cliff Keen Las Vegas Collegiate Wrestling Invitational,Jay Aiello (Virginia),Nathan Traxler (Stanford),Jay Aiello,Dec 5-4,Dec 4-2,Dec 4-2 | Dec 5-4
2019,added,01/11/2019,vs. Oklahoma,Jake Boyd (Oklahoma),Brady Gilliland-Daniel (Arizona State),Brady Gilliland-Daniel,SV-1 3-1,Dec 4-2,Dec 4-2 | SV-1 3-1
2019,added,03/09/2019,Pac 12 Championships,Sam Aguilar (Cal Poly),Brady Gilliland-Daniel (Arizona State),Brady Gilliland-Daniel,Dec 4-3,Dec 6-4,Dec 4-3 | Dec 6-4
2019,added,12/15/2018,Cleveland State Open,Nolan Terrance (Buffalo),clayton Willis (Edinboro),Nolan Terrance,SV-1 4-2,SV-1 4-0,SV-1 4-0 | SV-1 4-2
2019,added,03/09/2019,EIWA Championships,Antonio Pelusi (Franklin & Marshall),Joseph Goodhart (Drexel),Antonio Pelusi,Dec 3-2,Dec 4-2,Dec 3-2 | Dec 4-2
2019,added,11/03/2018,Michigan State Open,Terrese Aaron (Northern Illinois),clayton Willis (Edinboro),clayton Willis,Dec 4-3,Dec 10-7,Dec 10-7 | Dec 4-3
2019,added,11/11/2018,Jonathan Kaloust Bearcat Open,Victor Lacombe (Lehigh),Antonio Pelusi (Franklin & Marshall),Antonio Pelusi,Dec 5-2,SV-1 3-1,Dec 5-2 | SV-1 3-1
2019,added,03/10/2019,Big 12 Championships,Tate Orndorff (Utah Valley),Brian Andrews (Wyoming),Tate Orndorff,Dec 4-1,Dec 5-4,Dec 4-1 | Dec 5-4
2020,added,03/08/2020,Big 12 Championships,Jacob Schwarm (Northern Iowa),Cody Phippen (Air Force),Jacob Schwarm,Dec 5-4,Dec 4-2,Dec 4-2 | Dec 5-4
2020,added,12/14/2019,Cleveland State Open,Willy Girard (Bloomsburg),Matthew Vinci (Northwestern),Willy Girard,Dec 7-5,Dec 9-7,Dec 7-5 | Dec 9-7
2020,added,11/24/2019,2019 Roadrunner Open,Angelo Rini (Columbia),Edward Flores (CSU Bakersfield),Angelo Rini,Dec 10-5,Dec 4-0,Dec 10-5 | Dec 4-0
2020,added,11/03/2019,2019 Southeast Open Wrestling Tournament,Paxton Rosen (Campbell),Dack Punke (Missouri),Dack Punke,Dec 4-2,Dec 3-0,Dec 3-0 | Dec 4-2
2020,added,11/17/2019,Wolfpack Wrestling Club Open,Charles Lenox (NC State),Hunter Graf (Virginia Tech),Charles Lenox,Dec 4-0,Dec 5-2,Dec 4-0 | Dec 5-2
2020,added,11/02/2019,Michigan State Open,Devin Schroder (Purdue),Michael Colaiocco (Pennsylvania),Devin Schroder,Dec 4-3,Dec 5-4,Dec 4-3 | Dec 5-4
2020,added,03/08/2020,ACC Championships,Joey Prata (Virginia Tech),Louis Newell (Pittsburgh),Joey Prata,Dec 5-2,Dec 6-4,Dec 5-2 | Dec 6-4
2020,added,03/08/2020,Big Ten Championships,Eric Barnett (Wisconsin),Nic Aguilar (Rutgers),Nic Aguilar,Dec 7-5,Dec 6-0,Dec 6-0 | Dec 7-5
2020,added,11/17/2019,Black Knight Invite,Josh Mason (Bloomsburg),Brock Bergelin (Central Michigan),Brock Bergelin,Fall 3:45,Fall 1:15,Fall 1:15 | Fall 3:45
2020,added,11/10/2019,Journeymen Collegiate Classic Presented by Defense Soap,Charlie Faber (Brown),Noah Burstein (Davidson),Charlie Faber,Dec 0-4,Dec 4-0,Dec 0-4 | Dec 4-0
2020,added,11/10/2019,jonathan kaloust bearcat open,David Campbell (Bucknell),Brandon Loperfido (Lock Haven),David Campbell,Dec 3-2,SV-1 3-1,Dec 3-2 | SV-1 3-1
2020,added,01/04/2020,David Lehman F&M open,Darren Miller (Bucknell),Carmen Ferrante (Pennsylvania),Carmen Ferrante,Dec 6-0,TB-1 1-0,Dec 6-0 | TB-1 1-0
2020,added,11/17/2019,Wolfpack Wrestling Club Open,Sam Book (Virginia),Gabe Hixenbaugh (Campbell),Gabe Hixenbaugh,Dec 10-3,Dec 12-10,Dec 10-3 | Dec 12-10
2020,added,11/03/2019,2019 Southeast Open Wrestling Tournament,Jaime Hernandez (North Carolina),Wade Cummings (Chattanooga),Jaime Hernandez,MD 17-6,MD 16-6,MD 16-6 | MD 17-6
2020,added,11/03/2019,2019 Southeast Open Wrestling Tournament,Joseph Heilmann (North Carolina),Franco Valdes (Chattanooga),Franco Valdes,Dec 2-2,Dec 4-1,Dec 2-2 | Dec 4-1
2020,added,11/03/2019,Princeton Open,Trent Svingala (Columbia),Devon Britton (Rutgers),Devon Britton,Dec 9-5,Dec 10-5,Dec 10-5 | Dec 9-5
2020,added,03/08/2020,Big 12 Championships,Lawrence Saenz (Fresno State),Montorie Bridges (Wyoming),Montorie Bridges,Dec 8-5,Dec 5-3,Dec 5-3 | Dec 8-5
2020,added,12/14/2019,UNI open,Connor Brown (Missouri),Cayden Rooks (Indiana),Connor Brown,SV-1 9-7,Dec 7-2,Dec 7-2 | SV-1 9-7
2020,added,11/10/2019,Harold Nichols Cyclone Open,Ramazan Attasauov (Iowa State),Jack Skudlarczyk (Northern Iowa),Jack Skudlarczyk,Dec 7-3,Dec 9-4,Dec 7-3 | Dec 9-4
2020,added,11/03/2019,Battle at the Citadel,Kai Orine (NC State),Brandon Kier (Stanford),Kai Orine,Dec 10-3,SV-1 3-1,Dec 10-3 | SV-1 3-1
2020,added,12/30/2019,Midlands,Salvatore Profaci (American),Dresden Simon (Central Michigan),Dresden Simon,Dec 9-5,Dec 6-5,Dec 6-5 | Dec 9-5
2020,added,11/24/2019,Keystone Classic,Wilfredo Gil (Franklin & Marshall),Dawson Bates (Appalachian State),Wilfredo Gil,TB-2 (RT) 4-2,Dec 5-2,Dec 5-2 | TB-2 (RT) 4-2
2020,added,11/24/2019,Keystone Classic,Robbie Cleary (Rider),Bradley Irwin (Appalachian State),Bradley Irwin,Dec 4-2,Dec 9-6,Dec 4-2 | Dec 9-6
2020,added,11/17/2019,Warren Williamson/Daktronics Open,Martin Wilkie (Minnesota),Anthony Sparacio (Binghamton),Anthony Sparacio,Dec 11-10,Dec 13-7,Dec 11-10 | Dec 13-7
2020,added,01/19/2020,Purple Raider Open,Jack Gorman (Cleveland State),Drew Mattin (Michigan),Drew Mattin,Fall 2:54,Fall 4:34,Fall 2:54 | Fall 4:34
2020,added,11/03/2019,Princeton Open,Matt Kazimir (Columbia),Malyke Hines (Lehigh),Matt Kazimir,TF 16-0 0:00,TF 18-0 4:29,TF 16-0 0:00 | TF 18-0 4:29
2020,added,03/08/2020,Big Ten Championships,Matt Santos (Michigan State),Eddie Bolivar (Indiana),Matt Santos,Dec 3-2,Dec 4-2,Dec 3-2 | Dec 4-2
2020,added,11/09/2019,Bison Open,Clay Carlson (South Dakota State),Dylan Droegemueller (North Dakota State),Clay Carlson,Dec 6-4,Dec 5-3,Dec 5-3 | Dec 6-4
2020,added,03/08/2020,ACC Championships,Brian Courtney (Virginia),Cole Matthews (Pittsburgh),Cole Matthews,SV-1 3-1,Dec 7-6,Dec 7-6 | SV-1 3-1
2020,added,03/08/2020,EIWA Championships,PJ Ogunsanya (Army West Point),Jimmy Hoffman (Lehigh),PJ Ogunsanya,Dec 3-2,Dec 2-1,Dec 2-1 | Dec 3-2
2020,added,11/10/2019,Journeymen Collegiate Classic Presented by Defense Soap,Ricky Cabanillas (Brown),Austin Wilson (Lock Haven),Ricky Cabanillas,SV-1 6-4,Dec 6-4,Dec 6-4 | SV-1 6-4
2020,added,11/10/2019,Journeymen Collegiate Classic Presented by Defense Soap,Ricky Cabanillas (Brown),Zack Zeamer (Oklahoma),Ricky Cabanillas,Dec 0-2,Dec 2-0,Dec 0-2 | Dec 2-0
2020,added,11/02/2019,Michigan State Open,Luke Baughman (Indiana),Mason Breece (Central Michigan),Mason Breece,Dec 7-2,Dec 3-1,Dec 3-1 | Dec 7-2
2020,added,11/24/2019,Keystone Classic,Job Chishko (VMI),Vincent Foggia (Drexel),Vincent Foggia,Dec 3-0,Dec 8-2,Dec 3-0 | Dec 8-2
2020,added,11/03/2019,Princeton Open,Reece Heller (Hofstra),Gino Fluri (Rider),Reece Heller,Dec 10-9,Dec 12-11,Dec 10-9 | Dec 12-11
2020,added,03/08/2020,Big 12 Championships,Andrew Alirez (Northern Colorado),Jarrett Degen (Iowa State),Jarrett Degen,Dec 5-3,Dec 4-3,Dec 4-3 | Dec 5-3
2020,added,11/23/2019,Lindenwood Open,Mitchell Bohlken (Missouri),Kyle Prewitt (Little Rock),Kyle Prewitt,Dec 5-3,Dec 7-5,Dec 5-3 | Dec 7-5
2020,added,01/02/2020,Southern Scuffle,Requir van der Merwe (Stanford),Jaden VanMaanen (North Dakota State),Requir van der Merwe,MD 10-1,MD 17-5,MD 10-1 | MD 17-5
2020,added,03/08/2020,Big Ten Championships,Jarod Verkleeren (Penn State),Yahya Thomas (Northwestern),Yahya Thomas,Dec 6-3,Dec 4-2,Dec 4-2 | Dec 6-3
2020,added,01/02/2020,Southern Scuffle,Luke Weber (North Dakota State),Matt Zovistoski (Appalachian State),Luke Weber,Dec 5-4,Dec 7-6,Dec 5-4 | Dec 7-6
2020,added,12/07/2019,Patriots Open,Taylor Brown (Army West Point),Cody Harrison (Rutgers),Taylor Brown,SV-1 (Fall) 7:17,Fall 7:17,Fall 7:17 | SV-1 (Fall) 7:17
2020,added,01/26/2020,43rd annual California Collegiate Open,Brock Rogers (CSU Bakersfield),Maxwell Hammond (California Baptist),Brock Rogers,TB-1 7-6,Dec 6-4,Dec 6-4 | TB-1 7-6
2020,added,11/17/2019,Black Knight Invite,Jahi Jones (Maryland),Logan Parks (Central Michigan),Logan Parks,Dec 4-1,Dec 3-2,Dec 3-2 | Dec 4-1
2020,added,02/16/2020,JCU Open,Caleb Cass (Cleveland State),Quinn Kinner (Ohio State),Quinn Kinner,Fall 2:40,Fall 3:43,Fall 2:40 | Fall 3:43
2020,added,11/03/2019,Princeton Open,Austin (AJ) Burkhart (Lehigh),Riley Jacops (Columbia),Riley Jacops,Dec 8-5,Dec 9-5,Dec 8-5 | Dec 9-5
2020,added,12/14/2019,UNI open,Dalton Lakmann (South Dakota State),Joey Sanchez (Indiana),Joey Sanchez,Dec 5-2,Dec 7-6,Dec 5-2 | Dec 7-6
2020,added,11/23/2019,Lindenwood Open,Grant Stotts (Iowa State),Phyllip DeLoach (Missouri),Grant Stotts,Dec 4-2,Dec 6-5,Dec 4-2 | Dec 6-5
2020,added,11/09/2019,Bison Open,Kasper McIntosh (Minnesota),Luke Weber (North Dakota State),Kasper McIntosh,Dec 3-2,Dec 3-2,Dec 3-2
2020,added,11/23/2019,Lindenwood Open,Jalin Harper (Oklahoma State),Phyllip DeLoach (Missouri),Phyllip DeLoach,Dec 4-2,Dec 7-6,Dec 4-2 | Dec 7-6
2020,added,11/17/2019,Warren Williamson/Daktronics Open,John Blankenship (Nebraska),Cade DeVos (South Dakota State),Cade DeVos,Dec 10-7,Dec 5-4,Dec 10-7 | Dec 5-4
2020,added,03/08/2020,2020 MAC Wrestling Championships03,Larry Early (Old Dominion),Justin Ruffin (SIU Edwardsville),Larry Early,SV-1 11-9,Dec 6-4,Dec 6-4 | SV-1 11-9
2020,added,11/24/2019,Keystone Classic,Justin McCoy (Virginia),Cam Connor (Pennsylvania),Justin McCoy,MD 11-3,MD 10-2,MD 10-2 | MD 11-3
2020,added,11/24/2019,Keystone Classic,Brandon Levesque (Sacred Heart),Emmett LiCastri (Franklin & Marshall),Emmett LiCastri,Dec 5-3,SV-1 3-1,Dec 5-3 | SV-1 3-1
2020,added,12/14/2019,UNI open,Zane Mulder (Iowa State),austin yant (Northern Iowa),austin yant,SV-1 10-8,Dec 3-2,Dec 3-2 | SV-1 10-8
2020,added,03/08/2020,Big Ten Championships,Isaiah White (Nebraska),Ethan Smith (Ohio State),Isaiah White,Dec 5-2,Dec 3-2,Dec 3-2 | Dec 5-2
2020,added,12/07/2019,38th Annual Cliff Keen Las Vegas Collegiate Wrestling Invitational,Ethan Smith (Ohio State),Shayne Oster (Northwestern),Ethan Smith,Dec 12-6,Dec 5-4,Dec 12-6 | Dec 5-4
2020,added,03/01/2020,National Collegiate Open,Robert Kannaird (Rutgers),Jake Stefanowicz (Pennsylvania),Robert Kannaird,Dec 9-4,Dec 10-4,Dec 10-4 | Dec 9-4
2020,added,12/07/2019,Cougar Clash,Cade Wilson (Brown),Nate Jimenez (Michigan State),Nate Jimenez,Dec 4-3,Dec 6-5,Dec 4-3 | Dec 6-5
2020,added,02/23/2020,Mat-Town Open II,Creighton Edsell (Penn State),Jake Logan (Lehigh),Jake Logan,Dec 3-2,TB-2 (RT) 6-5,Dec 3-2 | TB-2 (RT) 6-5
2020,added,03/08/2020,Big Ten Championships,Maximillion (Max) Maylor (Michigan),Eric Yang (Northwestern),Maximillion (Max) Maylor,Dec 6-0,Dec 5-0,Dec 5-0 | Dec 6-0
2020,added,11/02/2019,Michigan State Open,Layne Malczewski (Michigan State),Jake Hendricks (Pennsylvania),Layne Malczewski,Dec 5-0,Dec 7-3,Dec 5-0 | Dec 7-3
2020,added,03/08/2020,Big Ten Championships,Devin Skatzka (Minnesota),Mikey Labriola (Nebraska),Devin Skatzka,Dec 6-2,Dec 8-3,Dec 6-2 | Dec 8-3
2020,added,11/03/2019,2019 Southeast Open Wrestling Tournament,Neal Richards (VMI),Clay Lautt (North Carolina),Neal Richards,Dec 5-2,Dec 12-6,Dec 12-6 | Dec 5-2
2020,added,11/23/2019,Lindenwood Open,Kevin Gschwendtner (SIU Edwardsville),Troy Fisher (Northwestern),Troy Fisher,Dec 9-7,Dec 5-4,Dec 5-4 | Dec 9-7
2020,added,03/08/2020,Big Ten Championships,Kaleb Romero (Ohio State),Dylan Lydy (Purdue),Dylan Lydy,Dec 4-2,SV-1 3-1,Dec 4-2 | SV-1 3-1
2020,added,12/07/2019,38th Annual Cliff Keen Las Vegas Collegiate Wrestling Invitational,Jelani Embree (Michigan),Samuel Colbray (Iowa State),Samuel Colbray,TB-2 3-2,Dec 3-2,Dec 3-2 | TB-2 3-2
2020,added,12/30/2019,Midlands,Noah Stewart (Army West Point),Andrew Morgan (Campbell),Andrew Morgan,Dec 6-4,Dec 5-3,Dec 5-3 | Dec 6-4
2020,added,11/10/2019,Journeymen Collegiate Classic Presented by Defense Soap,David Heath (Brown),Lachlan Rosato (Davidson),David Heath,MD 2-10,MD 10-2,MD 10-2 | MD 2-10
2020,added,03/01/2020,National Collegiate Open,Max Shaw (North Carolina),Garrett Strang (California Baptist),Max Shaw,Dec 6-1,Dec 8-2,Dec 6-1 | Dec 8-2
2020,added,11/23/2019,Navy Classic,Billy Janzer (Rutgers),Cody Mulligan (Edinboro),Billy Janzer,Dec 5-3,SV-1 4-2,Dec 5-3 | SV-1 4-2
2020,added,11/02/2019,Michigan State Open,Zach Braunagel (Illinois),Hunter Yeargan (Ohio),Zach Braunagel,MD 11-1,MD 11-2,MD 11-1 | MD 11-2
2020,added,03/08/2020,Big Ten Championships,Jake Hinz (Indiana),Jack Jessen (Northwestern),Jack Jessen,Dec 7-4,Dec 11-6,Dec 11-6 | Dec 7-4
2020,added,11/10/2019,Journeymen Collegiate Classic Presented by Defense Soap,Connor Rossi (Sacred Heart),Dan McClure (LIU),Dan McClure,MD 0-12,MD 12-0,MD 0-12 | MD 12-0
2020,added,12/07/2019,38th Annual Cliff Keen Las Vegas Collegiate Wrestling Invitational,Hunter Bolen (Virginia Tech),Taylor Lujan (Northern Iowa),Hunter Bolen,Dec 9-7,Dec 10-8,Dec 10-8 | Dec 9-7
2020,added,03/08/2020,Big Ten Championships,Rocky Jordan (Ohio State),Max Lyon (Purdue),Rocky Jordan,Dec 7-1,Dec 6-1,Dec 6-1 | Dec 7-1
2020,added,03/08/2020,2020 MAC Wrestling Championships03,Antonio Agee (Old Dominion),George Walton (Rider),Antonio Agee,TB-2 7-6,TB-1 4-3,TB-1 4-3 | TB-2 7-6
2020,added,01/19/2020,Roger Denker Open,Sergio Villalobos (SIU Edwardsville),Cordel Duhart (Missouri),Cordel Duhart,Dec 6-4,SV-1 6-4,Dec 6-4 | SV-1 6-4
2020,added,11/24/2019,Keystone Classic,Vincent Baker (Duke),Demazio Samuel (Appalachian State),Demazio Samuel,Dec 6-5,Dec 6-3,Dec 6-3 | Dec 6-5
2020,added,11/03/2019,2019 Southeast Open Wrestling Tournament,Evan Clark (Davidson),Jack Trautman (Gardner-Webb),Jack Trautman,Dec 4-1,Dec 4-2,Dec 4-1 | Dec 4-2
2020,added,01/10/2020,vs. Rider,Ethan Laird (Rider),Vincent Baker (Duke),Ethan Laird,MD 15-5,MD 14-5,MD 14-5 | MD 15-5
2020,added,03/08/2020,2020 MAC Wrestling Championships03,Colin McCracken (Kent State),Dylan Reynolds (Edinboro),Colin McCracken,Dec 3-2,Dec 5-2,Dec 3-2 | Dec 5-2
2020,added,12/14/2019,UNI open,Spencer Irick (Indiana),Nick Willham (Indiana),Nick Willham,SV-1 3-1,Dec 3-1,Dec 3-1 | SV-1 3-1
2020,added,11/23/2019,Lindenwood Open,Wyatt Koelling (Missouri),Connor Corbin (Iowa),Wyatt Koelling,Dec 10-3,Dec 6-2,Dec 10-3 | Dec 6-2
2020,added,11/09/2019,Bison Open,Dylan Anderson (Minnesota),Cole Witzig (North Dakota State),Dylan Anderson,Dec 5-2,Dec 3-1,Dec 3-1 | Dec 5-2
2020,added,11/24/2019,Keystone Classic,Yaraslau Slavikouski (Harvard),Sean O`Malley (Drexel),Yaraslau Slavikouski,Dec 5-2,Dec 8-4,Dec 5-2 | Dec 8-4
2020,added,11/10/2019,Journeymen Collegiate Classic Presented by Defense Soap,Reggie Poulin (Hofstra),Greg Hagan (Indiana),Greg Hagan,Dec 0-6,Dec 6-0,Dec 0-6 | Dec 6-0
2020,added,03/08/2020,Big Ten Championships,Thomas Penola (Purdue),Luke Luffman (Illinois),Thomas Penola,Dec 3-2,Dec 7-2,Dec 3-2 | Dec 7-2
2020,added,12/07/2019,38th Annual Cliff Keen Las Vegas Collegiate Wrestling Invitational,Gannon Gremmel (Iowa State),Tate Orndorff (Utah Valley),Tate Orndorff,Dec 7-3,Dec 3-2,Dec 3-2 | Dec 7-3
2020,added,02/23/2020,Mat-Town Open II,Cole Nye (Pittsburgh),Victor Lacombe (Lehigh),Cole Nye,Dec 3-2,Dec 8-4,Dec 3-2 | Dec 8-4
2020,added,03/08/2020,2020 MAC Wrestling Championships03,Colton McKiernan (SIU Edwardsville),Jacob Bohlken (Missouri),Colton McKiernan,Dec 3-1,Dec 3-2,Dec 3-1 | Dec 3-2
2020,added,11/17/2019,Warren Williamson/Daktronics Open,Austin Emerson (Nebraska),Blake Wolters (South Dakota State),Austin Emerson,Dec 5-3,Dec 3-2,Dec 3-2 | Dec 5-3
2020,added,03/08/2020,ACC Championships,Andrew Gunning (North Carolina),John Borst (Virginia Tech),John Borst,Dec 3-0,Dec 5-1,Dec 3-0 | Dec 5-1
2020,added,11/09/2019,Mountaineer Open,Jamarcus Grant (Oregon State),Brandon Ngati (West Virginia),Brandon Ngati,Dec 4-1,Dec 3-2,Dec 3-2 | Dec 4-1
2021,added,02/26/2021,EIWA Championships,Ryan Chauvin (Army West Point),Kyle Waterman (Drexel),Kyle Waterman,Dec 4-3,TB-2 (RT) 3-2,Dec 4-3 | TB-2 (RT) 3-2
2021,added,02/26/2021,EIWA Championships,Dylan Ryder (Hofstra),Brandon Seidman (Bucknell),Dylan Ryder,Dec 6-2,SV-1 6-2,Dec 6-2 | SV-1 6-2
2021,added,01/17/2021,vs. The Citadel,Jordie White (The Citadel),Fabian Gutierrez (Chattanooga),Fabian Gutierrez,MD 11-2,MD 12-2,MD 11-2 | MD 12-2
2021,added,02/28/2021,2021 ACC Wrestling Championship,Wil Guida (North Carolina),Patrick McCormick (Virginia),Patrick McCormick,Dec 6-1,Dec 6-3,Dec 6-1 | Dec 6-3
2021,added,03/20/2021,NCAA Division I Championships,Sam Latona (Virginia Tech),Taylor LaMont (Utah Valley),Taylor LaMont,Dec 4-1,Dec 7-4,Dec 4-1 | Dec 7-4
2021,added,03/06/2021,Bakersfield / Stanford RR,Suhas Chundi (Stanford),Chance Rich (CSU Bakersfield),Chance Rich,TF 15-0 3:11,TF 18-0 2:43,TF 15-0 3:11 | TF 18-0 2:43
2021,added,02/28/2021,Pac 12`s,Benny Martinez (Cal Poly),Jason Miranda (Stanford),Jason Miranda,MD 9-0,MD 9-0,MD 9-0
2021,added,02/28/2021,2021 Southern Conference Championship,Todd Carter (Gardner-Webb),Colton Landers (Chattanooga),Todd Carter,Dec 5-3,Dec 9-4,Dec 5-3 | Dec 9-4
2021,added,03/07/2021,2021 Big Ten Wrestling Championships,Jordan Hamdan (Michigan State),Boo Dryden (Minnesota),Jordan Hamdan,Dec 9-2,Dec 3-2,Dec 3-2 | Dec 9-2
2021,added,02/28/2021,2021 ACC Wrestling Championship,Jarrett Trombley (NC State),Louie Hayes (Virginia),Louie Hayes,Dec 3-2,Dec 4-1,Dec 3-2 | Dec 4-1
2021,added,03/07/2021,2021 Big Ten Wrestling Championships,Jacob Rundell (Purdue),Kyle Burwick (Wisconsin),Kyle Burwick,Dec 4-3,Dec 3-2,Dec 3-2 | Dec 4-3
2021,added,02/28/2021,Pac 12`s,Conner Ward (Little Rock),Julian Chlebove (Arizona State),Conner Ward,Fall 2:30,Fall 1:03,Fall 1:03 | Fall 2:30
2021,added,02/11/2021,vs. Buffalo,Matt Ryan (Buffalo),Josh Mason (Bloomsburg),Josh Mason,SV-1 5-3,Dec 7-5,Dec 7-5 | SV-1 5-3
2021,added,02/26/2021,EIWA Championships,Connor McGonagle (Lehigh),Julian Flores (Drexel),Connor McGonagle,Dec 3-0,Dec 2-0,Dec 2-0 | Dec 3-0
2021,added,02/26/2021,EIWA Championships,Vinny Vespa (Hofstra),Drew Witham (LIU),Vinny Vespa,Dec 8-1,Dec 6-1,Dec 6-1 | Dec 8-1
2021,added,03/20/2021,NCAA Division I Championships,Dylan Duncan (Illinois),Sebastian Rivera (Rutgers),Sebastian Rivera,Dec 7-4,Dec 10-4,Dec 10-4 | Dec 7-4
2021,added,03/07/2021,2021 Big Ten Wrestling Championships,Cayden Rooks (Indiana),Marcos Polanco (Minnesota),Cayden Rooks,Dec 5-2,Dec 5-4,Dec 5-2 | Dec 5-4
2021,added,03/07/2021,2021 Big Ten Wrestling Championships,Danny Bertoni (Maryland),Dylan D`Emilio (Ohio State),Dylan D`Emilio,Dec 9-4,Dec 3-1,Dec 3-1 | Dec 9-4
2021,added,03/07/2021,2021 Big Ten Wrestling Championships,Chad Red (Nebraska),Colin Valdiviez (Northwestern),Chad Red,MD 13-2,MD 10-2,MD 10-2 | MD 13-2
2021,added,01/17/2021,vs. The Citadel,Selwyn Porter (The Citadel),Aidan Murphy (Chattanooga),Selwyn Porter,Dec 5-2,Dec 6-2,Dec 5-2 | Dec 6-2
2021,added,02/28/2021,2021 Southern Conference Championship,Selwyn Porter (The Citadel),Aidan Murphy (Chattanooga),Selwyn Porter,Dec 4-2,Dec 9-3,Dec 4-2 | Dec 9-3
2021,added,03/07/2021,2021 Big 12 Championships,Kyle Parco (Fresno State),Jarrett Degen (Iowa State),Kyle Parco,Dec 9-4,Dec 4-3,Dec 4-3 | Dec 9-4
2021,added,01/10/2021,vs. Oregon State,Kyle Prewitt (Little Rock),Riley Gurr (Oregon State),Riley Gurr,MD 12-4,MD 14-6,MD 12-4 | MD 14-6
2021,added,03/20/2021,NCAA Division I Championships,Jaden Abas (Stanford),Yahya Thomas (Northwestern),Yahya Thomas,Dec 7-1,Dec 6-2,Dec 6-2 | Dec 7-1
2021,added,02/26/2021,EIWA Championships,Rhise Royster (LIU),Matt Swanson (Binghamton),Rhise Royster,Dec 9-4,Dec 12-6,Dec 12-6 | Dec 9-4
2021,added,01/31/2021,vs. Stanford,James Aziere (Little Rock),Charlie Darracott (Stanford),Charlie Darracott,Fall 5:30,Fall 5:32,Fall 5:30 | Fall 5:32
2021,added,03/07/2021,2021 Big 12 Championships,Cayd Lara (Northern Iowa),Danny Snediker (Utah Valley),Danny Snediker,Dec 7-6,Dec 12-7,Dec 12-7 | Dec 7-6
2021,added,03/07/2021,2021 Big Ten Wrestling Championships,Garrett Model (Wisconsin),Elijah Cleary (Ohio State),Elijah Cleary,Dec 6-3,Dec 9-6,Dec 6-3 | Dec 9-6
2021,added,03/07/2021,2021 Big 12 Championships,Alex Hornfeck (West Virginia),Jacob Wright (Wyoming),Jacob Wright,Dec 4-2,Dec 7-1,Dec 4-2 | Dec 7-1
2021,added,01/31/2021,vs. Stanford,Alexander Hernandez (Little Rock),Tyler Eischens (Stanford),Tyler Eischens,TF 16-0 3:13,TF 17-0 3:13,TF 16-0 3:13 | TF 17-0 3:13
2021,added,03/07/2021,2021 Big Ten Wrestling Championships,Gerrit Nijenhuis (Purdue),Jake Tucker (Michigan State),Gerrit Nijenhuis,Dec 10-3,Dec 3-2,Dec 10-3 | Dec 3-2
2021,added,02/28/2021,2021 ACC Wrestling Championship,Thomas Bullard (NC State),Kennedy Monday (North Carolina),Thomas Bullard,SV-1 6-4,Dec 6-5,Dec 6-5 | SV-1 6-4
2021,added,03/20/2021,NCAA Division I Championships,Travis Wittlake (Oklahoma State),Ethan Smith (Ohio State),Travis Wittlake,Dec 7-4,Dec 4-3,Dec 4-3 | Dec 7-4
2021,added,03/20/2021,NCAA Division I Championships,Logan Massa (Michigan),Bernie Truax (Cal Poly),Bernie Truax,Dec 7-6,SV-1 3-1,Dec 7-6 | SV-1 3-1
2021,added,03/20/2021,NCAA Division I Championships,Mikey Labriola (Nebraska),Bernie Truax (Cal Poly),Mikey Labriola,Dec 8-3,Dec 4-2,Dec 4-2 | Dec 8-3
2021,added,02/27/2021,2021 MAC Wrestling Championships,Mason Kauffman (Northern Illinois),Jacob Oliver (Edinboro),Jacob Oliver,SV-1 5-4,SV-1 3-1,SV-1 3-1 | SV-1 5-4
2021,added,03/07/2021,2021 Big Ten Wrestling Championships,DJ Shannon (Illinois),Phillip Spadafora (Maryland),Phillip Spadafora,Dec 2-0,Dec 3-2,Dec 2-0 | Dec 3-2
2021,added,01/08/2021,vs. Wyoming,Sean Harman (Missouri),Hayden Hastings (Wyoming),Hayden Hastings,Dec 6-1,Dec 7-0,Dec 6-1 | Dec 7-0
2021,added,03/07/2021,2021 Big Ten Wrestling Championships,Emil Soehnlen (Purdue),Troy Fisher (Northwestern),Emil Soehnlen,Dec 3-2,Dec 4-3,Dec 3-2 | Dec 4-3
2021,added,02/14/2021,vs. Edinboro,Ethan Ducca (Edinboro),Barrett Blakely (Appalachian State),Barrett Blakely,Dec 4-3,Dec 7-5,Dec 4-3 | Dec 7-5
2021,added,01/17/2021,vs. The Citadel,Kyle Kretzer (The Citadel),Matthew Waddell (Chattanooga),Kyle Kretzer,Dec 6-1,Dec 7-1,Dec 6-1 | Dec 7-1
2021,added,02/27/2021,2021 MAC Wrestling Championships,Max Wohlabaugh (Clarion),DeAndre Nassar (Cleveland State),DeAndre Nassar,SV-3 5-3,Dec 3-2,Dec 3-2 | SV-3 5-3
2021,added,02/27/2021,2021 MAC Wrestling Championships,George Walton (Rider),Ethan Ducca (Edinboro),Ethan Ducca,Dec 5-2,Dec 16-11,Dec 16-11 | Dec 5-2
2021,added,03/07/2021,2021 Big Ten Wrestling Championships,Jaden Bullock (Michigan),Jon Halvorsen (Northwestern),Jon Halvorsen,MD 13-1,MD 12-3,MD 12-3 | MD 13-1
2021,added,03/20/2021,NCAA Division I Championships,John Poznanski (Rutgers),Dakota Geer (Oklahoma State),John Poznanski,Dec 10-6,Dec 7-3,Dec 10-6 | Dec 7-3
2021,added,03/07/2021,2021 Big 12 Championships,Marcus Coleman (Iowa State),Noah Adams (West Virginia),Noah Adams,Dec 6-3,Dec 3-2,Dec 3-2 | Dec 6-3
2021,added,03/20/2021,NCAA Division I Championships,Jake Woodley (Oklahoma),Rocky Elam (Missouri),Rocky Elam,Dec 9-3,Dec 4-1,Dec 4-1 | Dec 9-3
2021,added,03/20/2021,NCAA Division I Championships,Cohlton Schultz (Arizona State),Tony Cassioppi (Iowa),Tony Cassioppi,Dec 5-0,Dec 4-1,Dec 4-1 | Dec 5-0
2021,added,02/26/2021,EIWA Championships,Zachary Knighton-Ward (Hofstra),Joe Doyle (Binghamton),Zachary Knighton-Ward,Dec 7-2,Dec 9-2,Dec 7-2 | Dec 9-2
2021,added,02/14/2021,vs. Edinboro,Max Millin (Edinboro),Robert Unruh (Buffalo),Max Millin,Dec 8-3,Dec 12-6,Dec 12-6 | Dec 8-3
2021,added,02/26/2021,EIWA Championships,Sean O`Malley (Drexel),Johnathan Birchmeier (Navy),Johnathan Birchmeier,Dec 3-2,Dec 8-4,Dec 3-2 | Dec 8-4
2021,added,03/20/2021,NCAA Division I Championships,Gannon Gremmel (Iowa State),Trent Hillger (Wisconsin),Gannon Gremmel,Dec 4-0,TB-1 2-1,Dec 4-0 | TB-1 2-1
2021,added,03/07/2021,2021 Big 12 Championships,Brandon Metz (North Dakota State),Carter Isley (Northern Iowa),Brandon Metz,SV-1 3-1,TB-3 4-3,SV-1 3-1 | TB-3 4-3
2022,added,03/06/2022,2022 EIWA Championships,Reese Fry (Brown),Brandon Seidman (Bucknell),Brandon Seidman,Dec 9-4,Dec 11-4,Dec 11-4 | Dec 9-4
2022,added,03/05/2022,MAC Championships,Tristan Daugherty (Buffalo),Brock Bergelin (Central Michigan),Brock Bergelin,Dec 4-0,SV-1 6-4,Dec 4-0 | SV-1 6-4
2022,added,03/05/2022,MAC Championships,Tristan Daugherty (Buffalo),oscar Sanchez (Ohio),Tristan Daugherty,TB-1 4-3,Dec 2-1,Dec 2-1 | TB-1 4-3
2022,added,01/02/2022,Southern Scuffle,Greg Diakomihalis (Cornell),Eddie Ventresca (Virginia Tech),Greg Diakomihalis,SV-1 5-3,Dec 5-3,Dec 5-3 | SV-1 5-3
2022,added,11/06/2021,Michigan State Open,Zachary Soda (Edinboro),Andrew Hampton (Michigan State),Andrew Hampton,Dec 3-1,Dec 4-3,Dec 3-1 | Dec 4-3
2022,added,03/06/2022,2022 Big Ten Wrestling Championships,Jerimiah Reno (Nebraska),Jacob Moran (Indiana),Jacob Moran,Dec 9-7,SV-1 13-11,Dec 9-7 | SV-1 13-11
2022,added,01/02/2022,Southern Scuffle,Noah Surtin (Missouri),Drake Ayala (Iowa),Drake Ayala,Dec 9-3,SV-1 14-10,Dec 9-3 | SV-1 14-10
2022,added,12/04/2021,Cougar Clash,Lucian Brink (Northern Illinois),Jayden Carson (Little Rock),Lucian Brink,Dec 7-3,Dec 12-5,Dec 12-5 | Dec 7-3
2022,added,03/06/2022,Pac 12 Championships,Jayden Carson (Little Rock),Logan Ashton (Stanford),Logan Ashton,Dec 3-1,Dec 2-1,Dec 2-1 | Dec 3-1
2022,added,11/20/2021,Navy Classic,Julian Saldaña (Michigan State),oscar Sanchez (Ohio),oscar Sanchez,Dec 6-3,Dec 8-4,Dec 6-3 | Dec 8-4
2022,added,03/06/2022,ACC Championships,Spencer Moore (North Carolina),Patrick McCormick (Virginia),Patrick McCormick,Dec 2-1,Dec 4-3,Dec 2-1 | Dec 4-3
2022,added,11/21/2021,Roadrunner Open,Yusief Lillie (Utah Valley),Cameron Enriquez (Oregon State),Cameron Enriquez,SV-1 2-1,Dec 3-1,Dec 3-1 | SV-1 2-1
2022,added,01/29/2022,Mat Town Open II,Gary Steen (Penn State),Jace Schafer (West Virginia),Gary Steen,Dec 3-1,Dec 5-2,Dec 3-1 | Dec 5-2
2022,added,03/05/2022,MAC Championships,Aaron Schulist (SIU Edwardsville),Cole Rhone (Bloomsburg),Cole Rhone,Fall 0:58,Fall 4:00,Fall 0:58 | Fall 4:00
2022,added,12/04/2021,Cliff Keen Las Vegas Collegiate Invitational,Dylan Koontz (Ohio State),Chance Rich (CSU Bakersfield),Chance Rich,Dec 7-5,SV-1 7-5,Dec 7-5 | SV-1 7-5
2022,added,11/21/2021,Roadrunner Open,Haiden Drury (Utah Valley),Abe Hinrichsen (Cal Poly),Haiden Drury,TB-2 (RT) 4-3,Dec 4-3,Dec 4-3 | TB-2 (RT) 4-3
2022,added,03/06/2022,2022 Big Ten Wrestling Championships,Kyle Burwick (Wisconsin),Brock Hudkins (Indiana),Brock Hudkins,Dec 5-1,Dec 4-1,Dec 4-1 | Dec 5-1
2022,added,12/30/2021,Matmen Open,Carter Bailey (Lehigh),Julian Farber (Northern Iowa),Carter Bailey,Dec 6-0,Dec 11-4,Dec 11-4 | Dec 6-0
2022,added,12/04/2021,Cougar Clash,Mikey Kaminski (Northern Illinois),Jaylen Carson (Little Rock),Mikey Kaminski,Dec 3-2,Dec 4-1,Dec 3-2 | Dec 4-1
2022,added,12/04/2021,Cliff Keen Las Vegas Collegiate Invitational,Matt Ramos (Purdue),Josh Koderhandt (Navy),Josh Koderhandt,Dec 7-0,Dec 7-2,Dec 7-0 | Dec 7-2
2022,added,02/11/2022,vs. South Dakota State,Dyson Kunz (Northern Colorado),Gabriel Tagg (South Dakota State),Gabriel Tagg,MD 11-1,MD 15-2,MD 11-1 | MD 15-2
2022,added,11/06/2021,Michigan State Open,Nathaniel Genobana (Northern Illinois),Chase Liardi (Ohio State),Chase Liardi,Dec 1-0,Dec 2-0,Dec 1-0 | Dec 2-0
2022,added,11/14/2021,Jonathan Kaloust Bearcat Open,Bryan Miraglia (Rider),Ethan Szerencsits (American),Ethan Szerencsits,Dec 6-4,SV-1 6-4,Dec 6-4 | SV-1 6-4
2022,added,11/21/2021,Keystone Classic,Wilfredo Gil (Franklin & Marshall),Heath Gonyer (Appalachian State),Heath Gonyer,Dec 6-3,Dec 3-2,Dec 3-2 | Dec 6-3
2022,added,12/04/2021,Cliff Keen Las Vegas Collegiate Invitational,Angelo Martinoni (CSU Bakersfield),Jakob Bergeland (Minnesota),Jakob Bergeland,MD 9-0,MD 9-1,MD 9-0 | MD 9-1
2022,added,01/16/2022,Purple Raider Open,Chandler Ho (Clarion),Blake Noonan (Michigan State),Blake Noonan,Dec 1-0,Dec 2-0,Dec 1-0 | Dec 2-0
2022,added,03/06/2022,2022 Big 12 Championships,Jacob Butler (Oklahoma),Ian Parker (Iowa State),Ian Parker,Dec 8-7,Dec 7-4,Dec 7-4 | Dec 8-7
2022,added,02/20/2022,Last Chance,Drew Woodley (Iowa State),Vance Vombaur (Minnesota),Vance Vombaur,Dec 8-2,Dec 3-0,Dec 3-0 | Dec 8-2
2022,added,03/06/2022,2022 Big 12 Championships,Ty Smith (Utah Valley),Carter Young (Oklahoma State),Carter Young,Dec 7-4,Dec 6-2,Dec 6-2 | Dec 7-4
2022,added,03/06/2022,ACC Championships,Collin Gerardi (Virginia Tech),Dylan Cedeno (Virginia),Dylan Cedeno,Dec 7-5,Dec 1-0,Dec 1-0 | Dec 7-5
2022,added,11/07/2021,ESU Open,Matthew Williams (Army West Point),Ben Bancroft (Navy),Matthew Williams,Fall 0:59,Fall 1:02,Fall 0:59 | Fall 1:02
2022,added,03/19/2022,NCAA Division I Championships,Bryce Andonian (Virginia Tech),Jonathan Millner (Appalachian State),Bryce Andonian,Dec 9-4,Dec 16-11,Dec 16-11 | Dec 9-4
2022,added,03/05/2022,MAC Championships,John Arceri (Buffalo),Corbyn Munson (Central Michigan),Corbyn Munson,Dec 1-0,Dec 4-2,Dec 1-0 | Dec 4-2
2022,added,01/02/2022,Southern Scuffle,Eddie Homrock (Michigan State),Noah Castillo (Chattanooga),Eddie Homrock,Dec 7-5,SV-1 7-5,Dec 7-5 | SV-1 7-5
2022,added,01/29/2022,Appalachian Open,Matthew Williams (Chattanooga),Patrick Evans (Virginia),Matthew Williams,Dec 4-3,Dec 3-1,Dec 3-1 | Dec 4-3
2022,added,12/11/2021,Cleveland State Open,Chance Lamer (Michigan),Marcus Robinson (Cleveland State),Marcus Robinson,Dec 12-5,Dec 10-7,Dec 10-7 | Dec 12-5
2022,added,11/21/2021,Keystone Classic,Lukus Stricker (Harvard),Kaya Sement (Pennsylvania),Lukus Stricker,Dec 5-0,Dec 4-2,Dec 4-2 | Dec 5-0
2022,added,11/13/2021,Bison Open,Clay Radenz (North Dakota State),Benjamin Lunn (Minnesota),Benjamin Lunn,Dec 6-4,SV-1 7-5,Dec 6-4 | SV-1 7-5
2022,added,11/20/2021,Shorty Hitchcock Memorial Open,Chanz Shearer (Clarion),Kenneth Kiser (Army West Point),Chanz Shearer,Dec 7-4,Dec 10-7,Dec 10-7 | Dec 7-4
2022,added,02/05/2022,Messiah Open,Matt Romanelli (Columbia),Tyler Martin (Binghamton),Matt Romanelli,TF 17-0 0:00,TF 16-0 0:00,TF 16-0 0:00 | TF 17-0 0:00
2022,added,12/30/2021,Matmen Open,Alex Carida (Bloomsburg),Jake Keating (Virginia),Jake Keating,Dec 5-3,Dec 2-7,Dec 2-7 | Dec 5-3
2022,added,01/02/2022,Southern Scuffle,Hunter Shaut (Buffalo),Sebastian Robles (Iowa),Hunter Shaut,SV-1 6-4,Dec 6-4,Dec 6-4 | SV-1 6-4
2022,added,01/02/2022,Southern Scuffle,Hunter Richard (Cornell),Jarrett Jacques (Missouri),Jarrett Jacques,Dec 6-4,Dec 8-6,Dec 6-4 | Dec 8-6
2022,added,03/06/2022,2022 EIWA Championships,Hunter Richard (Cornell),Doug Zapf (Pennsylvania),Doug Zapf,Dec 5-3,Dec 6-4,Dec 5-3 | Dec 6-4
2022,added,03/06/2022,ACC Championships,Wade Unger (Duke),Elijah Cleary (Pittsburgh),Elijah Cleary,Dec 5-3,Dec 3-2,Dec 3-2 | Dec 5-3
2022,added,11/20/2021,Lindenwood Open,Chance McLane (Oklahoma State),Joseph Roberts (Illinois),Chance McLane,Dec 8-3,SV-1 6-4,Dec 8-3 | SV-1 6-4
2022,added,11/20/2021,Lindenwood Open,Max Kristoff (SIU Edwardsville),Jonathan Kervin (Indiana),Jonathan Kervin,Dec 12-8,Dec 11-7,Dec 11-7 | Dec 12-8
2022,added,03/06/2022,2022 Big Ten Wrestling Championships,Kaleb Young (Iowa),Brady Berge (Penn State),Brady Berge,SV-1 3-1,Dec 5-3,Dec 5-3 | SV-1 3-1
2022,added,11/28/2021,Mat Town Open 1,Luca Frinzi (Lehigh),Nic Sansone (Virginia),Nic Sansone,Dec 5-3,Dec 4-1,Dec 4-1 | Dec 5-3
2022,added,12/05/2021,Storm Open,Garrett Thompson (Ohio),Isaac Wilcox (Ohio State),Isaac Wilcox,MD 10-2,MD 10-2,MD 10-2
2022,added,01/02/2022,Southern Scuffle,Alex Hornfeck (West Virginia),Jalin Harper (Oklahoma State),Jalin Harper,Dec 2-1,Dec 3-2,Dec 2-1 | Dec 3-2
2022,added,02/20/2022,vs. Rider,Cole McComas (Rider),Brady Berge (Penn State),Brady Berge,MD 16-5,MD 14-4,MD 14-4 | MD 16-5
2022,added,12/30/2021,Matmen Open,Zach Hartman (Bucknell),Lucas Revano (Pennsylvania),Zach Hartman,Dec 4-3,Dec 7-0,Dec 4-3 | Dec 7-0
2022,added,11/28/2021,Harold Nichols Cyclone Open,Josh Grant (California Baptist),Austin Kraisser (Iowa State),Austin Kraisser,Dec 4-0,Dec 7-1,Dec 4-0 | Dec 7-1
2022,added,03/06/2022,2022 EIWA Championships,Jon Park (Navy),Evan Barczak (Drexel),Evan Barczak,Dec 5-0,SV-1 4-2,Dec 5-0 | SV-1 4-2
2022,added,01/02/2022,Southern Scuffle,Caleb Fish (Michigan State),Patrick Kennedy (Iowa),Patrick Kennedy,Dec 8-3,Dec 10-4,Dec 10-4 | Dec 8-3
2022,added,11/13/2021,Bison Open,Connor Gaynor (South Dakota State),Nathan Fuller (Minnesota),Nathan Fuller,Dec 12-8,Dec 4-3,Dec 12-8 | Dec 4-3
2022,added,01/29/2022,Appalachian Open,Kamal Adewumi (Ohio),Sonny Santiago (North Carolina),Sonny Santiago,SV-1 9-4,Dec 9-4,Dec 9-4 | SV-1 9-4
2022,added,02/13/2022,2022 Newberry Open,isaias Estrada (North Carolina),Isaiah Poppe (The Citadel),isaias Estrada,TF 20-5 0:00,TF 20-2 4:54,TF 20-2 4:54 | TF 20-5 0:00
2022,added,11/14/2021,Mountaineer Invitational,Brett Mordecai (Appalachian State),Evan Schenk (Gardner-Webb),Brett Mordecai,Dec 3-1,Dec 7-6,Dec 3-1 | Dec 7-6
2022,added,01/02/2022,Southern Scuffle,Jay Nivison (Buffalo),Paul Pierce (George Mason),Jay Nivison,SV-1 3-1,Dec 3-1,Dec 3-1 | SV-1 3-1
2022,added,03/05/2022,MAC Championships,Jay Nivison (Buffalo),Logan Messer (George Mason),Jay Nivison,Dec 4-3,SV-1 3-1,Dec 4-3 | SV-1 3-1
2022,added,03/06/2022,Pac 12 Championships,Triston Wills (Little Rock),Albert Urias (CSU Bakersfield),Triston Wills,Dec 8-1,Dec 6-4,Dec 6-4 | Dec 8-1
2022,added,03/05/2022,2022 Southern Conference Championship,Carial Tarter (Chattanooga),Benjy Haubert (The Citadel),Benjy Haubert,Dec 4-2,Dec 5-4,Dec 4-2 | Dec 5-4
2022,added,01/02/2022,Southern Scuffle,Shane Reitsma (Rider),Andrew Wilson (Gardner-Webb),Shane Reitsma,Dec 3-1,SV-1 3-1,Dec 3-1 | SV-1 3-1
2022,added,11/21/2021,Keystone Classic,Josh Kim (Harvard),Logan Messer (George Mason),Josh Kim,Dec 10-3,Dec 4-1,Dec 10-3 | Dec 4-1
2022,added,03/19/2022,NCAA Division I Championships,Dustin Plott (Oklahoma State),Logan Massa (Michigan),Logan Massa,Dec 5-1,Dec 8-3,Dec 5-1 | Dec 8-3
2022,added,01/02/2022,Southern Scuffle,Austin Brenner (North Dakota State),Bailee O`Reilly (Minnesota),Bailee O`Reilly,Dec 5-4,Dec 8-3,Dec 5-4 | Dec 8-3
2022,added,03/06/2022,2022 EIWA Championships,Brian Bonino (Columbia),Cory Day (Binghamton),Brian Bonino,Dec 3-2,Dec 2-1,Dec 2-1 | Dec 3-2
2022,added,11/14/2021,Jonathan Kaloust Bearcat Open,Evan Vazquez (Rider),Sam DePrez (Binghamton),Sam DePrez,Dec 7-5,SV-1 7-5,Dec 7-5 | SV-1 7-5
2022,added,11/20/2021,Navy Classic,Ethan Ducca (Edinboro),Logan Deacetis (Bucknell),Ethan Ducca,Dec 8-3,Dec 7-4,Dec 7-4 | Dec 8-3
2022,added,03/19/2022,NCAA Division I Championships,Parker Keckeisen (Northern Iowa),Bernie Truax (Cal Poly),Parker Keckeisen,Dec 6-4,Dec 6-5,Dec 6-4 | Dec 6-5
2022,added,11/14/2021,Wolfpack open,Caleb Hopkins (Campbell),Joey Milano (NC State),Caleb Hopkins,Fall 6:04,Fall 8:04,Fall 6:04 | Fall 8:04
2022,added,12/11/2021,Cleveland State Open,Joey Milano (NC State),DeAndre Nassar (Cleveland State),Joey Milano,Dec 7-3,Dec 3-2,Dec 3-2 | Dec 7-3
2022,added,03/05/2022,MAC Championships,Colin Fegley (Lock Haven),DeAndre Nassar (Cleveland State),DeAndre Nassar,Dec 5-3,Dec 2-1,Dec 2-1 | Dec 5-3
2022,added,02/18/2022,vs. Pittsburgh,Vincent Baker (Duke),Gregg Harvey (Pittsburgh),Gregg Harvey,MD 14-5,MD 10-2,MD 10-2 | MD 14-5
2022,added,11/21/2021,Warren Williamson Daktronics Open,Sam Kruger (South Dakota State),Cody Fisher (Iowa State),Cody Fisher,Dec 7-2,Dec 5-1,Dec 5-1 | Dec 7-2
2022,added,01/02/2022,Southern Scuffle,Layne Malczewski (Michigan State),Isaiah Salazar (Minnesota),Isaiah Salazar,SV-1 11-9,Dec 11-9 | M. For.,Dec 11-9 | M. For. | SV-1 11-9
2022,added,03/06/2022,2022 Big Ten Wrestling Championships,Layne Malczewski (Michigan State),Jack Jessen (Northwestern),Layne Malczewski,MD 10-1,MD 13-4,MD 10-1 | MD 13-4
2022,added,12/30/2021,Matmen Open,Brit Wilson (Northern Illinois),Trey Munoz (Oregon State),Trey Munoz,Dec 7-12,Dec 2-1,Dec 2-1 | Dec 7-12
2022,added,01/02/2022,Southern Scuffle,Eli Sheeren (Buffalo),Kevin Makosy (Maryland),Kevin Makosy,SV-1 3-1,Dec 3-1,Dec 3-1 | SV-1 3-1
2022,added,03/06/2022,2022 Big Ten Wrestling Championships,Nick Willham (Indiana),Michial Foy (Minnesota),Michial Foy,SV-1 6-4,TB-1 3-2,SV-1 6-4 | TB-1 3-2
2022,added,03/06/2022,2022 Big Ten Wrestling Championships,Patrick Brucki (Michigan),Jacob Warner (Iowa),Patrick Brucki,Dec 3-1,Dec 3-1,Dec 3-1
2022,added,01/02/2022,Southern Scuffle,Cameron Caffey (Michigan State),Andy Smith (Virginia Tech),Cameron Caffey,Dec 8-2,Dec 6-3,Dec 6-3 | Dec 8-2
2022,added,03/06/2022,2022 Big Ten Wrestling Championships,Cameron Caffey (Michigan State),Thomas Penola (Purdue),Thomas Penola,Dec 3-2,Dec 4-2,Dec 3-2 | Dec 4-2
2022,added,02/20/2022,Last Chance,Max Shaw (North Carolina),Garrett Joles (Minnesota),Garrett Joles,Dec 8-3,Dec 10-4,Dec 10-4 | Dec 8-3
2022,added,03/19/2022,NCAA Division I Championships,Stephen Buchanan (Wyoming),Rocky Elam (Missouri),Stephen Buchanan,Dec 1-0,Dec 4-0,Dec 1-0 | Dec 4-0
2022,added,03/19/2022,NCAA Division I Championships,Eric Schultz (Nebraska),Greg Bulsak (Rutgers),Eric Schultz,Dec 3-2,Dec 4-3,Dec 3-2 | Dec 4-3
2022,added,12/04/2021,Cougar Clash,Austin Andres (SIU Edwardsville),Colin Jagielski (Northern Illinois),Austin Andres,Dec 3-2,Dec 4-3,Dec 3-2 | Dec 4-3
2022,added,02/20/2022,vs. Stanford,Nick Stemmet (Stanford),Ryan Reyes (Oregon State),Ryan Reyes,Dec 7-6,Dec 6-2,Dec 5-4 | Dec 6-2 | Dec 7-6
2022,added,02/20/2022,vs. Stanford,Nick Stemmet (Stanford),Ryan Reyes (Oregon State),Ryan Reyes,Dec 5-4,Dec 6-2,Dec 5-4 | Dec 6-2 | Dec 7-6
2022,added,11/28/2021,Harold Nichols Cyclone Open,Bowen McConville (South Dakota State),Paul Robinson (Army West Point),Bowen McConville,TB-1 2-1,Dec 3-2,Dec 3-2 | TB-1 2-1
2022,added,11/28/2021,Mat Town Open 1,Kaleb Snodgrass (Lock Haven),Collin Burns (Binghamton),Kaleb Snodgrass,Dec 4-2,Dec 4-1,Dec 4-1 | Dec 4-2
2022,added,03/06/2022,2022 EIWA Championships,Joe Doyle (Binghamton),Ben Goldin (Pennsylvania),Joe Doyle,Dec 4-0,Dec 3-1,Dec 3-1 | Dec 4-0
2022,added,11/06/2021,Michigan State Open,Simon Lato (Central Michigan),Jacob Christensen (Northern Illinois),Jacob Christensen,Dec 3-1,Dec 3-2,Dec 3-1 | Dec 3-2
2022,added,11/20/2021,Navy Classic,Jordan Earnest (Ohio),Max Millin (Edinboro),Max Millin,Dec 5-2,Dec 3-1,Dec 3-1 | Dec 5-2
2022,added,11/21/2021,Keystone Classic,Nicholas Copley (Sacred Heart),Vincenzo Pelusi (Franklin & Marshall),Vincenzo Pelusi,MD 20-7,MD 10-1,MD 10-1 | MD 20-7
2022,added,12/30/2021,Matmen Open,Nathan Taylor (Lehigh),Luke Luffman (Illinois),Luke Luffman,Dec 11-7,Dec 1-6,Dec 1-6 | Dec 11-7
2022,added,01/07/2022,David H. Lehman F&M Open,Nathan Taylor (Lehigh),Ryan Catka (Navy),Nathan Taylor,Dec 10-6,Dec 3-2,Dec 10-6 | Dec 3-2
2022,added,01/02/2022,Southern Scuffle,Austin Harris (Oklahoma State),Tyrie Houghton (NC State),Tyrie Houghton,Dec 5-2,Dec 1-0,Dec 1-0 | Dec 5-2
2022,added,01/02/2022,Southern Scuffle,Owen Trephan (NC State),Michael McAleavey (The Citadel),Owen Trephan,SV-1 3-1,Dec 5-4,Dec 5-4 | SV-1 3-1
2022,added,11/07/2021,Clarion Open,Michael Wolfgram (West Virginia),Riley Smith (Navy),Michael Wolfgram,Dec 4-1,Dec 6-3,Dec 4-1 | Dec 6-3
2022,added,12/04/2021,Cougar Clash,Aric Bohn (SIU Edwardsville),Terrese Aaron (Northern Illinois),Aric Bohn,Dec 6-2,Dec 5-2,Dec 5-2 | Dec 6-2
2023,added,03/05/2023,2023 Big 12 Championships,Joey Prata (Oklahoma),Tucker Owens (Air Force),Joey Prata,Dec 3-1,Dec 5-4,Dec 3-1 | Dec 5-4
2023,added,01/02/2023,Southern Scuffle,Stevo Poulin (Northern Colorado),Caleb Smith (Appalachian State),Stevo Poulin,Dec 6-5,Dec 5-4,Dec 5-4 | Dec 6-5
2023,added,12/30/2022,Soldier Salute,Ethan Berginc (Army West Point),Blair Orr (The Citadel),Ethan Berginc,Dec 2-1,Dec 2-0,Dec 2-0 | Dec 2-1
2023,added,03/05/2023,EIWA Champonships,Ryan Miller (Pennsylvania),Ethan Berginc (Army West Point),Ryan Miller,Dec 6-1,Dec 3-0,Dec 3-0 | Dec 6-1
2023,added,01/06/2023,vs. Queens,Jack Parker (Bellarmine),Griffen Gonzalez (Queens),Jack Parker,TF 17-1 5:00,TF 20-4 4:02,TF 17-1 5:00 | TF 20-4 4:02
2023,added,02/25/2023,Zingo Nationals National Collegiate open,JB Dragovich (George Mason),Jared Brunner (Brown),JB Dragovich,Dec 7-4,Dec 5-1,Dec 5-1 | Dec 7-4
2023,added,12/11/2022,Cleveland State Open,Ben Aranda (Cleveland State),Andre Gonzales (Ohio State),Andre Gonzales,Dec 6-4,SV-1 6-4,Dec 6-4 | SV-1 6-4
2023,added,12/30/2022,Soldier Salute,Nick Babin (Columbia),Jore Volk (Wyoming),Jore Volk,Dec 4-2,Dec 6-1,Dec 4-2 | Dec 6-1
2023,added,03/05/2023,EIWA Champonships,Nick Babin (Columbia),Diego Sotelo (Harvard),Nick Babin,Dec 7-2,Dec 4-1,Dec 4-1 | Dec 7-2
2023,added,12/03/2022,Cliff Keen Las Vegas,Malik Heinselman (Ohio State),Brett Ungar (Cornell),Brett Ungar,Dec 4-0,SV-1 3-1,Dec 4-0 | SV-1 3-1
2023,added,11/12/2022,Mountaineer Open,oscar Sanchez (Ohio),Drew West (Gardner-Webb),Drew West,Fall 0:48,Fall 0:47,Fall 0:47 | Fall 0:48
2023,added,03/04/2023,2023 Southern Conference Championship,Drew West (Gardner-Webb),Blair Orr (The Citadel),Drew West,Dec 2-1,Dec 9-5,Dec 2-1 | Dec 9-5
2023,added,03/04/2023,MAC Tournament,Blake West (Northern Illinois),Markel Baker (George Mason),Blake West,Dec 2-1,Dec 6-2,Dec 2-1 | Dec 6-2
2023,added,02/25/2023,Zingo Nationals National Collegiate open,Ben Monn (George Mason),Troy Hohman (NC State),Troy Hohman,Dec 6-1,Dec 3-2,Dec 3-2 | Dec 6-1
2023,added,01/02/2023,Southern Scuffle,Trevor Mastrogiovanni (Oklahoma State),Nico Provo (Stanford),Trevor Mastrogiovanni,Dec 3-1,Dec 9-3,Dec 3-1 | Dec 9-3
2023,added,12/30/2022,Midlands,Julian Chlebove (Arizona State),Lucas Byrd (Illinois),Lucas Byrd,Dec 3-0,Dec 4-0,Dec 3-0 | Dec 4-0
2023,added,03/18/2023,2023 NCAA Division I Championships,Jesse Mendez (Ohio State),Michael McGee (Arizona State),Michael McGee,Dec 3-2,Dec 6-2,Dec 3-2 | Dec 6-2
2023,added,01/06/2023,vs. Queens,Michael Schiffhauer (Bellarmine),Ananth Manibushan (Queens),Michael Schiffhauer,MD 15-5,MD 16-4,MD 15-5 | MD 16-4
2023,added,01/08/2023,Bobby Kaufman Open,Cole Minnick (Buffalo),Logan Jaquay (Edinboro),Cole Minnick,Dec 9-7,SV-1 9-7,Dec 9-7 | SV-1 9-7
2023,added,03/05/2023,Pac-12 Championships,Ethan Rotondo (Cal Poly),Jackson Disario (Stanford),Ethan Rotondo,Dec 3-1,Dec 3-1,Dec 3-1
2023,added,11/20/2022,Keystone Classic,Dante Frinzi (Harvard),Kyle Waterman (Drexel),Kyle Waterman,Dec 3-1,SV-1 3-1,Dec 3-1 | SV-1 3-1
2023,added,02/25/2023,Zingo Nationals National Collegiate open,Giovanni Diaz (Franklin & Marshall),Alex Turley (Hofstra),Alex Turley,Dec 9-4,Dec 11-5,Dec 11-5 | Dec 9-4
2023,added,11/06/2022,Clarion Open 2022,Todd Carter (Gardner-Webb),Brendan Ferretti (Navy),Brendan Ferretti,Dec 5-2,Dec 11-4,Dec 11-4 | Dec 5-2
2023,added,12/30/2022,Soldier Salute,Brendan Ferretti (Navy),Jace Rhodes (Iowa),Brendan Ferretti,Dec 6-4,Dec 9-6,Dec 6-4 | Dec 9-6
2023,added,11/19/2022,Navy Classic,Dyson Dunham (VMI),Brendon Fenton (Kent State),Brendon Fenton,Dec 3-2,Dec 11-4,Dec 11-4 | Dec 3-2
2023,added,03/05/2023,2023 Big Ten Wrestling Championships,Kyle Burwick (Nebraska),Dustin Norris (Purdue),Dustin Norris,Dec 6-2,Dec 3-1,Dec 3-1 | Dec 6-2
2023,added,12/03/2022,Cliff Keen Las Vegas,Jason Shaner (Oregon State),Sam Latona (Virginia Tech),Jason Shaner,Dec 3-1,Dec 5-2,Dec 3-1 | Dec 5-2
2023,added,11/20/2022,Keystone Classic,Emilio Ysaguirre Jr (Arizona State),Joseph Cangro (Harvard),Joseph Cangro,Dec 3-2,Dec 5-4,Dec 3-2 | Dec 5-4
2023,added,12/30/2022,Soldier Salute,Tyler Morris (Army West Point),Dillon Roman (The Citadel),Tyler Morris,Dec 4-2,Dec 3-2,Dec 3-2 | Dec 4-2
2023,added,03/04/2023,MAC Tournament,Jack Marlow (Buffalo),Sean Logue (Lock Haven),Sean Logue,Dec 11-5,Dec 6-3,Dec 11-5 | Dec 6-3
2023,added,11/06/2022,Menlo Open,Isaac Salas (CSU Bakersfield),Jason Miranda (Stanford),Jason Miranda,Dec 6-0,SV-1 9-7,Dec 6-0 | SV-1 9-7
2023,added,12/11/2022,Cleveland State Open,Caleb Rea (Cleveland State),Ja`Kerion Merritt (Central Michigan),Caleb Rea,SV-1 3-1,Dec 3-1,Dec 3-1 | SV-1 3-1
2023,added,03/05/2023,2023 Big Ten Wrestling Championships,Danny Pucino (Illinois),Kal Miller (Maryland),Kal Miller,Dec 8-5,Dec 4-1,Dec 4-1 | Dec 8-5
2023,added,03/05/2023,2023 Big Ten Wrestling Championships,Jordan Hamdan (Michigan State),Cayden Rooks (Indiana),Cayden Rooks,Dec 10-3,Dec 7-2,Dec 10-3 | Dec 7-2
2023,added,03/05/2023,2023 Big 12 Championships,Casey Swiderski (Iowa State),Clay Carlson (South Dakota State),Clay Carlson,TB-1 4-3,Dec 6-3,Dec 6-3 | TB-1 4-3
2023,added,02/04/2023,Missouri Valley College Open,Drew Woodley (Iowa State),Zeke Seltzer (Missouri),Zeke Seltzer,Dec 10-7,Dec 9-5,Dec 10-7 | Dec 9-5
2023,added,02/19/2023,Last Chance Open,Connor Thorpe (Northern Iowa),Jacob Frost (Iowa State),Jacob Frost,Dec 11-7,Dec 9-4,Dec 11-7 | Dec 9-4
2023,added,11/20/2022,Warren Williamson Daktronics Open,Walker Bents (North Dakota State),Theodore Cha (Minnesota),Theodore Cha,Dec 3-1,Dec 6-5,Dec 3-1 | Dec 6-5
2023,added,12/03/2022,Cliff Keen Las Vegas,Kyran Hagan (Ohio),Ryan Jack (NC State),Ryan Jack,Dec 6-2,Dec 7-2,Dec 6-2 | Dec 7-2
2023,added,11/12/2022,Mountaineer Invitational,Kyran Hagan (Ohio),Chayse Lajoie (Stanford),Kyran Hagan,Fall 5:50,Fall 6:23,Fall 5:50 | Fall 6:23
2023,added,12/30/2022,Midlands,Ryan Michaels (Pittsburgh),Sammy Alvarez (Rutgers),Sammy Alvarez,Dec 8-4,SV-1 14-10,Dec 8-4 | SV-1 14-10
2023,added,11/05/2022,Michigan State Open,Mason Shrader (Central Michigan),Stockton Obrien (Utah Valley),Mason Shrader,Dec 3-2,Dec 10-6,Dec 10-6 | Dec 3-2
2023,added,12/30/2022,Soldier Salute,Danny Fongaro (Columbia),Joel Jesuroga (Iowa),Danny Fongaro,TB-1 2-1,Dec 3-1,Dec 3-1 | TB-1 2-1
2023,added,12/03/2022,Cliff Keen Las Vegas,Alec Hagan (Ohio),Sal Jones (Cornell),Alec Hagan,Fall 4:38,Fall 5:26,Fall 4:38 | Fall 5:26
2023,added,03/05/2023,2023 Big Ten Wrestling Championships,Shayne Van Ness (Penn State),Max Murin (Iowa),Max Murin,Dec 3-2,Dec 4-2,Dec 3-2 | Dec 4-2
2023,added,11/20/2022,Warren Williamson Daktronics Open,Cam Robinson (Iowa State),Marcos Polanco (Minnesota),Marcos Polanco,Dec 9-5,SV-1 3-1,Dec 9-5 | SV-1 3-1
2023,added,11/12/2022,Mountaineer Open,Alec Hagan (Ohio),Eli Ashcroft (Kent State),Alec Hagan,Fall 2:37,Fall 2:41,Fall 2:37 | Fall 2:41
2023,added,03/05/2023,EIWA Champonships,Max Brignola (Lehigh),Marshall Keller (Princeton),Max Brignola,Dec 8-3,Dec 7-2,Dec 7-2 | Dec 8-3
2023,added,11/12/2022,2022 Bison Open,Kellyn March (North Dakota State),Marcos Polanco (Minnesota),Kellyn March,Dec 11-4,SV-1 9-7,Dec 11-4 | SV-1 9-7
2023,added,01/15/2023,Purple Raider Open,Isaac Ruble (Purdue),Kylan Montgomery (Virginia Tech),Kylan Montgomery,MD 13-2,MD 15-5,MD 13-2 | MD 15-5
2023,added,01/15/2023,Purple Raider Open,Brayden Ivy (West Virginia),Christian Navida (Purdue),Brayden Ivy,Dec 5-2,Dec 7-1,Dec 5-2 | Dec 7-1
2023,added,01/06/2023,vs. Queens,Grant Odell (Bellarmine),Toure Moore (Queens),Grant Odell,Dec 4-2,Dec 9-5,Dec 4-2 | Dec 9-5
2023,added,11/27/2022,Mat-Town Open I,George Ruiz (Navy),Conner Decker (Binghamton),George Ruiz,Dec 4-1,Dec 4-0,Dec 4-0 | Dec 4-1
2023,added,11/13/2022,Journeymen / Defense Soap Collegiate Classic,Aaron Munford (LIU),Josh Bonomo (Bloomsburg),Josh Bonomo,MD 18-6,MD 16-2,MD 16-2 | MD 18-6
2023,added,03/05/2023,EIWA Champonships,Nick Delp (Bucknell),Trevor Tarsi (Harvard),Trevor Tarsi,Dec 2-1,Dec 9-6,Dec 2-1 | Dec 9-6
2023,added,12/03/2022,Cliff Keen Las Vegas,Kendall Coleman (Purdue),Aaron Ferguson (Kent State),Kendall Coleman,Dec 5-1,Dec 6-1,Dec 5-1 | Dec 6-1
2023,added,11/12/2022,Mountaineer Invitational,Peyten Kellar (Ohio),Daniel Cardenas (Stanford),Daniel Cardenas,Dec 6-2,Dec 7-2,Dec 6-2 | Dec 7-2
2023,added,03/05/2023,2023 Big 12 Championships,Jared Hill (Oklahoma),Cael Swensen (South Dakota State),Cael Swensen,Dec 5-2,Dec 6-3,Dec 5-2 | Dec 6-3
2023,added,01/08/2023,Bobby Kaufman Open,Alejandro Herrera-Rondon (Oklahoma),Caleb Dowling (West Virginia),Caleb Dowling,Dec 10-5,Dec 3-2,Dec 10-5 | Dec 3-2
2023,added,11/12/2022,Cowboy Open,Austin Scott (Oregon State),Reagan Lefevre (Air Force),Austin Scott,Dec 6-2,Dec 3-1,Dec 3-1 | Dec 6-2
2023,added,11/12/2022,Cowboy Open,Tanner Lofthouse (Utah Valley),Seamus Casey (Air Force),Seamus Casey,SV-1 5-3,Dec 5-3,Dec 5-3 | SV-1 5-3
2023,added,12/30/2022,Soldier Salute,Dalton Harkins (Army West Point),Aiden Riggins (Iowa),Dalton Harkins,Dec 5-2,SV-1 6-4,Dec 5-2 | SV-1 6-4
2023,added,11/27/2022,Mat-Town Open I,Benny Baker (Cornell),Carter Baer (Binghamton),Carter Baer,Dec 7-2,Dec 4-3,Dec 4-3 | Dec 7-2
2023,added,01/08/2023,Bobby Kaufman Open,Ty Raines (Buffalo),Eli Brinsky (Clarion),Eli Brinsky,SV-1 8-7,Dec 8-7,Dec 8-7 | SV-1 8-7
2023,added,12/11/2022,Cleveland State Open,Chandler Amaker (Central Michigan),Maxx Mayfield (Northwestern),Maxx Mayfield,SV-1 4-2,Dec 4-2,Dec 4-2 | SV-1 4-2
2023,added,11/12/2022,Mountaineer Open,Jack Lledo (Ohio),Maxwell Kirby (Edinboro),Maxwell Kirby,Dec 6-4,Dec 8-5,Dec 6-4 | Dec 8-5
2023,added,11/12/2022,Mountaineer Open,Rodrick Mosley (Gardner-Webb),Enrique Munguia (Kent State),Enrique Munguia,Dec 6-3,Dec 6-4,Dec 6-3 | Dec 6-4
2023,added,11/12/2022,Mountaineer Open,Sean O`Dwyer (Ohio),Enrique Munguia (Kent State),Enrique Munguia,Fall 3:57,Fall 3:58,Fall 3:57 | Fall 3:58
2023,added,11/19/2022,Lindenwood Open,Bradley Gillum (SIU Edwardsville),Maxx Mayfield (Northwestern),Maxx Mayfield,Dec 9-4,Dec 5-1,Dec 5-1 | Dec 9-4
2023,added,11/20/2022,Keystone Classic,Lucas Revano (Pennsylvania),Hunter Mays (Rider),Lucas Revano,TB-2 (RT) 5-5,Dec 3-2,Dec 3-2 | TB-2 (RT) 5-5
2023,added,03/05/2023,2023 Big Ten Wrestling Championships,Stoney Buell (Purdue),Robert Kanniard (Rutgers),Robert Kanniard,Dec 12-8,Dec 8-5,Dec 12-8 | Dec 8-5
2023,added,01/08/2023,Bobby Kaufman Open,Marcus Petite (Buffalo),Codei Khawaja (Michigan),Codei Khawaja,SV-1 4-2,Dec 4-2,Dec 4-2 | SV-1 4-2
2023,added,01/06/2023,vs. Queens,Devan Hendricks (Bellarmine),Jay Skalecki (Queens),Devan Hendricks,MD 16-6,MD 18-9,MD 16-6 | MD 18-9
2023,added,02/05/2023,Edinboro Open,Shane Reitsma (Rider),Will Ebert (Binghamton),Will Ebert,SV-1 8-6,Dec 8-3,Dec 8-3 | SV-1 8-6
2023,added,11/11/2022,vs. Campbell,Cole Rees (Campbell),Joseph Walker (Michigan),Joseph Walker,SV-1 3-1,Dec 3-1,Dec 3-1 | SV-1 3-1
2023,added,11/05/2022,Michigan State Open,Tate Geiser (Cleveland State),Shane Moran (Northern Illinois),Shane Moran,SV-1 6-4,Dec 7-5,Dec 7-5 | SV-1 6-4
2023,added,12/30/2022,Soldier Salute,Kyle Mosher (Columbia),Benjy Haubert (The Citadel),Kyle Mosher,Dec 8-4,Dec 5-4,Dec 5-4 | Dec 8-4
2023,added,11/27/2022,Mat-Town Open I,Christian Hansen (Cornell),Justin Phillips (Virginia),Christian Hansen,Fall 6:21,Fall 0:34,Fall 0:34 | Fall 6:21
2023,added,03/04/2023,MAC Tournament,Logan Messer (George Mason),Michael Wilson (Rider),Michael Wilson,Dec 5-2,Dec 7-2,Dec 5-2 | Dec 7-2
2023,added,02/05/2023,Greyhound Open,Caden Ernd (Illinois),Isiah Levitz (Indiana),Caden Ernd,SV-1 3-1,Dec 4-3,Dec 4-3 | SV-1 3-1
2023,added,11/05/2022,Michigan State Open,Darrien Roberts (Oklahoma),Edmond Ruth (Illinois),Edmond Ruth,SV-1 3-1,Dec 4-2,Dec 4-2 | SV-1 3-1
2023,added,01/06/2023,David H. Lehman F&M Open,Brock Delsignore (NC State),Michael Wilson (Rider),Michael Wilson,Dec 8-3,Dec 9-3,Dec 8-3 | Dec 9-3
2023,added,12/03/2022,Cliff Keen Las Vegas,Alex Faison (NC State),Cade DeVos (South Dakota State),Cade DeVos,Dec 8-6,Dec 9-5,Dec 8-6 | Dec 9-5
2023,added,11/12/2022,Mountaineer Invitational,Kamal Adewumi (Ohio),Tyler Eischens (Stanford),Tyler Eischens,TF 16-0 0:00,TF 15-0 6:07,TF 15-0 6:07 | TF 16-0 0:00
2023,added,11/19/2022,Navy Classic,Logan Deacetis (Bucknell),Noah Blake (Air Force),Logan Deacetis,Dec 9-2,Dec 6-2,Dec 6-2 | Dec 9-2
2023,added,11/12/2022,Mountaineer Open,Hunter Adams (Appalachian State),Robert Patrick (Virginia),Robert Patrick,Dec 7-1,Dec 10-7,Dec 10-7 | Dec 7-1
2023,added,12/30/2022,Soldier Salute,Sahm Abdulrazzaq (Army West Point),Roman Rogotzke (South Dakota State),Roman Rogotzke,SV-1 8-6,SV-1 9-7,SV-1 8-6 | SV-1 9-7
2023,added,01/06/2023,vs. Queens,Kennedy Wyatt (Bellarmine),D`Andree Hunt (Queens),Kennedy Wyatt,Dec 11-4,Dec 7-2,Dec 11-4 | Dec 7-2
2023,added,11/12/2022,Tiger Style Invite,Chase Mielnik (Maryland),Brian Bonino (Drexel),Brian Bonino,SV-1 3-1,Dec 5-2,Dec 5-2 | SV-1 3-1
2023,added,03/05/2023,EIWA Champonships,David Key (Navy),Brian Bonino (Drexel),Brian Bonino,Dec 3-2,Dec 8-3,Dec 3-2 | Dec 8-3
2023,added,01/02/2023,Southern Scuffle,Jacob Ferreira (Hofstra),Sam Fisher (Virginia Tech),Jacob Ferreira,Dec 7-5,Dec 8-6,Dec 7-5 | Dec 8-6
2023,added,03/05/2023,EIWA Champonships,Jacob Ferreira (Hofstra),Nate Dugan (Princeton),Nate Dugan,Dec 3-2,Dec 8-3,Dec 3-2 | Dec 8-3
2023,added,11/12/2022,Tiger Style Invite,Clayton Whiting (Missouri),Dylan Connell (Illinois),Clayton Whiting,Dec 2-1,Dec 5-4,Dec 2-1 | Dec 5-4
2023,added,03/05/2023,2023 Big Ten Wrestling Championships,Ben Vanadia (Purdue),Clayton Fielden (Indiana),Ben Vanadia,MD 10-2,MD 12-2,MD 10-2 | MD 12-2
2023,added,01/02/2023,Southern Scuffle,Gavin Stika (Oklahoma State),Joel Devine (Iowa State),Gavin Stika,Dec 3-1,Dec 4-0,Dec 3-1 | Dec 4-0
2023,added,03/05/2023,2023 Big Ten Wrestling Championships,Kevin Makosy (Maryland),Evan Bates (Northwestern),Evan Bates,Dec 8-1,Dec 6-0,Dec 6-0 | Dec 8-1
2023,added,02/19/2023,Last Chance Open,James Rowley (Wisconsin),Evan Bates (Northwestern),Evan Bates,Dec 8-1,Dec 6-1,Dec 6-1 | Dec 8-1
2023,added,12/11/2022,Cleveland State Open,Seth Shumate (Ohio State),Jon Halvorsen (Northwestern),Seth Shumate,Dec 3-1,SV-1 3-1,Dec 3-1 | SV-1 3-1
2023,added,12/03/2022,Cliff Keen Las Vegas,Kaleb Romero (Ohio State),Hunter Bolen (Virginia Tech),Hunter Bolen,SV-1 3-1,Dec 3-2,Dec 3-2 | SV-1 3-1
2023,added,11/19/2022,Lindenwood Open,Evan Bates (Northwestern),Kolby Franklin (Iowa),Kolby Franklin,Dec 5-2,Dec 5-2,Dec 5-2 | Dec 5-2
2023,added,01/08/2023,Bobby Kaufman Open,Eli Sherren (Buffalo),Seth Seago (Oklahoma),Eli Sherren,SV-1 3-1,Dec 3-1,Dec 3-1 | SV-1 3-1
2023,added,11/05/2022,Michigan State Open,Jack Cummings (Michigan),Joey Lyons (Cleveland State),Joey Lyons,Dec 7-5,Dec 11-4,Dec 11-4 | Dec 7-5
2023,added,11/12/2022,Mountaineer Invitational,Austin Starr (Ohio),Sam Mora (Gardner-Webb),Austin Starr,Fall 2:31,Fall 3:53,Fall 2:31 | Fall 3:52 | Fall 3:53 | Fall 5:22
2023,added,11/12/2022,Mountaineer Open,Austin Starr (Ohio),Sam Mora (Gardner-Webb),Austin Starr,Fall 5:22,Fall 3:53,Fall 2:31 | Fall 3:52 | Fall 3:53 | Fall 5:22
2023,added,11/12/2022,Mountaineer Open,Austin Starr (Ohio),Sam Mora (Gardner-Webb),Austin Starr,Fall 3:52,Fall 3:53,Fall 2:31 | Fall 3:52 | Fall 3:53 | Fall 5:22
2023,added,03/05/2023,2023 Big Ten Wrestling Championships,Zac Braunagel (Illinois),Jaxon Smith (Maryland),Jaxon Smith,SV-1 5-3,SV-1 6-4,SV-1 5-3 | SV-1 6-4
2023,added,03/18/2023,2023 NCAA Division I Championships,Rocky Elam (Missouri),Jacob Warner (Iowa),Rocky Elam,Dec 3-1,Dec 6-2,Dec 3-1 | Dec 6-2
2023,added,03/05/2023,2023 Big 12 Championships,Evan Bockman (Utah Valley),Yonger Bastida (Iowa State),Evan Bockman,Dec 3-2,Dec 9-5,Dec 3-2 | Dec 9-5
2023,added,11/13/2022,Journeymen / Defense Soap Collegiate Classic,Kaleb Snodgrass (Lock Haven),John Dusza (LIU),John Dusza,Fall 2:25,Fall 2:35,Fall 2:25 | Fall 2:35
2023,added,03/05/2023,2023 Big Ten Wrestling Championships,Braxton Amos (Wisconsin),Michial Foy (Minnesota),Braxton Amos,Dec 1-0,SV-1 4-2,Dec 1-0 | SV-1 4-2
2023,added,03/05/2023,2023 Big 12 Championships,Owen Pentz (North Dakota State),Luke Surber (Oklahoma State),Luke Surber,Dec 8-2,Dec 12-5,Dec 12-5 | Dec 8-2
2023,added,03/05/2023,2023 Big Ten Wrestling Championships,Hayden Filipovich (Purdue),Billy Janzer (Rutgers),Billy Janzer,Dec 4-1,Dec 8-2,Dec 4-1 | Dec 8-2
2023,added,01/02/2023,Southern Scuffle,Thomas Stewart Jr (Virginia Tech),Nick Stemmet (Stanford),Nick Stemmet,Dec 5-3,Dec 6-1,Dec 5-3 | Dec 6-1
2023,added,11/05/2022,Southeast Open,Nathan Wickersham (West Virginia),Patrick Brophy (The Citadel),Nathan Wickersham,Dec 2-1,Dec 7-3,Dec 2-1 | Dec 7-3
2023,added,01/06/2023,vs. Queens,Thadd Huff (Bellarmine),Darius Ward (Queens),Thadd Huff,Fall 1:04,Fall 2:53,Fall 1:04 | Fall 2:53
2023,added,03/05/2023,EIWA Champonships,Dorian Crosby (Bucknell),Cory Day (Binghamton),Cory Day,Dec 3-2,Dec 3-0,Dec 3-0 | Dec 3-2
2023,added,03/04/2023,MAC Tournament,Eli Sherren (Buffalo),Jacob Padilla (Ohio),Eli Sherren,Dec 7-0,Dec 6-2,Dec 6-2 | Dec 7-0
2023,added,12/11/2022,Cleveland State Open,Tristan Kemp (West Virginia),Simon Lato (Central Michigan),Tristan Kemp,SV-1 3-1,Dec 3-1,Dec 3-1 | SV-1 3-1
2023,added,11/12/2022,Tiger Style Invite,Seth Nitzel (Missouri),Matt Wroblewski (Illinois),Matt Wroblewski,Dec 7-2,Dec 4-0,Dec 4-0 | Dec 7-2
2023,added,03/05/2023,2023 Big Ten Wrestling Championships,Ryan Vasbinder (Michigan State),Matt Wroblewski (Illinois),Ryan Vasbinder,Dec 1-0,Dec 3-2,Dec 1-0 | Dec 3-2
2023,added,03/05/2023,2023 Big Ten Wrestling Championships,Austin Emerson (Nebraska),Garrett Joles (Minnesota),Garrett Joles,Dec 4-0,Dec 3-1,Dec 3-1 | Dec 4-0
2023,added,11/12/2022,2022 Bison Open,Luke Rasmussen (South Dakota State),Keaton Kluever (Minnesota),Luke Rasmussen,Fall 6:37,Fall 2:22,Fall 2:22 | Fall 6:37
2023,added,11/19/2022,Lindenwood Open,Colton McKiernan (SIU Edwardsville),Ryan Boersma (Missouri),Colton McKiernan,Dec 1-0,Dec 2-1,Dec 1-0 | Dec 2-1
2023,added,12/03/2022,Cliff Keen Las Vegas,Drew Harris (Ohio),Grady Griess (Navy),Grady Griess,Fall 3:17,Fall 3:12,Fall 3:12 | Fall 3:17
2024,added,01/02/2024,Southern Scuffle,Charlie Farmer (Army West Point),Desmond Pleasant (Drexel),Charlie Farmer,Dec 8-3,Dec 13-6,Dec 13-6 | Dec 8-3
2024,added,01/11/2024,vs. Gardner-Webb,Drew West (Gardner-Webb),Ben Aranda (Cleveland State),Drew West,Dec 6-3,TB-1 6-3,Dec 6-3 | TB-1 6-3
2024,added,01/11/2024,vs. Little Rock,Jeremiah Reno (Little Rock),Ben Aranda (Cleveland State),Jeremiah Reno,Fall 4:00,Fall 4:09,Fall 4:00 | Fall 4:09
2024,added,12/30/2023,Soldier Salute,Nick Babin (Columbia),Brandon Morvari (Minnesota),Brandon Morvari,SV-1 7-4,Dec 7-4 | MFFL,Dec 7-4 | MFFL | SV-1 7-4
2024,added,12/22/2023,Sheridan Tournament,Jack Parker (Franklin & Marshall),Brandan Chletsos (Rutgers),Brandan Chletsos,Fall 2:20,Fall 1:21,Fall 1:21 | Fall 2:20
2024,added,03/10/2024,2024 Big Ten Wrestling Championships,Justin Cardani (Illinois),Blaine Frazier (Indiana),Blaine Frazier,Dec 5-0,Dec 6-0,Dec 5-0 | Dec 6-0
2024,added,01/02/2024,Southern Scuffle,Conrad Hendriksen (Oklahoma),Blaine Frazier (Indiana),Conrad Hendriksen,Dec 7-1,Dec 9-3,Dec 7-1 | Dec 9-3
2024,added,03/23/2024,2024 NCAA Division I Championships,Caleb Smith (Nebraska),Luke Stanich (Lehigh),Luke Stanich,Dec 5-1,SV-1 4-1,Dec 5-1 | SV-1 4-1
2024,added,11/05/2023,Princeton Open,Kyle Hill (Rider),Ethan Smith (Lehigh),Ethan Smith,TF 18-3 3:00,TF 18-1 3:00,TF 18-1 3:00 | TF 18-3 3:00
2024,added,03/10/2024,2024 Big Ten Wrestling Championships,Tommy Capul (Maryland),Massey Odiotti (Northwestern),Massey Odiotti,MD 10-1,MD 12-0,MD 10-1 | MD 12-0
2024,added,11/11/2023,Michigan State Open,Caden Horwath (Michigan),Massey Odiotti (Northwestern),Caden Horwath,Dec 14-11,Dec 8-2,Dec 14-11 | Dec 8-2
2024,added,12/02/2023,Jim Koch Wisconsin Open,Brandon Morvari (Minnesota),Bowen Downey (Northern Iowa),Brandon Morvari,Dec 6-5,Dec 3-2,Dec 3-2 | Dec 6-5
2024,added,01/28/2024,Mat Town Open 2,Brandan Chletsos (Rutgers),Brandon Morvari (Minnesota),Brandon Morvari,Dec 8-1,Dec 7-1,Dec 7-1 | Dec 8-1
2024,added,12/30/2023,Soldier Salute,Marco Tocci (North Carolina),Hayden Benter (Navy),Marco Tocci,Dec 6-5,Dec 2-0,Dec 2-0 | Dec 6-5
2024,added,03/10/2024,2024 ACC Wrestling Championships,Spencer Moore (North Carolina),Colton Camacho (Pittsburgh),Spencer Moore,Dec 2-0,TB-1 5-2,Dec 2-0 | TB-1 5-2
2024,added,01/02/2024,Southern Scuffle,Gabe Vidlak (Oklahoma),braden basile (Army West Point),braden basile,Fall 6:02,Fall 5:42,Fall 5:42 | Fall 6:02
2024,added,03/09/2024,EIWA Championship,Andrew Fallon (Sacred Heart),braden basile (Army West Point),braden basile,Dec 6-5,Dec 9-2,Dec 6-5 | Dec 9-2
2024,added,01/11/2024,vs. Gardner-Webb,Aedyn Concepcion (Gardner-Webb),Nick Molchak (Cleveland State),Nick Molchak,Dec 5-3,Dec 6-3,Dec 5-3 | Dec 6-3
2024,added,01/11/2024,vs. Little Rock,Nasir Bailey (Little Rock),Canyon Wells (Cleveland State),Nasir Bailey,TF 17-0 3:00,TF 17-0 2:49,TF 17-0 2:49 | TF 17-0 3:00
2024,added,03/23/2024,2024 NCAA Division I Championships,Nasir Bailey (Little Rock),Ryan Crookham (Lehigh),Ryan Crookham,Dec 4-3,Dec 4-2,Dec 4-2 | Dec 4-3
2024,added,12/02/2023,Cougar Clash,Kade Moore (Missouri),Tyler Wells (Minnesota),Tyler Wells,Dec 3-2,Dec 7-3,Dec 3-2 | Dec 7-3
2024,added,02/03/2024,Missouri Valley College Open (Men`s),Hayden Mills (Nebraska),Drew Stanfield (Missouri),Drew Stanfield,Dec 1-0,Dec 10-9,Dec 1-0 | Dec 10-9
2024,added,11/11/2023,Michigan State Open,Jace Koelzer (Oklahoma),Nathaniel Genobana (Northern Illinois),Jace Koelzer,Dec 8-6,Dec 2-0,Dec 2-0 | Dec 8-6
2024,added,11/11/2023,Mountaineer Open,Derek Guanajuato (North Carolina),Aldo Hernandez (Appalachian State),Aldo Hernandez,Dec 4-1,Dec 11-5,Dec 11-5 | Dec 4-1
2024,added,01/27/2024,Appalachian Open,Hunter Mason (Virginia Tech),Isaac Byers (Appalachian State),Hunter Mason,Dec 7-3,Dec 4-2,Dec 4-2 | Dec 7-3
2024,added,01/05/2024,F&M Open,Pat Phillips (Franklin & Marshall),Rich Treanor (Army West Point),Rich Treanor,SV-1 4-1,Dec 7-5,Dec 7-5 | SV-1 4-1
2024,added,03/09/2024,Mid American Conference Championship,Caleb Brooks (Buffalo),Jacob Brenneman (Edinboro),Caleb Brooks,Dec 11-5,Dec 10-4,Dec 10-4 | Dec 11-5
2024,added,11/04/2023,Southeast Open,Patrick Jordon (VMI),Wynton Denkins (Campbell),Wynton Denkins,Dec 13-12,Dec 6-1,Dec 13-12 | Dec 6-1
2024,added,03/03/2024,Zingo Nationals,Aidan O`Shea (Franklin & Marshall),Deon Pleasant (Drexel),Aidan O`Shea,SV-1 7-4,Dec 6-2,Dec 6-2 | SV-1 7-4
2024,added,12/30/2023,Ken Kraft Midlands Championships,Tom Crook (Virginia Tech),Danny Pucino (Illinois),Tom Crook,Dec 8-4,Dec 8-1,Dec 8-1 | Dec 8-4
2024,added,11/19/2023,Warren Williamson Daktronics Open,Caleb Gross (South Dakota State),Connor Thorpe (Northern Iowa),Connor Thorpe,SV-1 4-1,Dec 5-4,Dec 5-4 | SV-1 4-1
2024,added,03/10/2024,2024 Big Ten Wrestling Championships,Greyson Clark (Purdue),Kolby McClain (Northwestern),Greyson Clark,MD 15-3,MD 14-0,MD 14-0 | MD 15-3
2024,added,11/11/2023,Tiger Style Invite,Eric Almarinez (SIU Edwardsville),Joel Mylin (Missouri),Joel Mylin,SV-1 4-1,Dec 11-6,Dec 11-6 | SV-1 4-1
2024,added,02/25/2024,2024 National Collegiate Open,David Kreidler (Navy),Caleb Sweet (Binghamton),David Kreidler,Dec 4-1,Dec 6-3,Dec 4-1 | Dec 6-3
2024,added,11/04/2023,Southeast Open,Ryan Vigil (VMI),Hagen Heistand (Campbell),Hagen Heistand,SV-1 4-1,Dec 7-6,Dec 7-6 | SV-1 4-1
2024,added,03/09/2024,2024 Southern Conference Championship,Zach Price (Gardner-Webb),Justin Rivera (Campbell),Zach Price,Dec 8-4,SV-1 4-1,Dec 8-4 | SV-1 4-1
2024,added,01/27/2024,Appalachian Open,Mac Church (Virginia Tech),Tyler-Xavier McKnight (Davidson),Mac Church,Dec 7-3,SV-1 2-1,Dec 7-3 | SV-1 2-1
2024,added,03/03/2024,Zingo Nationals,Bryce Kresho (Franklin & Marshall),Tyler Tracy (NC State),Tyler Tracy,Dec 8-6,Dec 9-4,Dec 8-6 | Dec 9-4
2024,added,03/09/2024,Mid American Conference Championship,Caleb Tyus (SIU Edwardsville),Kaden Cassidy (George Mason),Caleb Tyus,Dec 9-6,Dec 8-2,Dec 8-2 | Dec 9-6
2024,added,11/26/2023,Mat-Town Open I,Ty Linsenbigler (Lock Haven),Owen Reinsel (Lehigh),Ty Linsenbigler,Dec 5-0,Dec 5-1,Dec 5-0 | Dec 5-1
2024,added,12/30/2023,Soldier Salute,Connor Alexander (North Carolina),Theodore Cha (Minnesota),Connor Alexander,Dec 12-9,Dec 7-6,Dec 12-9 | Dec 7-6
2024,added,11/19/2023,Black Knight Invitational,Benji Alanis (Northern Colorado),Michael Cetta (Rutgers),Benji Alanis,Dec 8-5,Dec 4-2,Dec 4-2 | Dec 8-5
2024,added,11/11/2023,Michigan State Open,Gavin Brown (Ohio State),Collin Arch (Northern Illinois),Collin Arch,Dec 4-1,Dec 4-2,Dec 4-1 | Dec 4-2
2024,added,11/18/2023,Navy Classic,Dan Segura (Ohio),Riley Bower (Bucknell),Dan Segura,SV-1 4-1,Dec 14-10,Dec 14-10 | SV-1 4-1
2024,added,03/09/2024,2024 Southern Conference Championship,Lincoln Heck (Chattanooga),Hayden Watson (The Citadel),Lincoln Heck,MD 16-8,MD 17-5,MD 16-8 | MD 17-5
2024,added,01/02/2024,Southern Scuffle,Austin Paradice (Chattanooga),Zach Hanson (Stanford),Zach Hanson,MD 13-2,MD 12-4,MD 12-4 | MD 13-2
2024,added,01/11/2024,vs. Little Rock,Matty Bianchi (Little Rock),Shane Heil (Cleveland State),Matty Bianchi,MD 15-2,MD 14-2,MD 14-2 | MD 15-2
2024,added,03/23/2024,2024 NCAA Division I Championships,Daniel Cardenas (Stanford),Meyer Shapiro (Cornell),Meyer Shapiro,Dec 10-4,Dec 5-4,Dec 10-4 | Dec 5-4
2024,added,01/14/2024,Purple Raider Open,Dylan Evans (Pittsburgh),JT Chance (George Mason),JT Chance,Dec 5-3,SV-1 5-2,Dec 5-3 | SV-1 5-2
2024,added,11/05/2023,Battle at The Citadel,Nico Bolivar (Indiana),Thomas Snipes (The Citadel),Nico Bolivar,Dec 4-1,Dec 5-2,Dec 4-1 | Dec 5-2
2024,added,12/30/2023,Soldier Salute,James Conway (Missouri),Christian Stanek (Iowa State),James Conway,Dec 7-3,Dec 8-5,Dec 7-3 | Dec 8-5
2024,added,01/21/2024,vs. Kent State,Keegan Knapp (Kent State),Rhise Royster (LIU),Keegan Knapp,Dec 4-1,SV-1 4-1,Dec 4-1 | SV-1 4-1
2024,added,03/09/2024,Mid American Conference Championship,Hunter Shaut (Buffalo),Tommy Bennett (Northern Illinois),Hunter Shaut,Dec 13-8,Dec 7-2,Dec 13-8 | Dec 7-2
2024,added,01/11/2024,vs. Little Rock,Joseph Bianchi (Little Rock),Tate Geiser (Cleveland State),Joseph Bianchi,Fall 4:14,Fall 3:46,Fall 3:46 | Fall 4:14
2024,added,01/11/2024,vs. Gardner-Webb,Andrew Wilson (Gardner-Webb),Daniel Patten (Cleveland State),Daniel Patten,TF 21-4 6:54,TF 20-4 6:54,TF 20-4 6:54 | TF 21-4 6:54
2024,added,03/10/2024,2024 Big Ten Wrestling Championships,Mike Caliendo (Iowa),Cameron Amine (Michigan),Mike Caliendo,SV-1 8-5,SV-1 5-2,SV-1 5-2 | SV-1 8-5
2024,added,11/11/2023,Bison Open,Marcus Espinoza-Owens (South Dakota State),Hunter Lyden (Minnesota),Hunter Lyden,Dec 10-7,Dec 14-7,Dec 10-7 | Dec 14-7
2024,added,03/23/2024,2024 NCAA Division I Championships,Antrell Taylor (Nebraska),Peyton Hall (West Virginia),Peyton Hall,Dec 2-1,Dec 11-9,Dec 11-9 | Dec 2-1
2024,added,03/10/2024,2024 Big Ten Wrestling Championships,Anthony White (Rutgers),Maxx Mayfield (Northwestern),Maxx Mayfield,Dec 4-2,Dec 8-2,Dec 4-2 | Dec 8-2
2024,added,11/11/2023,Mountaineer Open,Michael Murphy (Virginia),Joshua Roe (Presbyterian College),Michael Murphy,TF 17-2 5:17,TF 18-1 3:43,TF 17-2 5:17 | TF 18-1 3:43
2024,added,11/26/2023,Mat-Town Open I,Will Ebert (Binghamton),Christian Hansen (Cornell),Will Ebert,Dec 8-3,Dec 5-4,Dec 5-4 | Dec 8-3
2024,added,03/09/2024,EIWA Championship,Nick Incontrera (Pennsylvania),Myles Takats (Bucknell),Nick Incontrera,SV-1 4-1,Dec 6-2,Dec 6-2 | SV-1 4-1
2024,added,01/11/2024,vs. Gardner-Webb,Sam Mora (Gardner-Webb),DeAndre Nassar (Cleveland State),Sam Mora,Fall 3:58,Fall 3:59,Fall 3:58 | Fall 3:59
2024,added,01/11/2024,vs. Little Rock,Tyler Brennan (Little Rock),DeAndre Nassar (Cleveland State),Tyler Brennan,Dec 7-0,Dec 6-0,Dec 6-0 | Dec 7-0
2024,added,03/23/2024,2024 NCAA Division I Championships,Lennox Wolak (Columbia),Cade DeVos (South Dakota State),Cade DeVos,Dec 5-0,Dec 4-2,Dec 4-2 | Dec 5-0
2024,added,03/09/2024,EIWA Championship,Philip Conigliaro (Harvard),Benny Baker (Cornell),Benny Baker,Dec 4-2,Dec 9-4,Dec 4-2 | Dec 9-4
2024,added,11/19/2023,PRTC Keystone Classic,Mark Takara (Utah Valley),Jack Janda (Drexel),Mark Takara,TB-2 (RT) 1-1,Dec 10-3,Dec 10-3 | TB-2 (RT) 1-1
2024,added,01/27/2024,Appalachian Open,Kolton Clark (Virginia Tech),Tyler Hicks (Gardner-Webb),Kolton Clark,Fall 5:39,Fall 3:53,Fall 3:53 | Fall 5:39
2024,added,03/09/2024,Mid American Conference Championship,Dominic Lopez (SIU Edwardsville),AJ Berkhart (Kent State),Dominic Lopez,Dec 7-5,Dec 6-3,Dec 6-3 | Dec 7-5
2024,added,11/11/2023,Michigan State Open,DJ Shannon (Michigan State),Hayden Pummel (Northern Illinois),Hayden Pummel,Dec 5-3,Dec 10-6,Dec 10-6 | Dec 5-3
2024,added,03/10/2024,2024 Big Ten Wrestling Championships,Bubba Wilson (Nebraska),DJ Shannon (Michigan State),Bubba Wilson,Dec 8-6,Dec 7-3,Dec 7-3 | Dec 8-6
2024,added,12/30/2023,Soldier Salute,Bubba Wilson (Nebraska),Tyler Eischens (North Carolina),Bubba Wilson,Dec 5-2,Dec 5-2,Dec 5-2 | Dec 5-2
2024,added,12/30/2023,Soldier Salute,Elise Brown Ton (Nebraska),nick Fox (Northern Iowa),Elise Brown Ton,Dec 7-3,Dec 16-9,Dec 16-9 | Dec 7-3
2024,added,01/02/2024,Southern Scuffle,Travis Mastrogiovanni (Northern Colorado),Gerrit Nijenhuis (Oklahoma),Travis Mastrogiovanni,Dec 4-3,Dec 7-2,Dec 4-3 | Dec 7-2
2024,added,03/10/2024,2024 Big 12 Championships,Bennett Berge (South Dakota State),Sam Wolf (Air Force),Sam Wolf,Dec 4-3,Dec 4-1,Dec 4-1 | Dec 4-3
2024,added,11/11/2023,Tiger Style Invite,Triston Wills (Little Rock),Kendall La Rosa (Cal Poly),Triston Wills,SV-1 4-1,Dec 7-2,Dec 7-2 | SV-1 4-1
2024,added,12/22/2023,Sheridan Tournament,Roman Rogotzke (Indiana),Jack Wilt (Lehigh),Jack Wilt,Dec 10-7,Dec 11-4,Dec 10-7 | Dec 11-4
2024,added,12/02/2023,Cliff Keen Las Vegas Collegiate Wrestling Invitational,Lenny Pinto (Nebraska),Dustin Plott (Oklahoma State),Lenny Pinto,Dec 12-10,Dec 11-7,Dec 11-7 | Dec 12-10
2024,added,03/09/2024,Mid American Conference Championship,Deron Pulliam (SIU Edwardsville),Matt Zuber (Northern Illinois),Deron Pulliam,SV-1 4-1,SV-1 4-1,SV-1 4-1
2024,added,11/11/2023,Tiger Style Invite,Nick Nosler (SIU Edwardsville),Tyler Hodges (Cal Poly),Nick Nosler,Dec 9-6,Dec 2-1,Dec 2-1 | Dec 9-6
2024,added,11/19/2023,2023 Roadrunner Open,Jackson Mckinney (Oregon State),Tyler Hodges (Cal Poly),Jackson Mckinney,Dec 4-2,Dec 4-2,Dec 4-2
2024,added,03/23/2024,2024 NCAA Division I Championships,Rocky Elam (Missouri),Jacob Cardenas (Cornell),Jacob Cardenas,Dec 7-3,Dec 4-0,Dec 4-0 | Dec 7-3
2024,added,02/25/2024,2024 National Collegiate Open,Michael Toranzo (Rutgers),Eric Carlson (Cornell),Michael Toranzo,Dec 4-3,Dec 7-3,Dec 4-3 | Dec 7-3
2024,added,12/30/2023,Ken Kraft Midlands Championships,Kael Wisler (Michigan State),Aidan Conner (Princeton),Aidan Conner,Dec 8-1,Dec 6-0,Dec 6-0 | Dec 8-1
2024,added,12/30/2023,Soldier Salute,Joseph Novak (Wyoming),Gavin Nelson (Minnesota),Joseph Novak,Dec 10-3,Dec 6-1,Dec 10-3 | Dec 6-1
2024,added,12/02/2023,Bob Smith Open,Trevor Dopps (Oklahoma State),Ryan Nichols (Oklahoma),Trevor Dopps,Dec 4-2,Dec 4-1,Dec 4-1 | Dec 4-2
2024,added,12/30/2023,Soldier Salute,Thadd Huff (Bellarmine),Vincent Mueller (Columbia),Thadd Huff,SV-1 8-3,Dec 4-2,Dec 4-2 | SV-1 8-3
2024,added,01/11/2024,vs. Gardner-Webb,Peyton McComas (Gardner-Webb),Daniel Bucknavich (Cleveland State),Daniel Bucknavich,Fall 2:41,Fall 2:43,Fall 2:41 | Fall 2:43
2024,added,11/19/2023,PRTC Keystone Classic,Connor Barket (Duke),Santino Morina (Drexel),Connor Barket,Dec 6-0,Dec 7-1,Dec 6-0 | Dec 7-1
2024,added,03/10/2024,2024 Big Ten Wrestling Championships,Bradley Hill (Iowa),Nash Hutmacher (Nebraska),Bradley Hill,Dec 4-1,Dec 4-2,Dec 4-1 | Dec 4-2
2025,added,11/24/2024,Black Knight Invite,Sulayman Bah (Columbia),Caleb Uhorchuk (Army West Point),Sulayman Bah,Dec 8-1,Dec 3-0,Dec 3-0 | Dec 8-1
2025,added,03/08/2025,EIWA,Robert Sagaris (LIU),Carson Wagner (Binghamton),Carson Wagner,TB-2 (RT) 5-5,SV-3 8-5,SV-3 8-5 | TB-2 (RT) 5-5
2025,added,03/09/2025,2025 Ivy League Wrestling Tournament,Jared Brunner (Brown),Diego Sotelo (Harvard),Diego Sotelo,TF 17-1 3:30,TF 18-0 3:28,TF 17-1 3:30 | TF 18-0 3:28
2025,added,03/09/2025,2025 Ivy League Wrestling Tournament,Sulayman Bah (Columbia),Marcello Milani (Cornell),Marcello Milani,Dec 5-2,SV-3 4-1,Dec 5-2 | SV-3 4-1
2025,added,03/02/2025,Zingo Nationals (The Open),Nick Corday (Michigan State),Ejiro Montoya (Franklin & Marshall),Nick Corday,Dec 4-1,Dec 4-2,Dec 4-1 | Dec 4-2
2025,added,11/03/2024,Battle at the Citadel,Christian Gill (NC State),Ben Monn (George Mason),Christian Gill,Dec 5-0,Dec 3-2,Dec 3-2 | Dec 5-0
2025,added,12/30/2024,2024 Midlands Championships,Jacob Moran (Indiana),Diego Sotelo (Harvard),Diego Sotelo,SV-1 4-1,Dec 6-3,Dec 6-3 | SV-1 4-1
2025,added,12/30/2024,Soldier Salute,Nick Treaster (Navy),Dru Ayala (Iowa),Nick Treaster,Dec 4-3,Dec 4-1,Dec 4-1 | Dec 4-3
2025,added,12/30/2024,Soldier Salute,Kody Tanimoto (North Dakota State),Keyan Hernandez (Iowa),Kody Tanimoto,Inj. 2:46,Inj. 0:00,Inj. 0:00 | Inj. 2:46
2025,added,01/26/2025,vs. Kent State,Robert Sagaris (LIU),Tyeler Hagensen (Kent State),Robert Sagaris,SV-1 6-5,Dec 6-5,Dec 6-5 | SV-1 6-5
2025,added,12/30/2024,Soldier Salute,Daniel Guanajuato (South Dakota State),Nick Treaster (Navy),Daniel Guanajuato,Dec 11-6,Dec 9-5,Dec 11-6 | Dec 9-5
2025,added,12/30/2024,Soldier Salute,Kenton Cooke (South Dakota State),Trayce Eckman (Bellarmine),Trayce Eckman,MD 15-3,MD 9-0,MD 15-3 | MD 9-0
2025,added,11/24/2024,Big Red Invitational,Anthony Samuels (Sacred Heart),Jack Kazalas (Binghamton),Jack Kazalas,Fall 1:51,Fall 1:42,Fall 1:42 | Fall 1:51
2025,added,03/09/2025,2025 Ivy League Wrestling Tournament,Connor Smith (Columbia),Hunter Adrian (Brown),Hunter Adrian,TF 19-3 6:47,TF 18-3 7:00,TF 18-3 7:00 | TF 19-3 6:47
2025,added,12/30/2024,2024 Midlands Championships,Sean Spidle (Central Michigan),Massey Odiotti (Northwestern),Sean Spidle,MD 14-4,MD 12-0,MD 12-0 | MD 14-4
2025,added,01/04/2025,Bobby Kauffman Open,Geoffrey Whelan (George Mason),Landon Bainey (Edinboro),Landon Bainey,Dec 2-0,Dec 3-1,Dec 2-0 | Dec 3-1
2025,added,03/09/2025,2025 Big Ten Wrestling Championships,Andrew Hampton (Michigan State),Massey Odiotti (Northwestern),Andrew Hampton,Dec 2-0,Dec 7-3,Dec 2-0 | Dec 7-3
2025,added,11/12/2024,Mountaineer Invitational,Derek Guanajuato (North Carolina),Jager Eisch (Minnesota),Derek Guanajuato,SV-3 4-1,Dec 4-3,Dec 4-3 | SV-3 4-1
2025,added,02/16/2025,JCU Open,Brycen Arbogast (West Virginia),Landon Bainey (Edinboro),Landon Bainey,Dec 4-0,Dec 8-2,Dec 4-0 | Dec 8-2
2025,added,01/05/2025,Southern Scuffle,AJ Rallo (Bellarmine),braden basile (Army West Point),braden basile,SV-3 4-1,Dec 7-6,Dec 7-6 | SV-3 4-1
2025,added,11/09/2024,2024 Michigan State Open,Joey Buttler (Indiana),Kellan Aure (Central Michigan),Joey Buttler,Dec 4-2,Dec 6-3,Dec 4-2 | Dec 6-3
2025,added,11/09/2024,2024 Michigan State Open,Cole Solomey (Purdue),Colin Kacena (Central Michigan),Cole Solomey,Dec 7-3,Dec 4-1,Dec 4-1 | Dec 7-3
2025,added,03/09/2025,2025 ACC Wrestling Championships,Troy Hohman (NC State),Jayden Scott (North Carolina),Jayden Scott,Dec 4-1,Dec 2-1,Dec 2-1 | Dec 4-1
2025,added,03/22/2025,2025 NCAA Division I Championships,Josh Koderhandt (Navy),Cael Happel (Northern Iowa),Cael Happel,Dec 7-2,TB-1 2-1,Dec 7-2 | TB-1 2-1
2025,added,03/09/2025,2025 ACC Wrestling Championships,Briar Priest (Pittsburgh),Jason Miranda (Stanford),Jason Miranda,Dec 6-3,SV-1 9-2,Dec 6-3 | SV-1 9-2
2025,added,11/24/2024,Roadrunner Open,Hunter Hollingsworth (Oklahoma),Noah Tolentino (Oregon State),Noah Tolentino,Dec 2-1,Dec 5-2,Dec 2-1 | Dec 5-2
2025,added,01/04/2025,Bobby Kauffman Open,Braden Bower (Bucknell),Colin Roberts (Edinboro),Colin Roberts,SV-3 8-5,Dec 7-4,Dec 7-4 | SV-3 8-5
2025,added,11/12/2024,Mountaineer Invitational,Anderson Heap (Davidson),Theodore Cha (Minnesota),Theodore Cha,Dec 5-3,Dec 4-2,Dec 4-2 | Dec 5-3
2025,added,03/08/2025,EIWA,Josh Hillard (Franklin & Marshall),Dominic Findora (Drexel),Dominic Findora,MD 9-0,MD 11-0,MD 11-0 | MD 9-0
2025,added,02/08/2025,Messiah Open,Josh Hillard (Franklin & Marshall),Deon Pleasant (Drexel),Josh Hillard,Dec 12-5,Dec 9-2,Dec 12-5 | Dec 9-2
2025,added,03/09/2025,2025 Big Ten Wrestling Championships,Dylan Gilcher (Michigan),Kal Miller (Maryland),Kal Miller,SV-1 4-1,Dec 2-1,Dec 2-1 | SV-1 4-1
2025,added,03/09/2025,2025 ACC Wrestling Championships,Koy Buesgens (NC State),Jack Gioffre (Virginia),Koy Buesgens,SV-1 4-1,Dec 4-1,Dec 4-1 | SV-1 4-1
2025,added,03/22/2025,2025 NCAA Division I Championships,Gavin Drexler (North Dakota State),Sammy Alvarez (Rider),Sammy Alvarez,SV-1 9-6,Dec 4-2,Dec 4-2 | SV-1 9-6
2025,added,11/12/2024,Mountaineer Invitational,Laird Root (North Carolina),Jeremiah Price (Appalachian State),Jeremiah Price,Dec 5-4,Dec 9-8,Dec 5-4 | Dec 9-8
2025,added,02/01/2025,Edinboro Open,Terry Langley (West Virginia),Ryan Burgos (Edinboro),Ryan Burgos,Dec 3-0,Dec 7-1,Dec 3-0 | Dec 7-1
2025,added,03/09/2025,2025 Ivy League Wrestling Tournament,jacob mann (Princeton),James Harrington (Harvard),James Harrington,Fall 1:14,Fall 1:09,Fall 1:09 | Fall 1:14
2025,added,03/08/2025,EIWA,Jurius Clark (Hofstra),Felix Lettini (Sacred Heart),Jurius Clark,Dec 7-6,TB-2 (RT) 2-1,Dec 7-6 | TB-2 (RT) 2-1
2025,added,03/09/2025,2025 Big Ten Wrestling Championships,Luke Mechler (Wisconsin),Ryan Garvick (Indiana),Luke Mechler,Dec 6-4,Dec 2-1,Dec 2-1 | Dec 6-4
2025,added,12/30/2024,2024 Midlands Championships,Jude Swisher (Pennsylvania),Logan Rozynski (Lehigh),Jude Swisher,SV-1 4-1,Dec 4-1,Dec 4-1 | SV-1 4-1
2025,added,11/09/2024,2024 Michigan State Open,Chase Saldate (Michigan),Brock Herman (Ohio State),Chase Saldate,Dec 9-3,Dec 4-3,Dec 4-3 | Dec 9-3
2025,added,03/09/2025,2025 Big Ten Wrestling Championships,Antrell Taylor (Nebraska),Joey Blaze (Purdue),Joey Blaze,TB-1 3-2,Dec 4-3,Dec 4-3 | TB-1 3-2
2025,added,03/09/2025,2025 Big Ten Wrestling Championships,Conner Harer (Rutgers),Trevor Chumbley (Northwestern),Conner Harer,TB-2 (RT) 2-1,Dec 7-0,Dec 7-0 | TB-2 (RT) 2-1
2025,added,11/09/2024,2024 Michigan State Open,Luke Mechler (Wisconsin),Caleb Fish (Oklahoma State),Caleb Fish,Dec 4-1,Dec 5-3,Dec 4-1 | Dec 5-3
2025,added,01/05/2025,Southern Scuffle,Hayden Watson (The Citadel),NIck Sanko (Virginia),NIck Sanko,MD 11-2,MD 10-2,MD 10-2 | MD 11-2
2025,added,03/07/2025,2025 Southern Conference Championships,Domonic Baker (Campbell),Jackson Hurst (Chattanooga),Domonic Baker,SV-1 8-5,Dec 2-0,Dec 2-0 | SV-1 8-5
2025,added,02/16/2025,JCU Open,Connor Holm (Cleveland State),Duke Myers (Michigan State),Connor Holm,Dec 5-0,Dec 6-3,Dec 5-0 | Dec 6-3
2025,added,12/20/2024,Sheridan invite,Thayne Lawrence (Lehigh),Domenic D`Agostino (Drexel),Thayne Lawrence,Dec 9-3,Dec 10-5,Dec 10-5 | Dec 9-3
2025,added,01/19/2025,Cyclone Open,Jagger Condomitti (Nebraska),Gabe Carver (Iowa State),Jagger Condomitti,MD 11-1,MD 9-1,MD 11-1 | MD 9-1
2025,added,03/09/2025,2025 Big 12 Championships,Terrell Barraclough (Utah Valley),Aiden Riggins (Iowa State),Terrell Barraclough,Dec 1-0,Dec 2-0,Dec 1-0 | Dec 2-0
2025,added,11/09/2024,2024 Michigan State Open,Colin Young (Oklahoma State),Hunter Andel (Kent State),Colin Young,Dec 8-2,Dec 8-5,Dec 8-2 | Dec 8-5
2025,added,11/09/2024,Tiger Style Invite,Stoney Buell (Purdue),Gunner Holland (Little Rock),Stoney Buell,Dec 10-7,Dec 12-7,Dec 10-7 | Dec 12-7
2025,added,03/09/2025,2025 Big Ten Wrestling Championships,Stoney Buell (Purdue),Jay Nivison (Michigan State),Stoney Buell,SV-1 4-1,SV-1 8-5,SV-1 4-1 | SV-1 8-5
2025,added,11/09/2024,Bison Open,Marcus Espinoza-Owens (South Dakota State),Boeden Greenley (North Dakota State),Marcus Espinoza-Owens,Dec 4-2,Dec 9-4,Dec 4-2 | Dec 9-4
2025,added,11/09/2024,Bison Open,Marcus Espinoza-Owens (South Dakota State),dante hutchings (North Dakota State),Marcus Espinoza-Owens,Dec 7-3,Dec 5-3,Dec 5-3 | Dec 7-3
2025,added,03/07/2025,2025 Southern Conference Championships,Riley Augustine (Campbell),Benjy Haubert (The Citadel),Riley Augustine,Dec 11-8,Dec 4-2,Dec 11-8 | Dec 4-2
2025,added,11/24/2024,Black Knight Invite,Ceasar Garza (Michigan State),Jack McGill (Columbia),Ceasar Garza,Dec 4-2,Dec 9-4,Dec 4-2 | Dec 9-4
2025,added,03/22/2025,2025 NCAA Division I Championships,Cade DeVos (South Dakota State),Simon Ruiz (Cornell),Simon Ruiz,Dec 2-1,Dec 4-3,Dec 2-1 | Dec 4-3
2025,added,01/04/2025,Bobby Kauffman Open,Jacob Zearfoss (Rider),Brody Evans (Edinboro),Brody Evans,Dec 5-1,Dec 8-2,Dec 5-1 | Dec 8-2
2025,added,03/09/2025,2025 Big Ten Wrestling Championships,Carson Kharchla (Ohio State),Dan Braunagel (Illinois),Dan Braunagel,Dec 4-1,Dec 10-7,Dec 10-7 | Dec 4-1
2025,added,12/30/2024,Soldier Salute,Owen Helgeson (Iowa State),Quayin Short (Wyoming),Quayin Short,TF 18-3 3:30,TF 17-2 6:46,TF 17-2 6:46 | TF 18-3 3:30
2025,added,12/20/2024,Kent State Open,Hunter Andel (Kent State),Tommy Bennett (Northern Illinois),Tommy Bennett,Dec 10-3,SV-3 4-1,Dec 10-3 | SV-3 4-1
2025,added,03/08/2025,2025 MAC Wrestling Championships,Michael Wilson (Rider),Avery Bassett (Lock Haven),Avery Bassett,Dec 10-4,Dec 12-11,Dec 10-4 | Dec 12-11
2025,added,03/09/2025,2025 Big 12 Championships,Cade DeVos (South Dakota State),Jared Simma (Northern Iowa),Cade DeVos,Dec 9-4,Dec 5-1,Dec 5-1 | Dec 9-4
2025,added,01/10/2025,Dave Lehman F&M Open,Dominic Solis (Maryland),Gage Musser (Air Force),Gage Musser,Dec 5-4,SV-3 4-1,Dec 5-4 | SV-3 4-1
2025,added,03/08/2025,2025 MAC Wrestling Championships,Marcus Petite (Buffalo),Jeremy Olszko (Ohio),Jeremy Olszko,Dec 4-1,SV-1 5-2,Dec 4-1 | SV-1 5-2
2025,added,12/30/2024,2024 Midlands Championships,Donnell Washington (Indiana),Ian Bush (West Virginia),Ian Bush,Dec 8-1,Dec 21-18,Dec 21-18 | Dec 8-1
2025,added,11/09/2024,Tiger Style Invite,James Rowley (Purdue),Triston Wills (Little Rock),James Rowley,Dec 8-1,SV-1 8-5,Dec 8-1 | SV-1 8-5
2025,added,03/09/2025,2025 Big Ten Wrestling Championships,Lucas Daly (Michigan State),Orlando Cruz (Purdue),Lucas Daly,SV-1 10-7,Dec 5-4,Dec 5-4 | SV-1 10-7
2025,added,03/09/2025,2025 Big Ten Wrestling Championships,Dylan Russo (Wisconsin),Jon Halvorsen (Northwestern),Jon Halvorsen,Dec 8-1,Dec 4-0,Dec 4-0 | Dec 8-1
2025,added,03/09/2025,2025 Big 12 Championships,Bennett Berge (South Dakota State),Eddie Neitenbach (Wyoming),Bennett Berge,MD 12-1,MD 8-0,MD 12-1 | MD 8-0
2025,added,03/09/2025,2025 Ivy League Wrestling Tournament,Joseph Curtis (Columbia),Nathan Taylor (Pennsylvania),Joseph Curtis,Dec 4-0,Dec 8-1,Dec 4-0 | Dec 8-1
2025,added,03/09/2025,2025 Big Ten Wrestling Championships,Zac Braunagel (Illinois),Isaiah Salazar (Minnesota),Zac Braunagel,SV-1 4-1,Dec 10-4,Dec 10-4 | SV-1 4-1
2025,added,12/07/2024,Cliff Keen Las Vegas Collegiate Wrestling Invitational,Christian Carroll (Iowa State),Wyatt Voelker (Northern Iowa),Christian Carroll,Dec 10-9,Dec 6-1,Dec 10-9 | Dec 6-1
2025,added,03/09/2025,2025 Big 12 Championships,Zach Glazier (South Dakota State),Ian Bush (West Virginia),Zach Glazier,Dec 4-3,Dec 4-2,Dec 4-2 | Dec 4-3
2025,added,03/09/2025,2025 ACC Wrestling Championships,Andy Smith (Virginia Tech),Steven Burrell Jr. (Virginia),Andy Smith,Dec 4-2,Dec 8-2,Dec 4-2 | Dec 8-2
2025,added,11/17/2024,Warren Williamson Daktronics Invitational,Shilo Jones (North Dakota State),Antonio Ramos (Air Force),Antonio Ramos,Dec 4-2,TB-2 (RT) 8-4,Dec 4-2 | TB-2 (RT) 8-4
2025,added,01/05/2025,Southern Scuffle,Hunter Catka (Virginia Tech),Brady Colbert (Army West Point),Brady Colbert,Dec 4-2,Dec 4-1,Dec 4-1 | Dec 4-2
2025,added,11/24/2024,Black Knight Invite,Vincent Mueller (Columbia),Lucas Stoddard (Army West Point),Lucas Stoddard,Dec 9-5,Dec 6-0,Dec 6-0 | Dec 9-5
2025,added,03/08/2025,EIWA,Christopher Powell (LIU),Logan Shephard (Bucknell),Logan Shephard,Dec 1-0,SV-3 8-5,Dec 1-0 | SV-3 8-5
2025,added,03/02/2025,Zingo Nationals (The Open),Quincy Long (Franklin & Marshall),Lucas Thomas (Clarion),Lucas Thomas,Fall 5:50,Fall 4:01,Fall 4:01 | Fall 5:50
2025,added,02/16/2025,JCU Open,Austin Jordan (Michigan),Shane Cook (Cleveland State),Shane Cook,Dec 4-1,Dec 4-1,Dec 4-1
2025,added,02/01/2025,Edinboro Open,Aiden Compton (Cornell),Kade Sottolano (Edinboro),Aiden Compton,Dec 4-0,Dec 2-1,Dec 2-1 | Dec 4-0
2025,added,11/24/2024,2024 PRTC Keystone Classic,Parker Ferrell (Virginia Tech),Kade Sottolano (Edinboro),Kade Sottolano,Dec 7-3,Dec 6-0,Dec 6-0 | Dec 7-3
2025,added,03/09/2025,2025 Big Ten Wrestling Championships,Nick Feldman (Ohio State),Luke Luffman (Illinois),Nick Feldman,Dec 7-2,Dec 4-3,Dec 4-3 | Dec 7-2
2025,added,12/30/2024,2024 Midlands Championships,Max Vanadia (Michigan State),Peter Ming (Stanford),Peter Ming,MD 14-6,MD 10-0,MD 10-0 | MD 14-6
2025,added,02/23/2025,Cowboy Shoot Out,Elijah Stafford (Utah Valley),Lane Catlin (Wyoming),Lane Catlin,Dec 6-4,Dec 11-4 | MD 11-3,Dec 11-4 | Dec 6-4 | MD 11-3
2026,added,11/08/2025,Michigan State Open,Damian Moreno (Arizona State),Tyeler Hagensen (Kent State),Damian Moreno,Dec 8-5,Dec 9-3,Dec 8-5 | Dec 9-3
2026,added,01/04/2026,Southern Scuffle,Charlie Farmer (Army West Point),Greg Diakomihalis (Cornell),Greg Diakomihalis,Dec 7-2,Dec 4-2,Dec 4-2 | Dec 7-2
2026,added,11/23/2025,Mountaineer Open,Easton Cooper (Chattanooga),Brayden Teunissen (Ohio),Brayden Teunissen,Dec 7-4,Dec 4-1,Dec 4-1 | Dec 7-4
2026,added,12/07/2025,A Better Way Athletics Patriot Open,Dale O’Blia (Princeton),Oumar Tounkara (Drexel),Oumar Tounkara,Dec 5-3,Dec 14-7,Dec 14-7 | Dec 5-3
2026,added,03/08/2026,2026 Big Ten Wrestling Championships,Diego Sotelo (Michigan),Dean Peterson (Iowa),Dean Peterson,Dec 5-2,Dec 6-2,Dec 5-2 | Dec 6-2
2026,added,11/15/2025,vs. Virginia Tech,Eddie Ventresca (Virginia Tech),Jore Volk (Minnesota),Jore Volk,TB-1 3-1,Dec 4-2,Dec 4-2 | TB-1 3-1
2026,added,03/21/2026,2026 NCAA Division I Championships,Vincent Robinson (NC State),Troy Spratley (Oklahoma State),Vincent Robinson,TB-1 3-2,Dec 8-5,Dec 8-5 | TB-1 3-2
2026,added,12/30/2025,Midlands Championships,Matt Marlow (Pittsburgh),Vinny Kilkeary (Ohio State),Matt Marlow,SV-1 4-1,Dec 6-2,Dec 6-2 | SV-1 4-1
2026,added,03/07/2026,2026 Big 12 Championships,Brady Roark (South Dakota State),Conrad Hendriksen (Oklahoma),Conrad Hendriksen,Dec 3-1,Dec 7-3,Dec 3-1 | Dec 7-3
2026,added,11/09/2025,Tiger Style Invite,Daniel Guanajuato (South Dakota State),Isaiah Quintero (Purdue),Daniel Guanajuato,Dec 5-4,Dec 8-5,Dec 5-4 | Dec 8-5
2026,added,11/23/2025,Mountaineer Open,Marco Tocci (North Carolina),Jarvis Little (Appalachian State),Jarvis Little,Dec 7-3,Dec 4-3,Dec 4-3 | Dec 7-3
2026,added,02/22/2026,California Last Chance Open,Caleb Rivas (Cal Poly),Caleb McElroy (CSU Bakersfield),Caleb Rivas,Dec 4-2,SV-1 4-1,Dec 4-2 | Dec 9-8 | SV-1 4-1
2026,added,02/22/2026,California Last Chance Open,Caleb Rivas (Cal Poly),Caleb McElroy (CSU Bakersfield),Caleb Rivas,Dec 9-8,SV-1 4-1,Dec 4-2 | Dec 9-8 | SV-1 4-1
2026,added,12/06/2025,43rd Annual Cliff Keen Las Vegas Collegiate Wrestling Invitational,Dillon Campbell (Virginia Tech),Tyler Ferrara (Cornell),Dillon Campbell,Dec 1-0,Dec 8-1,Dec 1-0 | Dec 8-1
2026,added,03/08/2026,2026 Big Ten Wrestling Championships,Blake Boarman (Purdue),Lucas Byrd (Illinois),Lucas Byrd,Dec 5-2,Dec 7-3,Dec 5-2 | Dec 7-3
2026,added,03/08/2026,2026 Big Ten Wrestling Championships,Gauge Botero (Michigan),Blaine Frazier (Indiana),Gauge Botero,Dec 5-1,Dec 10-4,Dec 10-4 | Dec 5-1
2026,added,03/08/2026,2026 Big Ten Wrestling Championships,Zan Fugitt (Wisconsin),Drake Ayala (Iowa),Drake Ayala,Dec 4-2,Dec 10-3,Dec 10-3 | Dec 4-2
2026,added,03/08/2026,2026 Big Ten Wrestling Championships,Dylan Shawver (Rutgers),Braxton Brown (Maryland),Dylan Shawver,SV-1 4-1,TB-3 (RT) 2-2,SV-1 4-1 | TB-3 (RT) 2-2
2026,added,12/07/2025,Cougar Clash,Porter Matecki (SIU Edwardsville),Boogie Harris (Missouri),Porter Matecki,Dec 5-2,Dec 1-0,Dec 1-0 | Dec 5-2
2026,added,03/07/2026,2026 Big 12 Championships,Gunner Andrick (West Virginia),Julian Farber (Northern Iowa),Julian Farber,Dec 5-3,Dec 2-1,Dec 2-1 | Dec 5-3
2026,added,11/09/2025,Tiger Style Invite,Logan Swensen (South Dakota State),Kaden Smith (Oklahoma),Logan Swensen,Dec 6-1,Dec 4-1,Dec 4-1 | Dec 6-1
2026,added,12/06/2025,43rd Annual Cliff Keen Las Vegas Collegiate Wrestling Invitational,Nash Singleton (Oregon State),Lorenzo Frezza (Columbia),Nash Singleton,Dec 4-2,Dec 8-5,Dec 4-2 | Dec 8-5
2026,added,03/08/2026,2026 Ivy League Wrestling Tournament,Lorenzo Frezza (Columbia),Matthew Martino (Princeton),Matthew Martino,Dec 10-3,SV-3 8-5,Dec 10-3 | SV-3 8-5
2026,added,02/14/2026,Messiah Open,Brayden Hartranft (Franklin & Marshall),Jackson Palzet (George Mason),Brayden Hartranft,Dec 8-6,Dec 4-2,Dec 4-2 | Dec 8-6
2026,added,01/04/2026,2026 Soldier Salute,Caedyn Ricciardi (Navy),Kale Petersen (Iowa),Kale Petersen,Dec 4-2,Dec 7-2,Dec 4-2 | Dec 7-2
2026,added,11/15/2025,vs. Virginia Tech,Tom Crook (Virginia Tech),Vance Vombaur (Minnesota),Vance Vombaur,Dec 5-4,Dec 4-1,Dec 4-1 | Dec 5-4
2026,added,03/08/2026,2026 ACC Wrestling Championships,Ryan Jack (NC State),Gable Porter (Virginia),Ryan Jack,SV-1 4-1,Dec 9-3,Dec 9-3 | SV-1 4-1
2026,added,12/07/2025,MSU Moorhead Dragon Open,Aidan Wells (North Dakota State),Parker Janssen (South Dakota State),Parker Janssen,Dec 4-3,Dec 7-1,Dec 4-3 | Dec 7-1
2026,added,11/08/2025,Michigan State Open,Jabari Hinson (Arizona State),Silas Stits (Kent State),Silas Stits,Dec 6-2,Dec 6-4,Dec 6-2 | Dec 6-4
2026,added,11/23/2025,Mountaineer Open,Carson Weber (Ohio),Brayden Fahrbach (Appalachian State),Brayden Fahrbach,Dec 5-3,SV-3 9-6,Dec 5-3 | SV-3 9-6
2026,added,11/02/2025,Princeton Open,Ryan Franco (Army West Point),Noah Tolentino (Oregon State),Noah Tolentino,Dec 5-2,Dec 7-4,Dec 5-2 | Dec 7-4
2026,added,03/08/2026,2026 Ivy League Wrestling Tournament,Eligh Rivera (Princeton),Austin McBurney (Brown),Eligh Rivera,Dec 10-4,Dec 8-2,Dec 10-4 | Dec 8-2
2026,added,12/07/2025,Cougar Clash,Donavon Allen (SIU Edwardsville),Eli Carr (Brown),Donavon Allen,MD 15-5,MD 14-0,MD 14-0 | MD 15-5
2026,added,12/20/2025,Kent State Open 2,Matt Smith (Clarion),Gaven Suica (Edinboro),Matt Smith,Dec 8-1,Dec 8-3,Dec 8-1 | Dec 8-3
2026,added,01/04/2026,Bobby Kauffman,TJ Langley (West Virginia),Cheaney Schoeff (Edinboro),TJ Langley,Dec 4-2,SV-3 8-5,Dec 4-2 | SV-3 8-5
2026,added,02/14/2026,JCU Open (Men),Aidan Rush (Kent State),Dominic ferraro (Edinboro),Dominic ferraro,Fall 1:00,Fall 2:45,Fall 1:00 | Fall 2:45
2026,added,03/07/2026,EIWA Championship,Pat Phillips (Franklin & Marshall),Alex Turley (Hofstra),Pat Phillips,SV-3 4-1,SV-3 9-6,SV-3 4-1 | SV-3 9-6
2026,added,01/04/2026,2026 Soldier Salute,Patrick Jordon (VMI),Kael Voinovich (Iowa),Kael Voinovich,Dec 4-2,Dec 9-5,Dec 4-2 | Dec 9-5
2026,added,03/08/2026,2026 Big Ten Wrestling Championships,Lachlan McNeil (Michigan),Carter Young (Maryland),Lachlan McNeil,Dec 1-0,Dec 5-3,Dec 1-0 | Dec 5-3
2026,added,01/04/2026,2026 Soldier Salute Extra Matches,zytavius Williams (North Dakota State),Scott Robertson (Nebraska),zytavius Williams,Dec 9-8,Dec 6-3,Dec 6-3 | Dec 9-8
2026,added,03/21/2026,2026 NCAA Division I Championships,Collin Gaj (Virginia Tech),Chance Lamer (Nebraska),Chance Lamer,Dec 4-2,Dec 3-1,Dec 3-1 | Dec 4-2
2026,added,11/30/2025,Lock Haven Open I,Charlie Evans (Navy),Kaden Milheim (American),Charlie Evans,Dec 5-2,Dec 9-7,Dec 5-2 | Dec 9-7
2026,added,12/07/2025,Cougar Clash,Dominic Frontino (Brown),RJ Weston (Northern Iowa),RJ Weston,Dec 4-1,Dec 11-4,Dec 11-4 | Dec 4-1
2026,added,11/08/2025,Michigan State Open,Aiden Davis (Bucknell),Seth Larson (Central Michigan),Aiden Davis,Dec 5-2,Dec 8-4,Dec 5-2 | Dec 8-4
2026,added,01/11/2026,Rockwell UVU Open,Jagger French (Cal Poly),Tanner Frothinger (Utah Valley),Jagger French,Dec 7-3,Dec 10-3,Dec 10-3 | Dec 7-3
2026,added,01/31/2026,Loras Open,Kane Naaktgeboren (Iowa State),Austin Paradice (Northern Iowa),Austin Paradice,Dec 2-1,Dec 5-1,Dec 2-1 | Dec 5-1
2026,added,01/24/2026,Bloomsburg Open,Easton Doster (Rutgers),Garrett Reece (Maryland),Easton Doster,Dec 4-1,Dec 15-12,Dec 15-12 | Dec 4-1
2026,added,11/09/2025,Bison Open 2025,Dez Garterell (Nebraska),Zach Ballante (South Dakota State),Dez Garterell,Dec 6-5,Dec 4-2,Dec 4-2 | Dec 6-5
2026,added,03/08/2026,2026 ACC Wrestling Championships,Laird Root (North Carolina),Colton Washleski (Virginia),Colton Washleski,Dec 4-2,TB-1 4-1,Dec 4-2 | TB-1 4-1
2026,added,11/22/2025,Younes Hospitality Open,Daishun Powe (Northern Colorado),RJ Weston (Northern Iowa),Daishun Powe,Dec 4-2,Dec 9-4,Dec 4-2 | Dec 9-4
2026,added,03/21/2026,2026 NCAA Division I Championships,PJ Duke (Penn State),Brandon Cannon (Ohio State),PJ Duke,TF 20-4 6:38,TF 21-5 5:24,TF 20-4 6:38 | TF 21-5 5:24
2026,added,03/21/2026,2026 NCAA Division I Championships,Cesar Alvan (Columbia),Nicco Ruiz (Arizona State),Cesar Alvan,Dec 7-2,Dec 4-2,Dec 4-2 | Dec 7-2
2026,added,01/18/2026,Cyclone Open,Israel Ibarra (Arizona State),Cody Wagner (Little Rock),Israel Ibarra,Dec 7-4,Dec 4-1,Dec 4-1 | Dec 7-4
2026,added,11/15/2025,Findlay Open,Pat Downing (Ohio State),Chase Leech (Indiana),Chase Leech,SV-1 4-1,SV-1 4-1,SV-1 4-1
2026,added,03/08/2026,2026 MAC Wrestling Championships,Nick Kunstek (Lock Haven),Brock Woodcock (SIU Edwardsville),Brock Woodcock,MD 8-0,MD 10-0,MD 10-0 | MD 8-0
2026,added,03/08/2026,2026 Big Ten Wrestling Championships,Jack Conley (Michigan State),Jacob Bostelman (Northwestern),Jack Conley,Dec 4-1,Dec 4-2,Dec 4-1 | Dec 4-2
2026,added,11/09/2025,Bison Open 2025,Boeden Greenley (North Dakota State),Bryce Burkett (Oklahoma),Boeden Greenley,SV-1 4-1,TB-2 (RT) 3-2,SV-1 4-1 | TB-2 (RT) 3-2
2026,added,11/23/2025,Roadrunner Open,Graham Gambrall (Oregon State),Cash Stewart (Cal Poly),Cash Stewart,Dec 4-1,Dec 4-2,Dec 4-1 | Dec 4-2
2026,added,12/30/2025,Midlands Championships,Sergio Desiante (Virginia Tech),Cash Stewart (Cal Poly),Sergio Desiante,MD 12-4,MD 14-6,MD 12-4 | MD 14-6
2026,added,11/08/2025,Michigan State Open,Connor Owens (Michigan),Mason Alessio (Central Michigan),Connor Owens,Dec 8-5,Dec 6-5,Dec 6-5 | Dec 8-5
2026,added,01/31/2026,Edinboro Open,Brayden Gautreau (Central Michigan),Sam Beckett (Penn State),Sam Beckett,SV-3 5-4,Dec 7-1,Dec 7-1 | SV-3 5-4
2026,added,01/24/2026,Bloomsburg Open,Sean Degl (Penn State),Oliver Howard (Columbia),Oliver Howard,Dec 2-0,Dec 4-0,Dec 2-0 | Dec 4-0
2026,added,03/08/2026,2026 Ivy League Wrestling Tournament,Caden Bellis (Penn),Haden Bottiglieri (Harvard),Caden Bellis,Dec 6-3,Dec 6-4,Dec 6-3 | Dec 6-4
2026,added,12/07/2025,Cougar Clash,Dominic Lopez (SIU Edwardsville),Colin Kelly (Illinois),Colin Kelly,Dec 5-1,Dec 4-2,Dec 4-2 | Dec 5-1
2026,added,03/21/2026,2026 NCAA Division I Championships,Carson Kharchla (Ohio State),Patrick Kennedy (Iowa),Patrick Kennedy,Dec 9-6,TB-1 2-1,Dec 9-6 | TB-1 2-1
2026,added,12/06/2025,43rd Annual Cliff Keen Las Vegas Collegiate Wrestling Invitational,Beau Mantanona (Michigan),Moses Espinoza-Owens (South Dakota State),Moses Espinoza-Owens,Dec 5-4,Dec 6-3,Dec 5-4 | Dec 6-3
2026,added,11/23/2025,Keystone Classic,Caden Bellis (Penn),Connor O`Neill (Michigan State),Connor O`Neill,Dec 7-2,Dec 4-1,Dec 4-1 | Dec 7-2
2026,added,03/08/2026,2026 Big Ten Wrestling Championships,Luke Condon (Wisconsin),Connor O`Neill (Michigan State),Luke Condon,SV-1 4-1,Dec 8-6,Dec 8-6 | SV-1 4-1
2026,added,01/18/2026,Cyclone Open,Peyton Westpfahl (Missouri),Jed Wester (Minnesota),Peyton Westpfahl,Dec 4-1,Dec 4-3,Dec 4-1 | Dec 4-3
2026,added,03/21/2026,2026 NCAA Division I Championships,Danny Wask (Navy),Cam Steed (Missouri),Cam Steed,Dec 5-3,SV-1 9-2,Dec 5-3 | SV-1 9-2
2026,added,03/07/2026,EIWA Championship,Cooper Haase (Army West Point),Daniel Williams (Navy),Daniel Williams,Dec 4-3,Dec 4-0,Dec 4-0 | Dec 4-3
2026,added,02/22/2026,Patriots Last Chance Open,Will Ebert (Binghamton),Dom Baker (Virginia),Dom Baker,Dec 2-0,Dec 4-1,Dec 2-0 | Dec 4-1
2026,added,12/09/2025,vs. Bloomsburg,Ethan Ducca (Bloomsburg),Anthony D`alesio (LIU),Ethan Ducca,SV-1 4-1,Dec 4-1,Dec 4-1 | SV-1 4-1
2026,added,03/07/2026,EIWA Championship,Daniel Williams (Navy),Tyler Bienus (Bucknell),Daniel Williams,Dec 9-5,Dec 1-0,Dec 1-0 | Dec 9-5
2026,added,11/08/2025,Michigan State Open,Adrien Cramer (Central Michigan),Trent Thomas (Kent State),Trent Thomas,Dec 7-2,Dec 5-3,Dec 5-3 | Dec 7-2
2026,added,03/08/2026,2026 Big Ten Wrestling Championships,Brock Mantanona (Michigan),Chris Moore (Illinois),Brock Mantanona,SV-1 4-1,Dec 4-1,Dec 4-1 | SV-1 4-1
2026,added,12/06/2025,43rd Annual Cliff Keen Las Vegas Collegiate Wrestling Invitational,Sal Perrine (Ohio),Isaac Dean (Iowa State),Isaac Dean,TB-1 2-2,Dec 4-2,Dec 4-2 | TB-1 2-2
2026,added,03/08/2026,2026 MAC Wrestling Championships,Sam Gautreau (Lock Haven),Ian Smith (Northern Illinois),Sam Gautreau,TF 22-6 5:29,TF 17-2 4:13,TF 17-2 4:13 | TF 22-6 5:29
2026,added,03/08/2026,2026 Big Ten Wrestling Championships,Ryan Boucher (Michigan State),Sepanta Ahanj-Elias (Maryland),Sepanta Ahanj-Elias,SV-1 8-5,Dec 4-2,Dec 4-2 | SV-1 8-5
2026,added,11/15/2025,vs. Virginia Tech,Jaden Bullock (Virginia Tech),Max McEnelly (Minnesota),Max McEnelly,TF 22-5 6:05,TF 24-7 6:52,TF 22-5 6:05 | TF 24-7 6:52
2026,added,11/09/2025,Tiger Style Invite,Brock Fettig (South Dakota State),Logan Cole (Missouri),Brock Fettig,Dec 6-4,SV-1 5-2,Dec 6-4 | SV-1 5-2
2026,added,11/30/2025,Lock Haven Open I,Jonathan Sanchez (Navy),Dylan Newsome (Virginia),Dylan Newsome,MD 12-3,MD 15-2,MD 12-3 | MD 15-2
2026,added,03/08/2026,2026 Big Ten Wrestling Championships,Cale Anderson (Wisconsin),J.D. Perez (Northwestern),J.D. Perez,Dec 10-7,Dec 12-8,Dec 10-7 | Dec 12-8
2026,added,11/09/2025,Tiger Style Invite,Burk Blasius (South Dakota State),Anders Thompson (Oklahoma),Burk Blasius,Dec 5-4,Dec 6-5,Dec 5-4 | Dec 6-5
2026,added,11/02/2025,Southeast Open,Gunnar Garelli (Virginia Tech),Reed Douglass (Presbyterian),Gunnar Garelli,Dec 11-9,Dec 14-8,Dec 11-9 | Dec 14-8
2026,added,01/31/2026,Edinboro Open,Demond Harrison (Michigan State),Aidan Ysaguirre (Arizona State),Demond Harrison,Dec 4-3,Dec 14-7,Dec 14-7 | Dec 4-3
2026,added,03/07/2026,2026 Southern Conference Championship,Toby Schoffstall (VMI),Andrew Liber (Bellarmine),Andrew Liber,SV-3 10-3,Dec 5-4,Dec 5-4 | SV-3 10-3
2026,added,01/04/2026,Southern Scuffle,Andrew Reall (Brown),Branson John (Maryland),Branson John,Dec 5-2,SV-3 4-1,Dec 5-2 | SV-3 4-1
2026,added,11/08/2025,Michigan State Open,Luke Cochran (Central Michigan),Blake Schaffer (Kent State),Blake Schaffer,Dec 13-7,Dec 8-5,Dec 13-7 | Dec 8-5
2026,added,03/08/2026,2026 MAC Wrestling Championships,Nick Nosler (SIU Edwardsville),Brody Evans (Edinboro),Nick Nosler,Dec 5-3,Dec 11-10,Dec 11-10 | Dec 5-3
2026,added,03/08/2026,2026 Big Ten Wrestling Championships,Dylan Connell (Illinois),Gabe Arnold (Iowa),Gabe Arnold,SV-1 4-1,Dec 5-1,Dec 5-1 | SV-1 4-1
2026,added,01/18/2026,Cyclone Open,Rowan Udell (Iowa State),Charlie Heydorn (Illinois),Rowan Udell,Dec 4-1,Dec 4-2,Dec 4-1 | Dec 4-2
2026,added,12/30/2025,Midlands Championships,Brokton Borelli (Stanford),Gabe Sollars (Indiana),Gabe Sollars,MD 9-1,MD 14-2,MD 14-2 | MD 9-1
2026,added,03/07/2026,EIWA Championship,Zyan Hall (Navy),JT Davis (Lehigh),Zyan Hall,Dec 6-5,Dec 2-1,Dec 2-1 | Dec 6-5
2026,added,03/08/2026,2026 Big Ten Wrestling Championships,alex smith (Northwestern),Gavin Nelson (Minnesota),Gavin Nelson,Dec 5-2,Dec 4-3,Dec 4-3 | Dec 5-2
2026,added,11/02/2025,Southeast Open,Robert Platt (North Carolina),Silas Dailey (Minnesota),Silas Dailey,Dec 6-4,Dec 4-3,Dec 4-3 | Dec 6-4
2026,added,01/04/2026,2026 Soldier Salute,Zyan Hall (Navy),Robert Platt (North Carolina),Zyan Hall,Dec 9-3,Dec 8-1,Dec 8-1 | Dec 9-3
2026,added,12/07/2025,Cougar Clash,Tyler Perry (Northern Colorado),Nick Nosler (SIU Edwardsville),Tyler Perry,Dec 8-1,Dec 6-3,Dec 6-3 | Dec 8-1
2026,added,12/06/2025,43rd Annual Cliff Keen Las Vegas Collegiate Wrestling Invitational,Justin Rademacher (Oregon State),DJ Parker (Oklahoma),Justin Rademacher,SV-3 9-6,Dec 4-1,Dec 4-1 | SV-3 9-6
2026,added,11/16/2025,Army Open,BJ Russell (Army West Point),James Blackman (George Mason),James Blackman,Fall 1:37,Fall 0:48,Fall 0:48 | Fall 1:37
2026,added,01/18/2026,Purple Raider Open,Tyson Russell (Purdue),Jack MacDonald (Buffalo),Tyson Russell,Dec 8-3,Dec 10-3,Dec 10-3 | Dec 8-3
2026,added,03/07/2026,2026 Southern Conference Championship,Josh McCutchen (Gardner-Webb),Sawyer VanRider (Campbell),Sawyer VanRider,Dec 8-2,Dec 2-1,Dec 2-1 | Dec 8-2
2026,added,11/02/2025,Southeast Open,Parker Ferrell (Virginia Tech),James Blackman (George Mason),Parker Ferrell,Dec 11-6,Dec 4-0,Dec 11-6 | Dec 4-0
2026,added,03/08/2026,2026 Big Ten Wrestling Championships,Gabe Christenson (Northwestern),Joey Schneck (Maryland),Gabe Christenson,Dec 4-2,Dec 7-2,Dec 4-2 | Dec 7-2
2026,added,11/15/2025,vs. Virginia Tech,Jimmy Mullen (Virginia Tech),Bennett Tabor (Minnesota),Bennett Tabor,Dec 3-2,Dec 3-1,Dec 3-1 | Dec 3-2
2026,added,12/07/2025,Cougar Clash,Bryson Buhk (SIU Edwardsville),Jarrett Stoner (Missouri),Jarrett Stoner,Dec 2-0,Dec 7-5,Dec 2-0 | Dec 7-5
2026,added,01/18/2026,Cyclone Open,Drew Blackburn-Forst (North Dakota State),Sean Carroll (Northern Illinois),Sean Carroll,Dec 7-2,Dec 7-3,Dec 7-2 | Dec 7-3
2026,added,01/04/2026,Bobby Kauffman,Keagan Martin (Purdue),Elijah Hunter (West Virginia),Elijah Hunter,Dec 8-1,Dec 7-3,Dec 7-3 | Dec 8-1
